ZIP_CLEAN,population
00601,16721
00602,37510
00603,48317
00606,5435
00610,25413
00611,1522
00612,62462
00616,9836
00617,22699
00622,7950
00623,39005
00624,21374
00627,32753
00631,1357
00636,1071
00637,22884
00638,17410
00641,23962
00646,36099
00647,4611
00650,13457
00652,4492
00653,8665
00656,17815
00659,37203
00660,15439
00662,40705
00664,14816
00667,23116
00669,27534
00670,8553
00674,39288
00676,36836
00677,15432
00678,24848
00680,42817
00682,29939
00683,29431
00685,40323
00687,28534
00688,10985
00690,6275
00692,32717
00693,55725
00694,125
00698,32945
00703,24642
00704,6433
00705,24475
00707,10400
00714,15573
00715,2003
00716,27705
00717,14651
00718,23174
00719,29732
00720,20974
00723,15835
00725,76246
00727,53412
00728,37322
00729,47653
00730,31976
00731,10221
00735,11159
00736,45528
00738,29797
00739,34595
00740,1959
00741,3733
00745,47077
00751,19596
00754,36822
00757,19974
00765,8147
00766,21829
00767,30453
00769,33953
00771,35165
00772,16961
00773,17631
00775,1281
00777,37243
00778,40391
00780,13612
00782,18397
00783,34266
00784,35405
00786,135
00791,45912
00794,28450
00795,43212
00901,6762
00906,46
00907,15911
00909,5466
00911,7430
00912,6219
00913,6700
00915,24484
00917,18216
00918,16379
00920,16403
00921,34197
00923,24826
00924,47800
00925,4777
00926,93308
00927,13675
00934,80
00949,66714
00950,0
00951,399
00952,8488
00953,66475
00956,67050
00957,40357
00959,46409
00960,3340
00961,28891
00962,19213
00965,5886
00966,17715
00968,3488
00969,41619
00971,25499
00976,61306
00979,15597
00982,13839
00983,31583
00985,31783
00987,55039
01001,16136
01002,24726
01003,12458
01005,4786
01007,15406
01008,1324
01009,790
01010,3694
01011,1205
01012,387
01013,22950
01020,30230
01022,2045
01026,1005
01027,17678
01028,16283
01029,652
01030,12374
01031,1715
01032,503
01033,6088
01034,2100
01035,5299
01036,4937
01037,486
01038,2534
01039,1660
01040,37949
01050,2573
01053,2033
01054,1704
01056,20846
01057,8200
01060,15237
01062,9188
01063,2121
01066,115
01068,1623
01069,9077
01070,593
01071,1219
01072,1447
01073,6212
01074,749
01075,17410
01077,9222
01079,282
01080,2308
01081,1704
01082,10418
01083,2746
01084,101
01085,41466
01088,654
01089,28635
01092,1123
01093,149
01094,64
01095,14615
01096,2566
01097,45
01098,1019
01103,2336
01104,21745
01105,11469
01106,15961
01107,12270
01108,27409
01109,31418
01118,15009
01119,14059
01128,3252
01129,5993
01144,0
01151,9627
01201,45072
01220,8106
01222,611
01223,2588
01224,201
01225,3234
01226,6304
01229,213
01230,8813
01235,2456
01236,1593
01237,2269
01238,5893
01240,5024
01242,165
01243,196
01244,243
01245,828
01247,14967
01253,903
01254,962
01255,850
01256,733
01257,2331
01258,191
01259,778
01260,20
01262,1652
01264,184
01266,919
01267,7985
01270,1002
01301,17876
01330,1711
01331,13865
01337,2515
01338,79
01339,1361
01340,1807
01341,1605
01342,1313
01343,190
01344,1639
01346,453
01347,114
01349,753
01350,115
01351,2644
01354,1831
01355,963
01360,2875
01364,7668
01366,1173
01367,574
01368,1497
01370,3641
01373,4784
01375,3653
01376,5032
01378,861
01379,742
01380,32
01420,41677
01430,6450
01431,3188
01432,8124
01434,1889
01436,3720
01438,192
01440,21298
01450,11228
01451,5359
01452,4339
01453,43635
01460,10150
01462,11822
01463,11693
01464,7017
01468,4157
01469,6803
01473,8289
01474,2249
01475,10194
01501,16780
01503,3311
01504,9211
01505,4896
01506,3442
01507,13359
01510,15430
01515,2120
01516,9287
01518,2835
01519,7738
01520,16864
01521,2576
01522,3021
01523,8470
01524,6110
01525,0
01527,13899
01529,3156
01531,925
01532,15694
01534,6097
01535,4739
01536,7119
01537,1821
01540,11521
01541,3500
01542,2572
01543,9202
01545,38440
01550,17806
01560,4914
01561,0
01562,11961
01564,8111
01566,7054
01568,7926
01569,14127
01570,17674
01571,11886
01581,21591
01583,7516
01585,4942
01588,10357
01590,9287
01602,25791
01603,21034
01604,39988
01605,31086
01606,22269
01607,8755
01608,4951
01609,23184
01610,28719
01611,2401
01612,4996
01701,32270
01702,39761
01718,528
01719,5468
01720,23322
01721,18694
01730,14478
01731,1745
01740,5698
01741,5209
01742,18337
01745,660
01746,14964
01747,6024
01748,19050
01749,19959
01752,41398
01754,10663
01756,6266
01757,30473
01760,36520
01770,4404
01772,9781
01773,5257
01775,7109
01776,19067
01778,13915
01801,41205
01803,26068
01810,35608
01821,30203
01824,26628
01826,32373
01827,3375
01830,26685
01832,26065
01833,8380
01834,6747
01835,14637
01840,7092
01841,52761
01843,28444
01844,53015
01845,31881
01850,16983
01851,32308
01852,36700
01854,28808
01860,6707
01862,11703
01863,9592
01864,15634
01867,25474
01876,30962
01879,12435
01880,27258
01886,24584
01887,23195
01890,22862
01901,1934
01902,51680
01904,20103
01905,27188
01906,28599
01907,15279
01908,3328
01913,17277
01915,41656
01921,8229
01922,3791
01923,27778
01929,3605
01930,29862
01937,146
01938,13820
01940,13183
01944,5368
01945,20390
01949,9727
01950,18444
01951,2938
01952,9217
01960,53961
01965,752
01966,6977
01969,6214
01970,44115
01982,7646
01983,6535
01984,4930
01985,4536
02019,17160
02021,24459
02025,8358
02026,25109
02030,5893
02032,4914
02035,18516
02038,33067
02043,24185
02045,10098
02047,142
02048,23855
02050,25903
02052,12923
02053,13251
02054,8699
02056,11556
02061,11309
02062,31380
02066,18895
02067,18478
02071,1677
02072,29074
02081,19703
02090,16213
02093,12305
02108,4178
02109,3714
02110,2178
02111,8067
02113,6522
02114,13853
02115,28621
02116,22040
02118,28522
02119,26851
02120,15248
02121,28298
02122,23471
02124,55897
02125,33069
02126,25313
02127,36646
02128,44124
02129,19994
02130,41109
02131,31564
02132,27069
02133,80
02134,17637
02135,43683
02136,38071
02138,38077
02139,39609
02140,21361
02141,14677
02142,4349
02143,25161
02144,25009
02145,27929
02148,65509
02149,49236
02150,39444
02151,59949
02152,18807
02155,61276
02163,1852
02169,60928
02170,19685
02171,20513
02176,29488
02180,22986
02184,38762
02186,28716
02188,15396
02189,15231
02190,19029
02191,8130
02199,1253
02203,0
02205,0
02210,6554
02215,24054
02301,68608
02302,36472
02322,4753
02324,26022
02325,2647
02330,11645
02332,16110
02333,14420
02338,7734
02339,14800
02341,10466
02343,11267
02346,24360
02347,11732
02350,149
02351,17008
02356,12547
02357,1410
02359,18335
02360,62405
02364,13782
02366,251
02367,2934
02368,34736
02370,17709
02375,11205
02379,7682
02382,15215
02420,16287
02421,17798
02445,22568
02446,31109
02451,18153
02452,16173
02453,30314
02457,1886
02458,13308
02459,18604
02460,10033
02461,6717
02462,1459
02464,3730
02465,11297
02466,8553
02467,22325
02468,5901
02472,35317
02474,28283
02476,17732
02478,26966
02481,17262
02482,10758
02492,21481
02493,11443
02494,10578
02532,13180
02534,1284
02535,2393
02536,21100
02537,6486
02538,4556
02539,5212
02540,8354
02542,854
02543,810
02553,38
02554,14033
02556,2586
02557,1849
02558,1658
02559,2812
02561,260
02562,3698
02563,10315
02564,243
02568,8829
02571,10538
02575,2417
02576,4498
02584,23
02601,16066
02630,2539
02631,10189
02632,12217
02633,4536
02635,3673
02637,351
02638,3256
02639,3387
02641,299
02642,5772
02643,0
02644,3618
02645,11060
02646,1715
02647,228
02648,7592
02649,15234
02650,1017
02652,924
02653,6342
02655,3535
02657,3681
02659,1090
02660,6767
02663,446
02664,9720
02666,751
02667,3925
02668,2514
02670,1071
02671,932
02672,0
02673,8969
02675,6919
02702,4445
02703,46479
02713,42
02715,3778
02717,4777
02718,7125
02719,15878
02720,31063
02721,25922
02723,17111
02724,18758
02725,2300
02726,15946
02738,5312
02739,6563
02740,46336
02743,10476
02744,12549
02745,25013
02746,16791
02747,21500
02748,11501
02760,29078
02762,9872
02763,1764
02764,4344
02766,19155
02767,15337
02769,12809
02770,5716
02771,15573
02777,17231
02779,6789
02780,52530
02790,16725
02791,316
02802,531
02804,2661
02806,17113
02807,829
02808,2561
02809,22317
02812,1432
02813,8017
02814,7421
02815,178
02816,33246
02817,6598
02818,19869
02822,6139
02823,20
02824,375
02825,5861
02826,615
02827,2441
02828,7058
02829,63
02830,6936
02831,3665
02832,4950
02833,662
02835,5545
02836,47
02837,3601
02838,4007
02839,1690
02840,23615
02841,1414
02842,16920
02852,23269
02857,8095
02858,280
02859,6803
02860,47372
02861,27928
02863,22481
02864,36383
02865,18033
02871,17635
02872,105
02873,89
02874,6715
02875,206
02876,444
02878,16260
02879,22628
02881,7183
02882,12984
02885,11138
02886,30925
02888,18951
02889,27533
02891,21698
02892,5704
02893,31025
02894,554
02895,43081
02896,11683
02898,1745
02903,12309
02904,32462
02905,24780
02906,26327
02907,31427
02908,39661
02909,44445
02910,23406
02911,14963
02912,4824
02914,21397
02915,16848
02916,8725
02917,15068
02918,2944
02919,29473
02920,36332
02921,12673
03031,11873
03032,6031
03033,5697
03034,4197
03036,5263
03037,4791
03038,34622
03042,7300
03043,1347
03044,4783
03045,14013
03046,3055
03047,1816
03048,3414
03049,8530
03051,25476
03052,8495
03053,25930
03054,27604
03055,16258
03057,2630
03060,32223
03062,28713
03063,15630
03064,14565
03070,6143
03071,5274
03076,14333
03077,10837
03079,30646
03082,1676
03084,1367
03086,4183
03087,15922
03101,3148
03102,33755
03103,37659
03104,35274
03106,14923
03109,10118
03110,23580
03215,269
03216,2105
03217,2207
03218,1202
03220,7376
03221,2210
03222,6135
03223,3398
03224,2458
03225,3770
03226,998
03227,1399
03229,5976
03230,1539
03231,80
03233,171
03234,4896
03235,8843
03237,2313
03238,52
03240,1248
03241,1115
03242,6161
03243,924
03244,8005
03245,1927
03246,17006
03249,7785
03251,1484
03253,6677
03254,5089
03255,1957
03256,2473
03257,4503
03258,2693
03259,237
03260,908
03261,4653
03262,1172
03263,4094
03264,6911
03266,2075
03268,1469
03269,2946
03273,277
03275,12115
03276,9046
03278,3024
03279,810
03280,1188
03281,9141
03282,1075
03284,854
03285,2763
03287,1424
03290,5304
03291,0
03293,68
03301,33987
03303,16368
03304,8295
03307,5683
03431,25035
03440,2622
03441,389
03442,1494
03443,421
03444,1614
03445,699
03446,6486
03447,2317
03448,719
03449,1806
03450,942
03451,3987
03452,5413
03455,2148
03456,848
03457,720
03458,6914
03461,6482
03462,1760
03464,965
03465,2034
03466,1411
03467,2146
03470,5038
03561,6031
03570,9473
03574,2545
03575,0
03576,2740
03579,407
03580,1479
03581,3243
03582,2218
03583,1001
03584,3439
03585,2537
03586,625
03588,1674
03590,1140
03592,972
03593,423
03595,715
03597,553
03598,3439
03601,407
03602,2415
03603,5272
03604,0
03605,863
03607,315
03608,3053
03609,618
03740,1049
03741,4102
03743,13673
03745,1771
03748,4568
03750,1139
03751,382
03752,982
03753,3478
03755,10563
03765,667
03766,10702
03768,1672
03770,576
03771,807
03773,7905
03774,1606
03777,1289
03779,928
03780,599
03781,1917
03782,3104
03784,4057
03785,2141
03801,23231
03809,3684
03810,2269
03811,7222
03812,909
03813,3897
03814,2392
03816,1441
03817,1008
03818,3930
03819,4325
03820,33150
03823,2121
03824,15054
03825,9420
03826,2944
03827,3213
03830,1733
03832,423
03833,22676
03835,6800
03836,1369
03837,1684
03838,1152
03839,4150
03840,4070
03841,6282
03842,16180
03844,2357
03845,1172
03846,1043
03847,198
03848,6261
03849,1451
03850,320
03851,4286
03852,245
03853,687
03854,948
03855,2735
03856,2010
03857,9431
03858,4825
03860,3780
03861,4558
03862,4563
03864,2047
03865,7850
03867,22886
03868,5830
03869,2452
03870,5092
03871,459
03872,3890
03873,6590
03874,8613
03875,1052
03878,12145
03882,1758
03883,556
03884,4271
03885,7742
03886,1322
03887,2007
03890,52
03894,6577
03897,8
03901,8094
03902,2530
03903,6978
03904,8310
03905,1970
03906,5275
03907,1264
03908,7384
03909,11021
03910,0
03911,322
04001,2695
04002,7695
04003,90
04005,24698
04006,72
04008,3115
04009,5357
04010,1743
04011,22081
04015,3656
04017,568
04019,54
04020,1948
04021,6629
04022,1149
04024,414
04027,6569
04029,2124
04030,2795
04032,8736
04037,3949
04038,18192
04039,8004
04040,2963
04041,1757
04042,4824
04043,11692
04046,8035
04047,1704
04048,3315
04049,3971
04050,300
04051,1291
04055,3949
04056,131
04057,180
04061,3105
04062,19041
04063,565
04064,8585
04066,845
04068,1566
04069,1551
04071,4922
04072,20636
04073,17385
04074,22527
04076,2954
04079,4094
04083,4710
04084,7695
04085,2822
04086,9644
04087,2122
04088,1300
04090,11544
04091,751
04092,20484
04093,8451
04095,1382
04096,9006
04097,4173
04101,18128
04102,17642
04103,31705
04105,12557
04106,26966
04107,9581
04108,788
04109,188
04110,1917
04210,24294
04216,602
04217,3285
04219,1228
04220,3815
04221,1072
04222,4203
04224,3077
04226,73
04227,16
04231,297
04234,0
04236,4390
04237,220
04238,1175
04239,4644
04240,37886
04250,4808
04252,4908
04253,1847
04254,3076
04255,676
04256,3108
04257,2772
04258,2774
04259,3493
04260,5733
04261,300
04263,2371
04265,645
04267,17
04268,5168
04270,6200
04271,0
04274,5920
04275,606
04276,5918
04280,6886
04281,5268
04282,5852
04284,1096
04285,513
04286,0
04287,3180
04289,1901
04290,1498
04292,996
04294,3978
04330,26517
04341,39
04342,1639
04344,3001
04345,12363
04346,1479
04347,2570
04348,3497
04349,1343
04350,3635
04351,2464
04352,1728
04353,2343
04354,1420
04355,2628
04357,3555
04358,4475
04359,375
04360,562
04363,2666
04364,6153
04401,44418
04406,739
04408,230
04410,1180
04411,1561
04412,9654
04413,225
04414,1743
04415,316
04416,5503
04417,386
04418,1702
04419,2901
04421,1222
04422,1189
04424,1065
04426,4975
04427,2942
04428,3374
04429,4993
04430,1545
04431,45
04434,1245
04435,1132
04438,1229
04441,1866
04442,132
04443,2152
04444,9322
04448,1489
04449,1144
04450,1306
04451,240
04453,839
04454,10
04455,934
04456,3012
04457,5755
04459,703
04460,1144
04461,3083
04462,4462
04463,2649
04464,561
04468,9163
04469,3310
04471,597
04472,1857
04473,8383
04474,3837
04475,380
04476,1127
04478,491
04479,1103
04481,487
04485,205
04487,742
04488,1087
04489,366
04490,240
04491,158
04492,185
04493,1790
04495,273
04496,3839
04497,319
04530,11564
04535,829
04537,1687
04538,1688
04539,1524
04541,44
04543,2249
04544,872
04547,1276
04548,913
04551,851
04553,1773
04554,562
04555,1760
04556,1344
04558,291
04562,1987
04563,1407
04564,477
04568,487
04570,0
04571,517
04572,5228
04573,518
04574,1618
04575,355
04576,521
04578,4608
04579,3135
04605,14695
04606,1077
04607,1264
04609,5198
04611,451
04612,557
04613,114
04614,2811
04616,817
04617,649
04619,3087
04622,1043
04623,1125
04624,213
04625,65
04626,528
04627,1883
04628,514
04630,1294
04631,1230
04634,2218
04635,17
04640,2451
04642,194
04643,864
04645,59
04646,122
04648,494
04649,1276
04650,391
04652,1489
04653,604
04654,3363
04655,1001
04657,313
04658,1261
04660,1124
04662,495
04664,1240
04666,1253
04667,1307
04668,1934
04669,178
04671,647
04673,156
04674,279
04675,100
04676,1127
04677,322
04679,1544
04680,1233
04681,906
04683,0
04684,1834
04685,388
04686,166
04691,527
04693,441
04694,2263
04730,10062
04732,1535
04733,550
04734,854
04735,494
04736,9107
04737,0
04739,809
04740,1430
04742,3321
04743,4754
04745,876
04746,416
04747,1318
04750,1828
04756,3313
04757,2533
04758,1524
04760,681
04761,430
04762,517
04763,653
04764,26
04765,1452
04766,295
04768,376
04769,8736
04772,942
04773,575
04774,602
04776,886
04777,503
04779,364
04780,882
04781,573
04783,468
04785,2018
04786,1686
04787,454
04841,6991
04843,5243
04847,1711
04848,686
04849,3898
04851,85
04852,137
04853,488
04854,1375
04855,316
04856,3663
04858,1400
04859,810
04860,1506
04861,2761
04862,4195
04863,1063
04864,4893
04901,27431
04910,2358
04911,1787
04912,937
04915,9030
04917,3298
04918,0
04920,1775
04921,1716
04922,969
04923,520
04924,2082
04925,80
04926,0
04927,3385
04928,2079
04929,706
04930,4216
04932,1241
04936,216
04937,6411
04938,10368
04939,819
04940,0
04941,1524
04942,1154
04943,1681
04944,63
04945,1270
04947,1584
04949,913
04950,4761
04951,1034
04952,1853
04953,3145
04955,1622
04956,569
04957,4090
04958,2135
04961,795
04963,7375
04964,84
04965,2150
04966,1681
04967,3918
04969,1319
04970,1420
04971,1703
04973,1494
04974,2649
04975,49
04976,10117
04978,867
04979,919
04981,2584
04982,261
04983,1773
04984,679
04985,163
04986,2323
04987,917
04988,1958
04989,4544
04992,0
05001,9747
05009,0
05030,92
05031,44
05032,2879
05033,3232
05034,228
05035,779
05036,1109
05037,863
05038,1301
05039,987
05040,568
05041,289
05042,626
05043,986
05045,1787
05046,1234
05048,2494
05050,159
05051,997
05052,415
05053,302
05055,3463
05056,350
05058,147
05059,376
05060,4064
05061,1989
05062,553
05065,1084
05067,151
05068,2937
05069,679
05070,488
05071,124
05072,722
05073,52
05075,1326
05076,531
05077,1085
05079,898
05081,775
05083,198
05084,156
05086,596
05088,780
05089,4498
05091,3387
05101,4135
05141,116
05142,726
05143,4916
05146,663
05148,1550
05149,2171
05150,418
05151,1691
05152,445
05153,851
05154,446
05155,810
05156,9028
05158,1214
05161,759
05201,14966
05250,3907
05251,1395
05252,638
05253,624
05254,441
05255,4086
05257,2891
05260,416
05261,2200
05262,1979
05301,16848
05340,764
05341,631
05342,461
05343,1003
05344,522
05345,1747
05346,5236
05350,799
05351,187
05352,895
05353,1358
05354,2444
05355,868
05356,581
05358,386
05359,773
05360,364
05361,993
05362,179
05363,2008
05401,31676
05403,20385
05404,8198
05405,2840
05408,10199
05439,1244
05440,1802
05441,552
05442,439
05443,6353
05444,1711
05445,3905
05446,16361
05447,123
05448,962
05450,5357
05452,22494
05454,5195
05455,1296
05456,978
05457,1787
05458,2187
05459,2003
05461,4815
05462,1778
05463,604
05464,3125
05465,5628
05468,13347
05471,681
05472,1957
05473,1580
05474,1264
05476,3217
05477,4374
05478,16016
05481,0
05482,7844
05483,1584
05485,0
05486,1536
05487,1618
05488,7896
05489,3429
05491,5750
05492,700
05494,1771
05495,10984
05602,12491
05640,288
05641,16969
05647,1150
05648,533
05649,422
05650,842
05651,1499
05652,778
05653,513
05654,1044
05655,3016
05656,3475
05658,1652
05660,1900
05661,6114
05663,6766
05664,0
05666,27
05667,2245
05669,835
05670,38
05672,5252
05673,2465
05674,1678
05675,897
05676,4894
05677,2298
05678,181
05679,3136
05680,2052
05681,125
05682,1257
05701,20142
05730,490
05731,29
05732,1229
05733,5970
05734,1267
05735,3632
05736,490
05737,696
05738,1287
05739,1268
05742,785
05743,4144
05744,459
05746,0
05747,322
05748,485
05751,835
05753,11031
05757,774
05758,781
05759,2067
05760,950
05761,1019
05762,397
05763,3099
05764,3094
05765,1802
05766,508
05767,1431
05768,25
05769,1308
05770,1154
05772,845
05773,2379
05774,997
05775,565
05776,348
05777,3237
05778,995
05819,9323
05820,334
05821,1025
05822,1999
05824,1163
05825,87
05826,715
05827,615
05828,2042
05829,1600
05830,1534
05832,1061
05833,42
05836,1447
05837,325
05839,622
05840,28
05841,325
05842,532
05843,2283
05845,1414
05846,1144
05847,1154
05850,351
05851,5972
05853,711
05855,7576
05857,1329
05858,328
05859,2217
05860,2859
05862,412
05866,746
05867,677
05868,59
05871,1369
05872,766
05873,753
05874,655
05875,448
05901,5
05902,108
05903,714
05904,187
05905,982
05906,1335
05907,112
06001,19157
06002,21547
06010,61206
06013,9613
06016,6833
06018,2630
06019,9735
06020,0
06021,1463
06022,29
06023,1464
06024,570
06026,5176
06027,1376
06029,16571
06031,1385
06032,18642
06033,29311
06035,7939
06037,18754
06039,1955
06040,36171
06042,23302
06043,4848
06051,29421
06052,8232
06053,35697
06057,5922
06058,1819
06059,344
06060,2290
06061,762
06062,17499
06063,3248
06065,671
06066,30377
06067,20716
06068,2034
06069,2562
06070,15353
06071,10554
06072,0
06073,5825
06074,26820
06076,11989
06078,10751
06079,0
06080,991
06081,1607
06082,41100
06084,14685
06085,7521
06088,4324
06089,3548
06090,829
06091,176
06092,4239
06093,3894
06095,29367
06096,12555
06098,10200
06103,2845
06105,18660
06106,37809
06107,20423
06108,24027
06109,27180
06110,12307
06111,30551
06112,21918
06114,25283
06117,15863
06118,26771
06119,15011
06120,13832
06226,19068
06231,3645
06232,3148
06234,8526
06235,2116
06237,5268
06238,12267
06239,11594
06241,6317
06242,1255
06243,107
06247,2286
06248,5464
06249,7137
06250,4780
06254,1925
06255,4442
06256,1796
06258,79
06259,4455
06260,9227
06262,787
06263,320
06264,214
06266,278
06268,10782
06269,6723
06277,4023
06278,4345
06279,5563
06280,3179
06281,7417
06282,902
06320,27275
06330,3311
06331,5102
06332,952
06333,7323
06334,2327
06335,6100
06336,46
06338,62
06339,9263
06340,29833
06350,71
06351,15697
06353,369
06354,5840
06355,12223
06357,11315
06359,5154
06360,37527
06365,4781
06370,7547
06371,9855
06373,137
06374,7884
06375,3667
06376,87
06377,2905
06378,5408
06379,9003
06380,2427
06382,10076
06384,2812
06385,15900
06387,184
06389,38
06390,53
06401,19160
06403,6089
06405,28090
06409,858
06410,28792
06412,3786
06413,13317
06414,407
06415,16075
06416,14301
06417,4432
06418,12150
06419,6219
06420,4323
06422,7182
06423,5163
06424,12401
06426,3285
06437,22037
06438,3012
06439,58
06441,5323
06442,2623
06443,17577
06444,261
06447,6106
06450,35896
06451,24522
06455,2592
06456,253
06457,46690
06459,956
06460,37084
06461,15256
06467,570
06468,18833
06469,3125
06470,15576
06471,7073
06472,6414
06473,24527
06475,10515
06477,14251
06478,12870
06479,10192
06480,9421
06481,1644
06482,11808
06483,16799
06484,41402
06488,19973
06489,32444
06492,44099
06498,6832
06510,4205
06511,54744
06512,29347
06513,38343
06514,25291
06515,18388
06516,55147
06517,14867
06518,19958
06519,15426
06524,5280
06525,9041
06604,29497
06605,25238
06606,50918
06607,7709
06608,12558
06610,22092
06611,36928
06612,7612
06614,35538
06615,16865
06702,3117
06704,30666
06705,26352
06706,15546
06708,29103
06710,9669
06712,9414
06716,16058
06750,1324
06751,3398
06752,1670
06753,50
06754,1849
06755,975
06756,3013
06757,1987
06758,22
06759,5436
06762,7736
06763,2078
06770,31671
06776,27133
06777,1802
06778,1618
06779,7762
06782,2098
06783,2184
06784,3525
06785,943
06786,9617
06787,7493
06790,35544
06791,5565
06793,1270
06794,953
06795,14409
06796,843
06798,9787
06801,20498
06804,17871
06807,7667
06810,55179
06811,30526
06812,13558
06820,21683
06824,36868
06825,20992
06830,24919
06831,14656
06840,20704
06850,19774
06851,28591
06853,3229
06854,31753
06855,8028
06870,7903
06877,25029
06878,8446
06880,27364
06883,10335
06890,4566
06896,8719
06897,18439
06901,10506
06902,72915
06903,13630
06905,20126
06906,9472
06907,9071
07001,17143
07002,70468
07003,52921
07004,7712
07005,15240
07006,26417
07008,25220
07009,13317
07010,25580
07011,38817
07012,15153
07013,29419
07014,4867
07016,23841
07017,40809
07018,28261
07020,14544
07021,2320
07022,14920
07023,7714
07024,39785
07026,32502
07027,4688
07028,8002
07029,22128
07030,58340
07031,16368
07032,40570
07033,8339
07034,10406
07035,11085
07036,45101
07039,31128
07040,25406
07041,7610
07042,27173
07043,13502
07044,14441
07045,10206
07046,4535
07047,61202
07050,33856
07052,48323
07054,30139
07055,69651
07057,11825
07058,5933
07059,16433
07060,47560
07062,15018
07063,14533
07064,3742
07065,29748
07066,15410
07067,18294
07068,6211
07069,6545
07070,18748
07071,22343
07072,6343
07073,10154
07074,3106
07075,10094
07076,24667
07077,3196
07078,14183
07079,18369
07080,24215
07081,16984
07082,5688
07083,57036
07086,16946
07087,66375
07088,3083
07090,30760
07092,6967
07093,63321
07094,21437
07095,20086
07102,12954
07103,36733
07104,54277
07105,56657
07106,35999
07107,42132
07108,28317
07109,37785
07110,29746
07111,60334
07112,27633
07114,12658
07201,27725
07202,44638
07203,22455
07204,13965
07205,22179
07206,31120
07208,32404
07302,55448
07304,49260
07305,71643
07306,54567
07307,42242
07310,14577
07311,1954
07401,6820
07403,7644
07405,17859
07407,21287
07410,35153
07416,5746
07417,11035
07418,2523
07419,10102
07420,5235
07421,7660
07422,5216
07423,4230
07424,27475
07430,25375
07432,6996
07435,2430
07436,12676
07438,11045
07439,2231
07440,4810
07442,11010
07444,10766
07446,14722
07450,26076
07452,12082
07456,11600
07457,4084
07458,11712
07460,2990
07461,18575
07462,6892
07463,10090
07465,5969
07470,54131
07480,14440
07481,16866
07501,35321
07502,17488
07503,19567
07504,13485
07505,4617
07506,19472
07508,23611
07512,10919
07513,10961
07514,18912
07522,22599
07524,14676
07601,45768
07603,9110
07604,12067
07605,9333
07606,2771
07607,10042
07608,120
07620,1503
07621,28269
07624,8544
07626,9101
07627,4916
07628,18072
07630,7263
07631,29342
07632,5330
07640,4883
07641,3321
07642,10086
07643,10942
07644,25946
07645,8625
07646,16882
07647,5301
07648,5668
07649,8197
07650,20192
07652,26500
07656,9218
07657,11439
07660,13167
07661,12024
07662,5820
07663,14349
07666,41499
07670,15252
07675,27050
07676,9276
07677,6097
07701,24544
07702,4162
07703,0
07704,6182
07711,1820
07712,39597
07716,8528
07717,1801
07718,7057
07719,22138
07720,4147
07721,4445
07722,9977
07723,815
07724,23830
07726,44698
07727,7135
07728,56623
07730,17193
07731,39924
07732,4686
07733,17113
07734,13188
07735,19203
07737,4158
07738,6901
07739,6096
07740,32330
07746,18137
07747,32246
07748,28288
07750,3201
07751,21431
07753,37208
07755,6150
07756,3033
07757,6130
07758,4230
07760,9557
07762,8205
07764,8576
07801,26725
07803,3993
07820,0
07821,9036
07822,904
07823,7542
07825,9271
07826,5575
07827,4111
07828,14723
07830,7451
07831,39
07832,3459
07833,72
07834,18203
07836,12104
07838,3495
07840,31995
07842,52
07843,11309
07844,111
07846,29
07847,1769
07848,4513
07849,8475
07850,7328
07851,298
07852,3893
07853,12360
07856,4280
07857,3543
07860,26521
07863,4097
07865,3284
07866,22632
07869,25919
07870,45
07871,21167
07874,8498
07876,9667
07878,712
07880,195
07881,0
07882,14918
07885,11864
07901,24502
07920,28390
07921,7563
07922,11971
07924,7756
07926,72
07927,4754
07928,19667
07930,8205
07931,3271
07932,11498
07933,2920
07934,1406
07935,597
07936,11106
07939,380
07940,17675
07945,9771
07946,3098
07950,21576
07960,46178
07961,342
07970,262
07974,12737
07976,330
07977,733
07979,205
07980,2591
07981,8908
08001,931
08002,23574
08003,31929
08004,10946
08005,25936
08006,473
08007,5460
08008,6938
08009,14967
08010,11506
08011,94
08012,40830
08014,283
08015,19143
08016,34801
08019,914
08020,2522
08021,49060
08022,9349
08023,289
08026,2337
08027,4942
08028,24806
08029,5417
08030,13185
08031,11678
08032,220
08033,17364
08034,20138
08035,7530
08036,6028
08037,23385
08038,341
08039,29
08041,788
08042,57
08043,31011
08045,3124
08046,31876
08048,12806
08049,5273
08050,27599
08051,12156
08052,19970
08053,47612
08054,45427
08055,28855
08056,5164
08057,20990
08059,5616
08060,25647
08061,4411
08062,17969
08063,3056
08064,44
08065,7447
08066,7412
08067,1704
08068,6811
08069,13413
08070,12477
08071,9407
08072,173
08073,17
08074,0
08075,30550
08077,20677
08078,8058
08079,10696
08080,39360
08081,49418
08083,9626
08084,6965
08085,21856
08086,8534
08087,25211
08088,24153
08089,4195
08090,9574
08091,5909
08092,3182
08093,9224
08094,40542
08095,0
08096,35896
08097,3207
08098,9475
08102,8090
08103,13137
08104,21508
08105,26681
08106,9678
08107,13699
08108,18730
08109,24004
08110,18955
08201,10067
08202,1636
08203,7702
08204,16890
08205,28236
08210,17278
08212,155
08215,13921
08217,38
08221,6954
08223,4063
08224,158
08225,8427
08226,11260
08230,5998
08232,20200
08234,46856
08240,2812
08241,1047
08242,4021
08243,2079
08244,10611
08245,30
08246,53
08247,936
08248,134
08251,10360
08260,12913
08270,8239
08302,47003
08310,1236
08311,1656
08312,8395
08314,503
08316,78
08317,1292
08318,12149
08319,1269
08320,1065
08321,153
08322,10391
08323,736
08324,216
08326,1430
08327,3505
08328,1554
08329,219
08330,30009
08332,35214
08340,876
08341,2002
08343,4438
08344,5296
08345,801
08346,444
08348,191
08349,2400
08350,859
08352,224
08353,283
08360,44276
08361,18375
08401,38744
08402,5260
08403,1012
08406,8962
08501,6297
08502,12081
08505,18913
08510,5383
08511,885
08512,12511
08514,5270
08515,8167
08518,5830
08520,29321
08525,4567
08527,58366
08528,331
08530,8146
08533,6892
08534,13174
08535,4971
08536,20558
08540,49499
08542,2415
08544,4548
08550,20876
08551,5950
08553,814
08554,3661
08555,1059
08558,7236
08559,4608
08560,3334
08561,381
08562,4301
08608,1118
08609,13000
08610,33387
08611,32786
08618,37162
08619,23512
08620,11949
08628,9479
08629,13015
08638,23373
08640,8034
08641,4491
08648,31142
08690,18996
08691,16924
08701,136784
08720,774
08721,22464
08722,11002
08723,32033
08724,41573
08730,4960
08731,21136
08732,1552
08733,2864
08734,8028
08735,3435
08736,13056
08738,1371
08740,1768
08741,2769
08742,25558
08750,3624
08751,3625
08752,2254
08753,64788
08755,29266
08757,35652
08758,8010
08759,34290
08801,7391
08802,4604
08804,3066
08805,14153
08807,38438
08809,6838
08810,8241
08812,14177
08816,48965
08817,47924
08820,39392
08821,375
08822,32002
08823,8873
08824,13866
08825,4639
08826,5255
08827,4139
08828,2317
08829,3584
08830,19151
08831,54608
08832,2793
08833,8772
08835,10870
08836,4326
08837,19954
08840,17934
08844,43708
08846,14518
08848,8376
08850,8442
08852,17333
08853,5415
08854,60405
08857,40409
08858,0
08859,24284
08861,58264
08863,13052
08865,31078
08867,5411
08869,8192
08872,20040
08873,55862
08876,22902
08879,23263
08880,4833
08882,16007
08884,8133
08886,6493
08887,1377
08889,10539
08890,38
08901,56766
08902,43146
08904,14981
10001,29079
10002,75517
10003,53825
10004,3875
10005,9238
10006,4475
10007,7802
10009,58341
10010,31905
10011,49344
10012,21846
10013,28215
10014,29772
10016,54297
10017,14985
10018,8764
10019,44276
10020,0
10021,39479
10022,34340
10023,67468
10024,62576
10025,93223
10026,37113
10027,65068
10028,45679
10029,74848
10030,30781
10031,60305
10032,55579
10033,53611
10034,39037
10035,39082
10036,30589
10037,18333
10038,23342
10039,30512
10040,41581
10044,11998
10065,31047
10069,6669
10075,23865
10103,0
10110,0
10111,0
10112,0
10115,0
10119,0
10128,59000
10152,0
10153,0
10154,0
10162,1769
10165,0
10167,0
10168,0
10169,0
10170,0
10171,0
10172,0
10173,0
10174,0
10177,0
10199,0
10271,0
10278,0
10279,181
10280,8668
10282,5960
10301,39799
10302,19693
10303,25993
10304,45843
10305,41714
10306,57249
10307,14821
10308,29996
10309,34918
10310,25824
10311,0
10312,63345
10314,93539
10451,48975
10452,76745
10453,78270
10454,40368
10455,42940
10456,86958
10457,79375
10458,78741
10459,49753
10460,61101
10461,50900
10462,75452
10463,69373
10464,4273
10465,46457
10466,74061
10467,96304
10468,79825
10469,69855
10470,15558
10471,23400
10472,63820
10473,59778
10474,11188
10475,42771
10501,1426
10502,5875
10503,127
10504,7853
10505,1295
10506,6246
10507,6044
10509,20055
10510,10027
10511,2296
10512,24238
10514,12227
10516,5607
10517,551
10518,789
10519,188
10520,12208
10522,11464
10523,9773
10524,4298
10526,2040
10527,587
10528,13822
10530,13955
10532,5253
10533,7337
10535,323
10536,11010
10537,2418
10538,17709
10540,114
10541,26137
10542,0
10543,21022
10545,182
10546,1229
10547,7361
10548,4302
10549,15858
10550,40072
10552,21499
10553,10815
10560,4914
10562,33700
10566,25484
10567,20260
10570,13391
10573,40982
10576,4904
10577,5901
10578,1851
10579,8825
10580,18073
10583,40612
10588,3081
10589,7266
10590,7314
10591,23663
10594,5512
10595,7180
10596,657
10597,652
10598,28894
10601,10860
10603,19201
10604,12192
10605,19371
10606,17556
10607,6222
10701,70054
10703,22135
10704,31844
10705,40390
10706,9119
10707,9755
10708,21946
10709,10274
10710,25684
10801,41984
10803,13096
10804,15228
10805,21230
10901,26224
10910,0
10911,18
10913,5333
10914,691
10915,0
10916,4531
10917,1575
10918,11937
10919,1383
10920,8493
10921,4358
10922,1072
10923,9188
10924,13612
10925,4440
10926,3741
10927,12273
10928,5273
10930,10342
10931,1170
10932,14
10933,312
10940,53099
10941,14761
10950,65391
10952,47169
10953,0
10954,27474
10956,31420
10958,2717
10960,15277
10962,4921
10963,3940
10964,1395
10965,15526
10968,2406
10969,1333
10970,11636
10973,2300
10974,3324
10975,254
10976,2215
10977,71465
10979,84
10980,13793
10983,5489
10984,2760
10985,18
10986,1402
10987,4041
10988,684
10989,8410
10990,20370
10992,10412
10993,4230
10994,5925
10996,6549
10998,3676
11001,25714
11003,44716
11004,14296
11005,2195
11010,25618
11020,5986
11021,19474
11023,9824
11024,8821
11030,17703
11040,42344
11042,232
11050,32657
11096,9897
11101,39007
11102,28349
11103,35357
11104,26825
11105,38507
11106,40657
11109,7388
11201,69251
11203,76853
11204,81368
11205,50205
11206,89231
11207,93445
11208,106901
11209,70756
11210,60398
11211,65691
11212,87946
11213,69630
11214,88994
11215,70922
11216,59913
11217,42569
11218,71313
11219,94737
11220,90792
11221,90750
11222,41418
11223,78566
11224,48469
11225,56544
11226,100022
11228,42325
11229,79802
11230,88252
11231,39704
11232,26681
11233,82711
11234,87778
11235,81958
11236,95174
11237,45233
11238,58462
11239,16047
11249,45353
11354,52325
11355,79802
11356,26956
11357,42341
11358,36496
11359,0
11360,19510
11361,30402
11362,18156
11363,7515
11364,36417
11365,43258
11366,12967
11367,42210
11368,107060
11369,33354
11370,28762
11371,0
11372,66995
11373,99433
11374,46128
11375,75320
11377,83545
11378,37828
11379,37378
11385,103865
11411,20501
11412,41350
11413,45072
11414,31090
11415,21379
11416,26660
11417,30091
11418,36304
11419,46938
11420,50060
11421,41937
11422,33085
11423,29105
11424,0
11426,19638
11427,25124
11428,18898
11429,27933
11430,448
11432,63730
11433,37777
11434,67611
11435,58424
11436,21364
11439,2171
11451,0
11501,21590
11507,6581
11509,1747
11510,34814
11514,4421
11516,8733
11518,10390
11520,44873
11530,28041
11542,29020
11545,11963
11547,788
11548,2171
11549,2420
11550,60658
11552,26053
11553,28344
11554,35806
11556,0
11557,8503
11558,8532
11559,9130
11560,6951
11561,38847
11563,22558
11565,8908
11566,35172
11568,4198
11569,996
11570,28162
11572,30627
11575,19430
11576,12796
11577,12771
11579,5037
11580,42644
11581,22652
11590,48243
11596,10378
11598,14316
11691,68704
11692,23247
11693,13066
11694,21430
11697,4123
11701,28174
11702,14002
11703,17205
11704,40285
11705,8256
11706,68648
11709,6744
11710,34459
11713,9236
11714,22475
11715,3796
11716,9750
11718,3185
11719,3300
11720,28669
11721,6620
11722,38443
11724,2956
11725,29050
11726,21940
11727,29393
11729,26647
11730,14376
11731,29891
11732,3546
11733,17403
11735,32778
11738,20246
11739,1191
11740,10699
11741,26356
11742,13194
11743,42423
11746,66883
11747,19826
11749,3581
11751,13152
11752,8990
11753,12729
11754,17660
11755,11953
11756,42553
11757,44571
11758,54741
11762,22447
11763,30235
11764,12530
11765,808
11766,11481
11767,14495
11768,21908
11769,9031
11770,124
11771,10173
11772,45006
11776,23629
11777,9347
11778,12919
11779,38273
11780,15586
11782,14537
11783,21588
11784,25986
11786,6348
11787,34656
11788,17092
11789,7447
11790,19934
11791,25194
11792,8562
11793,31497
11794,1519
11795,25063
11796,3715
11797,9338
11801,41792
11803,30219
11804,4613
11901,32921
11930,689
11931,24
11932,696
11933,6784
11934,8222
11935,2946
11937,21806
11939,1741
11940,5508
11941,2472
11942,5871
11944,4744
11946,17303
11947,248
11948,775
11949,13159
11950,16944
11951,15830
11952,4749
11953,13383
11954,4073
11955,2626
11956,293
11957,1152
11958,864
11959,576
11960,1037
11961,12436
11962,546
11963,8114
11964,2858
11965,421
11967,27266
11968,14263
11970,468
11971,6507
11972,309
11973,42
11975,423
11976,2447
11977,2782
11978,4376
11980,5138
12007,314
12008,610
12009,8068
12010,27339
12015,4084
12017,439
12018,7069
12019,15683
12020,34140
12022,1069
12023,2364
12024,80
12025,5278
12027,4706
12028,1132
12029,1017
12031,224
12032,710
12033,7772
12035,455
12036,335
12037,4045
12040,29
12041,353
12042,286
12043,7883
12045,237
12046,612
12047,23406
12051,5706
12052,1931
12053,4325
12054,16988
12056,1818
12057,1966
12058,1451
12059,1531
12060,1768
12061,9778
12062,1723
12063,745
12064,314
12065,44726
12066,1830
12067,1250
12068,2717
12069,387
12070,2404
12071,221
12072,3019
12074,2833
12075,3147
12076,1316
12077,6733
12078,23087
12082,3
12083,3648
12084,5054
12085,309
12086,1644
12087,1678
12090,5874
12092,1423
12093,1258
12094,2560
12095,12013
12106,1963
12108,396
12110,19969
12115,62
12116,1533
12117,2841
12118,17056
12120,596
12121,2325
12122,3555
12123,4853
12124,182
12125,1147
12130,305
12131,209
12132,129
12134,4093
12136,881
12137,2347
12138,2826
12139,243
12140,1526
12143,5462
12144,21631
12147,508
12148,4121
12149,2176
12150,665
12151,986
12153,751
12154,2875
12155,1812
12156,939
12157,4444
12158,6221
12159,8794
12160,735
12161,41
12164,520
12165,202
12166,1459
12167,2257
12168,1691
12169,407
12170,5225
12172,184
12173,2040
12174,571
12175,725
12176,431
12177,361
12180,54071
12182,14273
12183,2966
12184,7547
12185,1699
12186,6608
12187,739
12188,11414
12189,18205
12190,683
12192,1033
12193,1829
12194,213
12195,155
12196,3848
12197,2275
12198,7337
12202,9500
12203,30080
12204,8423
12205,25912
12206,14592
12207,2097
12208,23936
12209,10754
12210,9725
12211,13800
12222,6494
12226,0
12302,27470
12303,29989
12304,22027
12305,7764
12306,27569
12307,7977
12308,13985
12309,32996
12401,35058
12404,4046
12405,449
12406,609
12407,197
12409,877
12410,379
12411,288
12412,603
12413,3406
12414,10034
12416,129
12417,984
12418,321
12419,1115
12420,435
12421,238
12422,469
12423,1033
12424,242
12427,926
12428,6972
12429,168
12430,1232
12431,1705
12432,654
12433,525
12434,892
12435,181
12436,516
12438,71
12439,380
12440,1577
12441,58
12442,425
12443,3601
12444,519
12446,5232
12448,163
12449,2916
12450,200
12451,849
12452,33
12453,212
12454,368
12455,1859
12456,666
12457,1171
12458,3195
12459,73
12460,161
12461,1426
12463,1531
12464,1071
12465,329
12466,1947
12468,1413
12469,842
12470,651
12471,274
12472,1118
12473,693
12474,891
12475,569
12477,18789
12480,499
12481,1359
12482,601
12483,59
12484,3271
12485,1136
12486,1737
12487,3829
12489,114
12490,0
12491,2017
12492,213
12493,343
12494,876
12495,229
12496,1241
12498,4530
12501,2374
12502,1019
12503,750
12504,1057
12507,279
12508,19519
12512,232
12513,198
12514,3120
12515,1483
12516,1748
12517,270
12518,5728
12520,3088
12521,1874
12522,5074
12523,2132
12524,15079
12525,1710
12526,3427
12527,42
12528,13818
12529,2345
12530,218
12531,2316
12533,26770
12534,17468
12538,14104
12540,9314
12542,5859
12543,3147
12544,54
12545,4389
12546,2710
12547,2808
12548,1039
12549,10896
12550,54996
12553,27300
12561,18531
12563,7456
12564,7910
12565,1575
12566,11718
12567,2498
12569,9766
12570,6324
12571,10168
12572,9168
12574,422
12575,1743
12577,1613
12578,2306
12580,4169
12581,1928
12582,6157
12583,1927
12585,1252
12586,12874
12589,19639
12590,35823
12592,1280
12594,3645
12601,44696
12603,41513
12604,2118
12701,12191
12719,892
12720,434
12721,7590
12722,0
12723,1854
12724,77
12725,318
12726,1169
12729,1307
12732,810
12733,1891
12734,563
12736,149
12737,1817
12738,444
12740,1683
12741,309
12742,132
12743,319
12745,6
12746,598
12747,2036
12748,1616
12749,507
12750,33
12751,1340
12752,301
12754,8525
12758,4061
12759,1835
12760,337
12762,453
12763,615
12764,1827
12765,653
12766,524
12767,180
12768,805
12769,382
12770,241
12771,14345
12775,2661
12776,2046
12777,791
12778,456
12779,2207
12780,2245
12781,138
12783,1357
12784,0
12785,968
12786,553
12787,131
12788,3122
12789,2654
12790,4341
12791,589
12792,171
12801,14689
12803,8915
12804,28175
12808,283
12809,3639
12810,488
12811,177
12812,265
12814,1145
12815,999
12816,4692
12817,2023
12819,292
12820,14
12821,2228
12822,6149
12823,682
12824,1022
12827,3935
12828,9775
12831,17834
12832,6395
12833,5368
12834,6137
12835,2700
12836,473
12837,943
12838,699
12839,13618
12841,87
12842,952
12843,729
12844,207
12845,4389
12846,3007
12847,667
12849,398
12850,2537
12851,304
12852,381
12853,1384
12854,98
12855,198
12856,300
12857,613
12858,167
12859,1629
12860,377
12861,516
12862,149
12863,870
12864,9
12865,3353
12866,39657
12870,1770
12871,3997
12872,0
12873,820
12874,154
12878,768
12883,4781
12884,567
12885,4531
12886,199
12887,4629
12901,32012
12903,1740
12910,1994
12911,44
12912,1860
12913,1128
12914,892
12915,61
12916,2250
12917,1194
12918,2762
12919,2789
12920,2509
12921,2771
12922,33
12923,463
12924,230
12926,2493
12927,308
12928,1805
12929,2882
12930,866
12932,1183
12933,7
12934,1147
12935,1159
12936,693
12937,1340
12939,162
12941,1477
12942,462
12943,293
12944,4043
12945,535
12946,4805
12950,701
12952,226
12953,12842
12955,494
12956,1538
12957,1721
12958,1650
12959,1790
12960,995
12961,92
12962,5131
12964,46
12965,281
12966,2962
12967,1363
12969,253
12970,1022
12972,7063
12973,136
12974,1545
12975,107
12976,196
12977,1186
12978,243
12979,2542
12980,1064
12981,2233
12983,7410
12985,775
12986,5304
12987,188
12989,1012
12992,4129
12993,1730
12996,1937
12997,1280
12998,334
13020,117
13021,37479
13024,1209
13026,1703
13027,35233
13028,913
13029,7594
13030,3611
13031,16076
13032,12964
13033,3660
13034,2088
13035,8191
13036,9079
13037,9519
13039,17184
13040,2683
13041,12094
13042,1884
13044,2884
13045,28388
13051,52
13052,1762
13053,4756
13054,1289
13057,14476
13060,2845
13061,641
13062,241
13063,1644
13065,131
13066,12680
13068,4464
13069,23176
13071,760
13072,811
13073,6246
13074,4471
13076,2521
13077,6567
13078,10564
13080,3282
13081,1094
13082,4177
13083,1861
13084,3764
13087,252
13088,21875
13090,29180
13092,2707
13101,2221
13102,67
13103,239
13104,16504
13108,6144
13110,2374
13111,1660
13112,1827
13113,41
13114,7313
13115,223
13116,3657
13117,211
13118,5514
13119,0
13120,1881
13121,0
13122,1289
13123,35
13124,95
13126,36199
13131,2856
13132,3561
13134,129
13135,6229
13136,377
13138,209
13140,4192
13141,643
13142,6568
13143,2405
13144,1105
13145,1794
13146,2050
13147,1043
13148,10798
13152,7548
13153,510
13154,38
13155,654
13156,2108
13157,547
13158,1377
13159,5297
13160,2321
13162,150
13163,334
13164,2695
13165,9429
13166,5667
13167,2984
13202,6842
13203,17387
13204,19511
13205,18562
13206,16848
13207,12383
13208,22549
13209,12995
13210,19298
13211,6155
13212,20185
13214,8713
13215,14599
13219,15546
13224,8638
13244,8816
13290,0
13301,113
13302,1403
13303,1455
13304,1841
13305,421
13308,4239
13309,5828
13310,731
13312,288
13313,562
13314,145
13315,1239
13316,5924
13317,3970
13318,982
13319,434
13320,2027
13321,815
13322,1059
13323,11014
13324,1714
13325,882
13326,4536
13327,1956
13328,1302
13329,3326
13331,175
13332,2695
13333,40
13334,887
13335,1388
13337,690
13338,1293
13339,6131
13340,7322
13342,263
13343,1543
13345,184
13346,6275
13348,1529
13350,9641
13352,21
13353,54
13354,3124
13355,883
13357,10073
13360,193
13361,666
13363,2290
13364,359
13365,8545
13367,8786
13368,1025
13402,1295
13403,7133
13404,162
13406,491
13407,5125
13408,3422
13409,2123
13410,575
13411,2920
13413,16940
13415,92
13416,2120
13417,3012
13418,186
13420,890
13421,12742
13424,2285
13425,1743
13428,1470
13431,1929
13433,1708
13435,337
13436,107
13437,254
13438,3310
13439,3667
13440,41273
13441,145
13450,251
13452,4850
13454,754
13455,71
13456,4103
13457,38
13459,2034
13460,4286
13461,3046
13464,1154
13468,305
13469,1107
13470,771
13471,2692
13472,277
13473,1060
13475,49
13476,2540
13477,1468
13478,3331
13480,3454
13482,73
13483,405
13484,103
13485,1715
13486,691
13488,130
13489,508
13490,1346
13491,3570
13492,11233
13493,2355
13494,312
13495,1889
13501,40235
13502,33241
13601,37409
13602,2700
13603,13973
13605,5106
13606,2397
13607,2061
13608,1845
13611,265
13612,2940
13613,2733
13614,287
13615,538
13616,1560
13617,12294
13618,1696
13619,10774
13620,2150
13621,683
13622,2100
13623,76
13624,4438
13625,1689
13626,2322
13628,185
13630,1307
13632,128
13633,378
13634,3866
13635,1283
13636,184
13637,5280
13638,172
13639,23
13640,305
13641,69
13642,9018
13643,20
13645,0
13646,2373
13647,159
13648,2236
13649,58
13650,1268
13651,127
13652,1876
13654,2370
13655,3705
13656,2945
13658,2028
13659,371
13660,1953
13661,2043
13662,15737
13664,401
13665,686
13666,236
13667,3460
13668,3313
13669,15615
13670,382
13672,408
13673,1983
13674,154
13675,51
13676,13408
13678,19
13679,1169
13680,1417
13681,941
13682,795
13683,58
13684,1105
13685,2234
13687,421
13690,651
13691,3172
13692,216
13693,315
13694,1232
13695,169
13696,188
13697,1951
13699,2123
13730,2763
13731,1102
13732,7438
13733,5265
13734,2243
13736,1887
13738,22
13739,792
13740,607
13743,2893
13744,1284
13746,2432
13747,0
13748,3722
13750,588
13751,334
13752,913
13753,5629
13754,2793
13755,737
13756,665
13757,1121
13760,42880
13774,230
13775,1839
13776,395
13777,445
13778,5139
13780,842
13782,797
13783,2200
13784,383
13786,440
13787,3120
13788,950
13790,18560
13795,3180
13796,915
13797,2105
13801,1533
13802,1206
13803,3936
13804,266
13806,168
13807,1260
13808,1486
13809,1688
13810,1195
13811,4102
13812,2313
13813,1148
13814,28
13815,12855
13820,22954
13825,2785
13826,68
13827,11713
13830,4826
13832,513
13833,4176
13834,108
13835,1182
13838,4185
13839,1362
13841,394
13842,607
13843,2014
13844,543
13846,259
13847,15
13849,4351
13850,23675
13856,5915
13859,119
13860,266
13861,450
13862,3667
13863,430
13864,1421
13865,5823
13901,19730
13902,6921
13903,17528
13904,9138
13905,28370
14001,9122
14004,11312
14005,1788
14006,9354
14008,1484
14009,5787
14011,7382
14012,2944
14013,1612
14020,22209
14024,1606
14025,3445
14026,561
14027,143
14028,1377
14029,31
14030,2051
14031,9741
14032,10359
14033,1412
14034,2175
14035,69
14036,5745
14037,923
14039,101
14040,1635
14041,204
14042,4207
14043,24799
14047,6072
14048,14949
14051,20333
14052,17501
14054,1359
14055,1300
14056,205
14057,7632
14058,2649
14059,9413
14060,346
14061,101
14062,3220
14063,12722
14065,1769
14066,1004
14067,4063
14068,8504
14069,492
14070,5437
14072,21441
14075,44588
14080,4434
14081,2736
14082,566
14083,20
14085,8439
14086,35659
14091,1402
14092,10318
14094,50526
14098,2968
14101,1984
14102,1894
14103,10836
14105,5113
14108,5301
14109,1341
14111,3125
14112,38
14113,646
14120,44379
14125,3668
14126,301
14127,30783
14129,1228
14130,110
14131,5339
14132,6432
14134,57
14135,109
14136,5274
14138,2019
14139,2093
14141,7624
14143,1230
14145,1275
14150,41585
14166,182
14167,1931
14168,90
14169,84
14170,2200
14171,1736
14172,3019
14173,183
14174,5768
14201,12545
14202,3764
14203,2526
14204,7748
14206,22427
14207,25731
14208,12731
14209,8373
14210,15454
14211,23951
14212,13603
14213,23072
14214,21162
14215,42813
14216,23221
14217,22566
14218,20661
14219,10894
14220,23786
14221,55153
14222,15440
14223,22363
14224,41101
14225,33801
14226,29482
14227,21669
14228,24345
14260,857
14261,4970
14301,11448
14302,209
14303,6210
14304,28965
14305,16433
14411,12479
14413,81
14414,6722
14415,132
14416,3908
14418,1147
14420,20097
14422,1693
14423,4829
14424,28851
14425,13582
14427,1875
14428,7986
14432,5583
14433,4319
14435,2398
14437,8970
14441,339
14445,7604
14450,43063
14453,0
14454,11044
14456,19864
14462,765
14463,258
14464,6725
14466,1656
14467,10468
14468,19119
14469,5789
14470,7765
14471,2792
14472,9156
14475,253
14476,2456
14477,1779
14478,1393
14479,61
14480,532
14481,1883
14482,8233
14485,4163
14486,374
14487,5632
14489,7016
14502,10515
14504,1655
14505,5165
14506,866
14507,1233
14510,4781
14511,529
14512,4908
14513,13501
14514,5979
14515,146
14516,2184
14517,2588
14519,12487
14521,3282
14522,9230
14525,2532
14526,19348
14527,12444
14529,76
14530,6396
14532,3933
14533,1754
14534,33361
14536,663
14537,217
14539,115
14541,3523
14542,33
14543,3301
14544,2274
14545,136
14546,4585
14548,3695
14549,404
14550,1273
14551,4969
14555,1206
14556,902
14557,139
14559,17646
14560,2392
14561,2198
14564,16257
14568,6023
14569,6372
14571,1001
14572,4745
14580,54466
14585,167
14586,13056
14588,0
14589,7904
14590,5264
14591,1453
14592,119
14604,2708
14605,11796
14606,27478
14607,17577
14608,12417
14609,40171
14610,14082
14611,17595
14612,35339
14613,14740
14614,1112
14615,18255
14616,26837
14617,21287
14618,24621
14619,14223
14620,22866
14621,33349
14622,12794
14623,25689
14624,38834
14625,10667
14626,29210
14627,3008
14642,0
14701,39207
14706,6118
14707,113
14708,139
14709,1190
14710,2951
14711,1861
14712,3079
14714,556
14715,2374
14716,2343
14717,612
14718,1961
14719,3334
14720,853
14721,176
14722,292
14723,1060
14724,3099
14726,2681
14727,5039
14728,856
14729,768
14731,1198
14732,26
14733,3201
14735,2609
14736,210
14737,4071
14738,3550
14739,2494
14740,1283
14741,1957
14742,104
14743,2095
14744,2186
14747,2035
14748,481
14750,4411
14752,171
14753,929
14754,633
14755,2834
14756,0
14757,3112
14760,17272
14767,2156
14769,849
14770,2805
14772,4431
14774,322
14775,2272
14777,531
14778,1428
14779,6791
14781,1859
14782,2010
14783,83
14784,950
14785,0
14787,4863
14788,95
14801,5415
14802,4627
14803,1491
14804,1501
14805,723
14806,2131
14807,2865
14808,470
14809,2921
14810,11412
14812,2961
14813,2465
14814,2047
14815,725
14816,502
14817,2811
14818,1819
14819,633
14820,556
14821,3015
14822,826
14823,3697
14824,778
14825,746
14826,2134
14827,0
14830,18752
14836,915
14837,5633
14838,2150
14839,553
14840,2514
14841,827
14842,930
14843,12452
14845,20552
14846,978
14847,2385
14850,66495
14853,2294
14854,99
14855,890
14856,0
14858,1405
14859,1100
14860,1079
14861,1356
14864,1144
14865,2578
14867,5188
14869,996
14870,10086
14871,4497
14872,596
14873,1937
14874,166
14877,680
14878,793
14879,2345
14880,1475
14881,159
14882,4193
14883,4525
14884,363
14885,659
14886,6654
14889,1341
14891,4527
14892,7531
14893,30
14894,1316
14895,9117
14897,770
14898,1501
14901,14430
14903,7140
14904,14276
14905,8976
15001,32013
15003,11394
15004,297
15005,9574
15006,116
15007,476
15009,15610
15010,28621
15012,15294
15014,3109
15015,1302
15017,17602
15018,899
15019,1236
15020,497
15021,6775
15022,10044
15024,9192
15025,16659
15026,4355
15027,2136
15028,202
15030,1044
15031,372
15033,4592
15034,1600
15035,2063
15037,10412
15038,268
15042,7859
15043,2106
15044,27844
15045,4400
15046,2310
15047,108
15049,919
15050,2311
15051,446
15052,2905
15053,114
15054,527
15055,1205
15056,1034
15057,17162
15059,4186
15060,839
15061,12523
15062,6825
15063,10479
15064,348
15065,10927
15066,12136
15067,2207
15068,36068
15071,12455
15072,55
15074,8543
15075,29
15076,859
15077,166
15078,611
15081,343
15082,225
15083,1061
15084,9884
15085,8123
15086,665
15087,68
15088,400
15089,6640
15090,25110
15101,25841
15102,30589
15104,7946
15106,19165
15108,42782
15110,5186
15112,3345
15116,14294
15120,17999
15122,18939
15123,2
15126,6776
15129,10553
15131,8451
15132,19083
15133,6139
15135,4977
15136,22899
15137,10075
15139,6712
15140,3065
15142,1620
15143,21949
15144,3939
15145,6594
15146,28422
15147,16605
15148,2287
15201,13275
15202,19642
15203,10713
15204,7809
15205,24123
15206,29176
15207,10751
15208,9500
15209,11769
15210,25017
15211,10733
15212,27600
15213,29839
15214,14751
15215,12234
15216,21503
15217,26200
15218,13443
15219,11010
15220,18519
15221,29513
15222,5649
15223,6656
15224,10516
15225,1031
15226,13943
15227,29057
15228,18187
15229,15251
15232,11370
15233,2918
15234,14330
15235,33811
15236,31152
15237,44161
15238,13000
15239,21414
15241,21941
15243,13682
15260,0
15275,2
15282,5702
15290,0
15301,50180
15310,237
15311,897
15312,3631
15313,398
15314,3490
15315,1128
15316,159
15317,43813
15320,4578
15321,1859
15322,1656
15323,3837
15324,749
15325,445
15327,1212
15329,1438
15330,5687
15331,824
15332,8206
15333,1745
15334,308
15337,460
15338,1500
15340,1303
15341,608
15342,5110
15344,1614
15345,1540
15346,567
15347,285
15348,88
15349,1502
15350,508
15351,1107
15352,659
15353,46
15357,1704
15358,1141
15359,194
15360,1541
15361,92
15362,609
15363,569
15364,683
15365,154
15366,551
15367,9920
15368,367
15370,13578
15376,1508
15377,737
15378,0
15379,61
15380,714
15401,30230
15410,992
15411,685
15412,179
15413,456
15416,545
15417,7709
15419,3527
15420,272
15421,84
15422,347
15423,1942
15424,2059
15425,17752
15427,856
15428,1867
15429,464
15430,232
15431,4328
15432,343
15433,627
15434,278
15435,122
15436,2006
15437,2579
15438,2011
15440,227
15442,2521
15443,405
15444,834
15445,2409
15446,70
15447,126
15448,154
15449,771
15450,2408
15451,790
15454,329
15455,435
15456,2254
15458,2200
15459,1676
15460,94
15461,3624
15462,49
15463,201
15464,1490
15465,569
15466,437
15467,86
15468,2230
15469,2447
15470,713
15472,106
15473,3328
15474,2399
15475,800
15476,45
15477,794
15478,5679
15479,2275
15480,1458
15482,425
15483,301
15484,870
15486,2127
15488,89
15489,161
15490,541
15492,172
15501,16447
15502,86
15510,2128
15520,225
15521,1961
15522,10865
15530,5187
15531,3625
15532,127
15533,1297
15534,881
15535,1901
15536,354
15537,8272
15538,751
15539,303
15540,367
15541,2998
15542,1096
15544,382
15545,2673
15546,618
15547,875
15550,1677
15551,601
15552,5551
15554,2298
15555,78
15557,3430
15558,2021
15559,2407
15560,140
15561,179
15562,355
15563,2598
15564,101
15565,15
15601,55670
15610,4130
15611,214
15612,510
15613,12732
15615,164
15616,433
15617,246
15618,2388
15619,472
15620,681
15622,1052
15623,1026
15624,489
15625,80
15626,5168
15627,5956
15628,423
15629,650
15631,656
15632,8886
15633,595
15634,471
15635,173
15636,3839
15637,1889
15638,34
15639,2028
15640,360
15641,484
15642,46727
15644,18675
15646,173
15647,33
15650,27367
15655,440
15656,9766
15658,8114
15660,125
15661,831
15662,928
15663,413
15665,1171
15666,15420
15668,14477
15670,3166
15671,607
15672,3440
15673,1184
15674,223
15675,1259
15676,468
15677,387
15678,332
15679,2438
15680,270
15681,4506
15682,221
15683,7855
15684,247
15686,1099
15687,1186
15688,666
15689,51
15690,9359
15691,329
15692,769
15693,176
15695,243
15696,219
15697,2906
15698,771
15701,31236
15705,3070
15710,206
15711,357
15712,119
15713,128
15714,5215
15715,498
15716,494
15717,9563
15720,305
15721,167
15722,2382
15723,11
15724,2069
15725,1208
15727,220
15728,3468
15729,1122
15730,140
15731,191
15732,1637
15733,71
15734,154
15736,349
15737,110
15738,190
15739,368
15741,54
15742,1007
15744,46
15745,229
15746,94
15747,1796
15748,7153
15750,308
15752,93
15753,425
15754,382
15756,141
15757,1200
15759,2778
15760,142
15761,145
15762,866
15763,22
15764,154
15765,1538
15767,14136
15770,192
15771,868
15772,1544
15773,488
15774,2689
15775,467
15776,29
15777,33
15778,364
15779,575
15780,65
15781,76
15783,52
15784,49
15801,20251
15821,64
15823,1289
15824,4954
15825,9407
15827,345
15828,287
15829,1313
15831,56
15832,282
15834,4086
15840,1807
15841,188
15845,3109
15846,3361
15847,80
15848,1081
15849,1285
15851,7227
15853,6330
15856,883
15857,12825
15860,1193
15861,107
15863,135
15864,1852
15865,1023
15866,160
15868,1596
15870,1239
15901,3466
15902,11593
15904,16283
15905,19722
15906,9654
15909,4850
15920,691
15921,267
15922,81
15923,1609
15924,867
15925,95
15926,2474
15927,851
15928,2241
15929,146
15930,410
15931,8852
15934,0
15935,2567
15936,1353
15937,601
15938,2307
15940,3823
15942,2134
15943,3747
15944,3198
15945,162
15946,6630
15948,343
15949,727
15951,550
15952,1157
15953,131
15954,2186
15955,2241
15956,2464
15957,317
15958,2190
15960,169
15961,823
15962,388
15963,10383
16001,39733
16002,15722
16020,1179
16022,296
16023,4130
16024,278
16025,4880
16027,441
16028,2053
16029,902
16030,253
16033,7934
16034,1781
16035,144
16036,297
16037,4840
16038,3213
16040,1013
16041,1865
16045,1109
16046,19577
16048,225
16049,2897
16050,978
16051,3118
16052,2246
16053,3284
16054,358
16055,8856
16056,4429
16057,15264
16059,9770
16061,2578
16063,8188
16066,33543
16101,30960
16102,4933
16105,15195
16110,380
16111,1168
16112,1431
16113,351
16114,575
16115,3451
16116,2783
16117,16013
16120,2185
16121,4290
16123,2601
16124,1656
16125,17088
16127,15295
16130,1876
16131,784
16132,370
16133,1528
16134,4080
16136,797
16137,12327
16140,386
16141,1901
16142,5433
16143,1995
16145,2674
16146,13033
16148,16563
16150,7053
16151,57
16153,2303
16154,2351
16155,94
16156,3385
16157,2759
16159,4664
16160,949
16161,703
16172,899
16201,16734
16210,569
16211,203
16212,248
16213,119
16214,8655
16217,87
16218,1138
16220,72
16222,3139
16223,57
16224,827
16226,7994
16228,386
16229,4900
16230,485
16232,4091
16233,1148
16235,1407
16236,215
16238,446
16239,3988
16240,1436
16242,4328
16244,329
16245,262
16246,189
16248,3177
16249,1757
16250,238
16253,121
16254,3468
16255,1956
16256,1925
16258,1870
16259,2111
16260,284
16262,2811
16263,362
16301,15067
16311,397
16312,0
16313,1705
16314,5439
16316,4688
16317,1335
16319,1050
16321,10
16322,117
16323,14694
16326,316
16327,2544
16328,233
16329,456
16331,147
16332,88
16333,191
16334,448
16335,27112
16340,1849
16341,1790
16342,2185
16343,616
16344,470
16345,3602
16346,3246
16347,1538
16350,2486
16351,1552
16352,220
16353,2459
16354,10120
16360,1328
16361,38
16362,1018
16364,1278
16365,17303
16370,327
16371,3165
16372,510
16373,3217
16374,1643
16401,3842
16402,570
16403,6979
16404,3396
16405,557
16406,3412
16407,10555
16410,1987
16411,1287
16412,9726
16415,10251
16416,142
16417,8400
16420,434
16421,2251
16422,79
16423,3880
16424,4328
16426,3324
16427,228
16428,12508
16430,118
16433,4935
16434,3008
16435,1678
16436,824
16438,7489
16440,741
16441,9485
16442,3091
16443,1170
16444,1104
16475,2180
16501,1919
16502,15815
16503,15204
16504,15632
16505,15631
16506,24190
16507,8653
16508,15156
16509,28133
16510,25152
16511,11709
16546,1138
16550,0
16563,1561
16601,33426
16602,27014
16611,2694
16613,1574
16616,90
16617,2505
16619,315
16620,350
16621,607
16622,95
16623,458
16624,184
16625,3551
16627,2026
16630,4771
16631,64
16633,332
16634,296
16635,12115
16636,1006
16637,2236
16638,65
16639,1391
16640,942
16641,2444
16645,212
16646,2124
16647,836
16648,14722
16650,1797
16651,5777
16652,15858
16654,1935
16655,1328
16656,1206
16657,1262
16659,193
16661,922
16662,5866
16664,2205
16665,274
16666,2774
16667,1276
16668,3620
16669,2104
16670,52
16671,417
16672,203
16673,5066
16674,572
16675,91
16677,294
16678,2461
16679,646
16680,348
16682,240
16683,346
16684,93
16685,330
16686,13000
16689,331
16691,297
16692,912
16693,4015
16694,325
16695,959
16699,0
16701,16584
16720,1196
16724,73
16725,140
16726,697
16727,227
16729,708
16730,38
16731,2397
16732,253
16733,204
16734,176
16735,6465
16738,2018
16740,823
16743,3960
16744,183
16745,685
16746,1018
16748,2687
16749,3691
16750,463
16801,42153
16802,13499
16803,23660
16820,1657
16821,187
16822,1898
16823,29168
16825,265
16826,457
16827,5197
16828,4774
16829,719
16830,13698
16832,279
16833,5280
16834,711
16835,229
16836,1106
16837,104
16838,1820
16839,437
16840,247
16841,6346
16843,179
16844,2521
16845,955
16847,316
16848,231
16849,101
16851,993
16852,180
16853,316
16854,781
16855,75
16856,197
16858,3953
16859,498
16860,393
16861,274
16863,566
16864,74
16865,1657
16866,8924
16868,1174
16870,7386
16871,23
16872,1446
16874,1209
16875,3692
16876,235
16877,1505
16878,1784
16879,300
16881,2349
16882,460
16901,10416
16910,66
16911,293
16912,2524
16914,2415
16915,5911
16917,1195
16920,1749
16921,602
16922,1610
16923,1436
16925,3378
16926,879
16927,557
16928,1571
16929,2569
16930,1202
16932,674
16933,6550
16935,1175
16936,2072
16937,150
16938,786
16939,173
16940,18
16941,89
16942,847
16943,363
16946,2525
16947,4653
16948,1683
16950,3256
17002,505
17003,11932
17004,5436
17005,289
17006,1096
17007,6291
17009,1682
17010,170
17011,38642
17013,37738
17014,150
17015,24240
17016,1044
17017,1572
17018,3745
17019,19294
17020,8625
17021,1008
17022,32066
17023,3681
17024,1783
17025,17463
17026,3636
17027,2748
17028,3331
17029,254
17030,514
17032,7630
17033,17009
17034,2988
17035,828
17036,22487
17037,1140
17038,8245
17039,10
17040,2494
17041,254
17042,39626
17043,5832
17044,20526
17045,3964
17046,31701
17047,3037
17048,3801
17049,3152
17050,42547
17051,4402
17052,1540
17053,5109
17054,286
17055,41416
17056,29
17057,23143
17058,1609
17059,7524
17060,1182
17061,6825
17062,4093
17063,3191
17064,738
17065,4043
17066,5131
17067,15985
17068,4384
17069,237
17070,16891
17071,129
17073,6064
17074,7075
17075,129
17076,128
17077,74
17078,23798
17080,248
17081,283
17082,2985
17084,4665
17086,1996
17087,2444
17088,503
17090,5342
17093,752
17094,2598
17097,738
17098,2521
17099,1122
17101,2678
17102,8177
17103,12774
17104,19401
17109,27422
17110,26401
17111,35818
17112,38970
17113,11786
17120,0
17201,27575
17202,32772
17210,167
17211,393
17212,750
17213,576
17214,1162
17215,121
17217,141
17219,444
17220,398
17221,496
17222,10261
17223,329
17224,1731
17225,20335
17228,1113
17229,1229
17232,26
17233,5103
17235,682
17236,8875
17237,1672
17238,1745
17239,230
17240,3154
17241,11094
17243,1156
17244,2305
17246,598
17247,419
17249,380
17250,56
17251,27
17252,4290
17253,453
17254,497
17255,1034
17257,29116
17260,1097
17261,26
17262,921
17263,949
17264,2299
17265,307
17266,455
17267,2917
17268,29096
17271,486
17301,4122
17302,2641
17303,439
17304,3039
17306,538
17307,5677
17309,1953
17311,152
17313,11263
17314,6431
17315,26434
17316,8460
17317,443
17318,120
17319,10990
17320,8103
17321,2346
17322,6292
17323,85
17324,4469
17325,29857
17327,8228
17329,3229
17331,55374
17339,6389
17340,11403
17342,432
17343,27
17344,3770
17345,8106
17347,6186
17349,7938
17350,13219
17352,1397
17353,2745
17355,286
17356,22457
17360,6152
17361,6262
17362,14020
17363,8460
17364,3963
17365,2755
17366,6350
17368,6768
17370,6970
17371,319
17372,3845
17401,18102
17402,37074
17403,40272
17404,38973
17406,24181
17407,2684
17408,24670
17501,4823
17502,2453
17504,99
17505,2036
17506,446
17507,183
17508,1027
17509,5028
17512,18235
17516,5241
17517,15045
17518,1371
17519,6868
17520,5001
17522,33601
17527,6479
17529,4924
17532,3345
17534,0
17535,2651
17536,3680
17538,7121
17540,11172
17543,45606
17545,23257
17547,9100
17550,296
17551,11884
17552,19747
17554,7561
17555,6694
17557,15229
17560,5452
17562,4187
17563,3806
17565,2335
17566,12276
17568,0
17569,7136
17570,225
17572,3774
17576,109
17578,7716
17579,6373
17581,203
17582,1711
17584,11776
17601,56348
17602,51461
17603,66788
17606,341
17701,43169
17702,10506
17720,271
17721,1695
17723,53
17724,4721
17727,31
17728,4749
17729,155
17730,38
17731,191
17737,6476
17739,24
17740,11600
17742,48
17744,2789
17745,17722
17747,3385
17748,141
17749,218
17750,164
17751,7145
17752,4867
17754,11971
17756,12525
17758,922
17760,461
17762,560
17763,264
17764,2460
17765,1281
17768,385
17769,43
17771,2955
17772,2479
17774,1093
17776,158
17777,6801
17778,73
17779,146
17801,16229
17810,5769
17812,1497
17813,2138
17814,4806
17815,29324
17820,5528
17821,18787
17822,0
17823,1316
17824,3840
17827,863
17829,210
17830,1932
17832,694
17834,3525
17835,148
17836,249
17837,18312
17840,197
17841,4918
17842,8110
17844,10374
17845,1931
17846,3796
17847,11461
17850,618
17851,7174
17853,3047
17855,961
17856,3085
17857,7682
17858,68
17859,2637
17860,2605
17861,120
17862,437
17864,2532
17865,15
17866,9808
17867,190
17868,744
17870,14538
17872,8950
17876,1840
17878,1573
17880,7
17881,1510
17884,233
17885,186
17886,777
17887,653
17888,497
17889,2906
17901,22557
17920,208
17921,7029
17922,5249
17923,314
17925,324
17929,1369
17930,244
17931,8726
17933,164
17934,442
17935,1359
17936,1004
17938,2454
17941,654
17943,67
17944,197
17945,191
17946,187
17948,4124
17949,143
17951,307
17952,214
17953,335
17954,4564
17957,407
17959,1486
17960,4084
17961,6711
17963,9444
17964,976
17965,1869
17967,2384
17968,305
17970,3130
17972,11294
17974,334
17976,5988
17978,670
17979,73
17980,3222
17981,2619
17982,392
17983,1529
17985,1265
18011,5624
18012,27
18013,17805
18014,12474
18015,34259
18017,40463
18018,32253
18020,21144
18030,483
18031,12031
18032,9459
18034,9501
18035,21
18036,14625
18037,7459
18038,3459
18040,17183
18041,5665
18042,44797
18045,29896
18046,144
18049,18693
18051,3252
18052,29271
18053,2400
18054,4714
18055,11947
18056,1623
18058,9884
18059,547
18062,26633
18063,277
18064,27073
18065,444
18066,5837
18067,19490
18069,8804
18070,286
18071,11047
18072,7053
18073,11534
18074,5394
18076,3013
18077,2195
18078,7571
18079,353
18080,11489
18081,282
18083,463
18085,1162
18086,316
18087,609
18088,8162
18091,6091
18092,3246
18101,5789
18102,51315
18103,47336
18104,47999
18106,6437
18109,18117
18195,0
18201,31428
18202,13477
18210,7879
18211,1260
18212,62
18214,2414
18216,1317
18218,2353
18219,1072
18220,184
18221,435
18222,9946
18223,51
18224,5954
18225,0
18229,9136
18230,155
18231,431
18232,4144
18234,737
18235,19121
18237,3808
18239,0
18240,3909
18241,293
18242,382
18244,314
18245,240
18246,152
18248,516
18249,4161
18250,3128
18252,11065
18254,783
18255,4310
18256,164
18301,28413
18302,17593
18321,1746
18322,2821
18323,136
18324,9591
18325,2688
18326,3574
18327,590
18328,8061
18330,8586
18331,552
18332,2692
18333,109
18334,4907
18335,1418
18336,4133
18337,15517
18340,160
18342,840
18343,3877
18344,3472
18346,2316
18347,3535
18349,215
18350,595
18351,695
18353,11512
18354,1157
18355,1628
18356,0
18357,80
18360,29790
18370,867
18371,977
18372,3397
18403,6580
18405,2611
18407,14664
18411,23076
18413,78
18414,5390
18415,1242
18417,914
18419,4868
18420,67
18421,4475
18424,5076
18425,1053
18426,3426
18428,12446
18430,75
18431,12576
18433,7174
18434,4019
18435,906
18436,13225
18437,156
18438,1474
18439,418
18440,37
18441,425
18443,338
18444,13681
18445,2488
18446,3208
18447,10042
18451,530
18452,5085
18453,1218
18454,80
18455,156
18456,305
18457,9
18458,3576
18460,141
18461,245
18462,545
18463,270
18464,1455
18465,1319
18466,17997
18469,506
18470,2296
18471,527
18472,6842
18473,407
18503,1537
18504,20563
18505,21417
18507,5403
18508,11347
18509,13268
18510,14629
18512,12714
18517,5192
18518,8533
18519,5259
18602,356
18603,18985
18610,4373
18612,17754
18614,1987
18615,1713
18616,792
18617,1616
18618,3583
18619,137
18621,4903
18622,265
18623,2194
18624,460
18625,105
18626,502
18627,0
18628,152
18629,1772
18630,3027
18631,1109
18632,419
18634,13638
18635,3640
18636,1588
18640,16418
18641,6385
18642,4469
18643,12683
18644,7318
18651,8672
18655,5789
18656,2128
18657,11043
18660,3278
18661,5541
18701,3926
18702,42120
18704,30997
18705,15595
18706,16318
18707,16418
18708,9063
18709,2959
18801,7838
18810,5477
18812,1584
18814,163
18816,107
18817,169
18818,1259
18820,36
18821,1046
18822,3079
18823,108
18824,1342
18825,128
18826,1412
18828,207
18829,708
18830,572
18831,1065
18832,1867
18833,2061
18834,3272
18837,2710
18840,11249
18842,170
18843,349
18844,1467
18845,528
18846,760
18847,5082
18848,8625
18850,1964
18851,580
18853,4137
18854,1595
18901,28477
18902,22648
18912,250
18913,317
18914,21371
18915,1791
18917,2176
18920,483
18921,177
18923,1317
18925,6650
18927,311
18929,9736
18930,2218
18932,584
18933,135
18935,413
18936,288
18938,13192
18940,29797
18942,2498
18944,27405
18946,629
18947,6676
18950,128
18951,36556
18954,10864
18955,1453
18960,12198
18962,450
18964,14422
18966,35994
18969,15229
18970,733
18972,2944
18974,42984
18976,21942
18977,4378
18980,84
19001,17601
19002,31681
19003,14411
19004,10439
19006,23211
19007,22585
19008,20193
19009,1153
19010,22004
19012,6787
19013,34697
19014,21242
19015,16590
19017,297
19018,23150
19020,57079
19021,9713
19022,3882
19023,22636
19025,7417
19026,32749
19027,20412
19029,3970
19030,12310
19031,5166
19032,6748
19033,7614
19034,7084
19035,3779
19036,13349
19038,32157
19040,21866
19041,6088
19043,3550
19044,17134
19046,19143
19047,34182
19050,28819
19052,617
19053,28000
19054,17597
19055,13734
19056,15634
19057,17924
19060,11476
19061,20135
19063,38206
19064,25137
19066,5893
19067,53596
19070,6057
19072,10352
19073,21587
19074,5915
19075,7779
19076,6411
19078,11742
19079,9014
19081,10363
19082,41875
19083,37220
19085,10679
19086,12835
19087,33770
19090,19926
19094,4517
19095,7759
19096,15136
19102,5946
19103,25602
19104,54454
19106,14421
19107,15478
19108,162
19109,0
19111,65821
19112,0
19113,0
19114,31071
19115,34737
19116,33421
19118,10231
19119,28566
19120,68078
19121,40324
19122,24740
19123,19327
19124,70763
19125,25331
19126,17520
19127,5797
19128,37018
19129,11812
19130,30424
19131,44799
19132,31627
19133,25694
19134,56750
19135,34234
19136,35898
19137,7933
19138,31737
19139,44619
19140,54196
19141,33832
19142,30312
19143,62503
19144,48542
19145,42955
19146,40845
19147,38747
19148,50777
19149,57226
19150,23582
19151,32938
19152,35566
19153,12396
19154,34084
19301,8319
19310,3035
19311,12262
19312,11901
19316,68
19317,10844
19319,713
19320,55671
19330,5678
19333,7616
19335,52524
19341,20660
19342,20654
19343,8595
19344,12910
19345,751
19348,23435
19350,10401
19352,11689
19355,28650
19358,182
19362,6181
19363,17929
19365,7477
19367,170
19369,186
19372,2294
19373,2288
19374,732
19375,272
19380,50093
19382,53035
19383,5892
19390,12049
19401,43099
19403,43967
19405,5167
19406,29388
19422,20068
19425,17071
19426,43284
19428,20225
19435,82
19436,544
19437,625
19438,25184
19440,19650
19442,0
19444,11070
19446,61608
19453,1421
19454,28141
19456,192
19457,62
19460,43927
19462,16215
19464,48084
19465,18309
19468,28050
19472,55
19473,17731
19474,286
19475,12382
19477,85
19490,433
19492,766
19501,950
19503,1114
19504,5327
19505,3038
19506,7042
19507,3744
19508,15066
19510,8134
19511,158
19512,15420
19516,181
19518,16793
19520,6324
19522,13926
19523,20
19525,17859
19526,11412
19529,3228
19530,14896
19533,8823
19534,1983
19535,51
19536,490
19538,89
19539,4112
19540,11705
19541,4371
19543,6172
19544,174
19545,1016
19547,4558
19549,302
19550,583
19551,4578
19554,333
19555,3415
19559,341
19560,9544
19562,2965
19564,293
19565,8744
19567,5882
19601,36493
19602,18001
19604,29408
19605,20916
19606,36097
19607,24332
19608,23986
19609,10003
19610,16231
19611,11170
19701,44801
19702,56049
19703,15936
19706,2059
19707,17366
19709,50542
19710,0
19711,49113
19713,30549
19716,0
19717,6522
19720,60593
19730,506
19731,630
19732,155
19733,182
19734,14151
19735,0
19736,13
19801,16170
19802,25670
19803,21971
19804,18231
19805,40315
19806,9934
19807,7763
19808,38334
19809,15129
19810,25859
19901,39149
19902,53
19904,38125
19930,2873
19931,431
19933,11409
19934,13579
19936,176
19938,9867
19939,7833
19940,7108
19941,3120
19943,13167
19944,652
19945,8917
19946,5508
19947,19343
19950,7822
19951,1957
19952,10730
19953,4614
19954,1728
19955,359
19956,16274
19958,29599
19960,7083
19962,12618
19963,22544
19964,1570
19966,34892
19967,2093
19968,14791
19970,8265
19971,15528
19973,25786
19975,10356
19977,27164
19979,503
19980,118
20001,44022
20002,70580
20003,36194
20004,1756
20005,12960
20006,1335
20007,23696
20008,28743
20009,49997
20010,31591
20011,66951
20012,17662
20015,15413
20016,31668
20017,21013
20018,19956
20019,64365
20020,53885
20024,16197
20032,38828
20036,4635
20037,12441
20045,0
20052,2290
20057,2835
20059,1093
20064,1310
20105,35539
20106,4100
20109,44161
20110,49452
20111,38153
20112,29617
20115,8110
20117,3248
20119,3543
20120,42917
20121,27507
20124,14557
20129,469
20130,217
20132,19241
20135,3376
20136,31204
20137,1734
20141,8323
20143,744
20144,1322
20147,67007
20148,63615
20151,22502
20152,36453
20155,37516
20158,5137
20164,42694
20165,34210
20166,13854
20169,28696
20170,43372
20171,50796
20175,35038
20176,50002
20180,7791
20181,10128
20184,504
20186,15433
20187,19428
20190,22092
20191,30077
20194,12334
20197,2212
20198,2178
20204,0
20220,0
20230,0
20240,0
20245,0
20250,0
20260,0
20317,0
20319,33
20373,311
20388,0
20390,298
20408,0
20415,0
20418,0
20422,21
20427,0
20431,0
20510,0
20515,0
20520,0
20530,0
20535,0
20540,0
20542,0
20551,0
20560,0
20565,0
20566,0
20591,0
20601,27340
20602,29425
20603,32649
20606,204
20607,12506
20608,629
20609,976
20611,1128
20612,68
20613,15923
20615,422
20616,7435
20617,368
20618,1513
20619,14743
20620,1160
20621,902
20622,5259
20623,2846
20624,1157
20625,1135
20626,198
20628,791
20629,1067
20630,346
20632,687
20634,6976
20636,10357
20637,6337
20639,14969
20640,10254
20645,717
20646,21601
20650,15979
20653,26799
20656,122
20657,20519
20658,862
20659,23918
20660,16
20661,0
20662,2326
20664,3121
20667,98
20670,1577
20674,638
20675,1836
20676,3412
20677,2113
20678,12686
20680,702
20684,825
20685,6481
20686,949
20687,331
20688,1113
20689,2046
20690,1046
20692,438
20693,1238
20695,12725
20701,749
20705,28119
20706,43225
20707,36549
20708,26599
20710,9764
20711,7629
20712,9179
20714,4995
20715,26519
20716,22739
20720,26243
20721,30342
20722,6362
20723,36319
20724,18669
20732,10940
20733,2780
20735,37926
20736,9775
20737,24987
20740,36564
20742,4324
20743,39439
20744,56236
20745,29518
20746,27494
20747,37924
20748,40094
20751,2552
20754,7512
20755,10477
20758,570
20759,6758
20762,3075
20763,2320
20764,3011
20765,631
20769,7061
20770,28181
20771,0
20772,52768
20774,52221
20776,3354
20777,3046
20778,2243
20779,1010
20781,13274
20782,34646
20783,50893
20784,32271
20785,40946
20794,16182
20812,314
20814,30822
20815,31269
20816,18081
20817,37738
20818,1602
20832,25766
20833,7868
20837,6605
20838,409
20839,116
20841,9706
20842,2093
20850,50365
20851,14660
20852,47857
20853,31438
20854,49694
20855,16557
20860,2062
20861,3020
20862,393
20866,16499
20868,384
20871,28329
20872,13138
20874,62233
20876,26511
20877,39068
20878,65236
20879,26120
20880,590
20882,13661
20886,34419
20889,210
20892,0
20894,0
20895,19042
20896,890
20899,106
20901,37338
20902,53170
20903,25540
20904,57244
20905,18268
20906,71216
20910,45096
20912,25428
21001,26121
21005,2354
21009,33444
21010,216
21012,22306
21013,5985
21014,37976
21015,30451
21017,6404
21023,83
21028,2872
21029,13783
21030,25312
21031,25
21032,8553
21034,2802
21035,7787
21036,2162
21037,20851
21040,25290
21042,43021
21043,47134
21044,44775
21045,40866
21046,15433
21047,13540
21048,10002
21050,17848
21051,132
21052,246
21053,3018
21054,15412
21056,264
21057,4463
21060,39225
21061,56453
21071,355
21074,15070
21075,37146
21076,23642
21077,137
21078,20002
21082,525
21084,7488
21085,16511
21087,5742
21090,10033
21093,38895
21102,12176
21104,5786
21105,31
21108,17894
21111,4690
21113,38053
21114,25724
21117,61337
21120,7286
21122,61589
21128,14954
21130,75
21131,7050
21132,2904
21133,31847
21136,33778
21140,4231
21144,37372
21146,28489
21152,6402
21153,519
21154,7187
21155,3124
21156,297
21157,40191
21158,22404
21160,2543
21161,5288
21162,4511
21163,7031
21201,17819
21202,21506
21204,19605
21205,13665
21206,49901
21207,49599
21208,38108
21209,30766
21210,14612
21211,15481
21212,33425
21213,27881
21214,21295
21215,52078
21216,27296
21217,31125
21218,44903
21219,9873
21220,42936
21221,43536
21222,58935
21223,19793
21224,46949
21225,34469
21226,6593
21227,35695
21228,49417
21229,44687
21230,33509
21231,14556
21233,0
21234,65010
21236,39653
21237,30851
21239,28635
21240,0
21244,39545
21250,3001
21251,249
21252,4675
21285,3
21286,21782
21287,0
21401,39118
21402,2390
21403,32757
21405,426
21409,20175
21502,41810
21520,2327
21521,1521
21523,165
21524,732
21529,516
21530,1481
21531,2346
21532,13123
21536,3829
21538,605
21539,1846
21540,93
21541,1147
21542,161
21543,325
21545,1716
21550,13469
21555,1577
21557,1323
21560,0
21561,2662
21562,3192
21601,24095
21607,538
21610,358
21612,446
21613,18167
21617,10614
21619,5905
21620,13533
21622,335
21623,2482
21624,165
21625,1837
21626,145
21627,25
21628,299
21629,10285
21631,2580
21632,6227
21634,394
21635,2200
21636,913
21638,5068
21639,4621
21640,1251
21641,130
21643,5176
21644,82
21645,872
21647,412
21648,104
21649,1938
21650,98
21651,2448
21652,170
21653,132
21654,1195
21655,4995
21657,1533
21658,3802
21659,1480
21660,4244
21661,2400
21662,612
21663,3745
21664,598
21665,169
21666,14205
21667,276
21668,1973
21669,102
21671,836
21672,161
21673,2839
21675,43
21676,300
21677,534
21678,1868
21679,332
21701,41340
21702,47437
21703,41766
21704,19623
21705,4
21710,4901
21711,789
21713,10146
21714,113
21715,18
21716,6757
21717,296
21718,142
21719,1162
21722,6918
21723,587
21727,6079
21733,1240
21734,826
21737,2384
21738,3668
21740,63140
21742,35114
21746,2416
21750,3585
21754,7439
21755,5740
21756,3172
21757,2810
21758,4238
21762,176
21766,509
21767,914
21769,12695
21770,7815
21771,32827
21773,5619
21774,16515
21776,5905
21777,2333
21778,840
21779,1449
21780,1814
21781,34
21782,4056
21783,9881
21784,37813
21787,11549
21788,11919
21790,38
21791,4734
21793,10914
21794,2326
21795,9942
21797,8772
21798,2765
21801,30063
21804,39461
21810,125
21811,24263
21813,2936
21814,205
21817,4102
21821,736
21822,2603
21824,234
21826,5656
21829,259
21830,5001
21835,390
21837,2975
21838,1975
21840,573
21841,942
21842,11121
21849,3845
21850,3733
21851,7252
21853,11161
21856,816
21861,806
21862,41
21863,5202
21864,667
21865,310
21866,106
21867,52
21869,889
21871,1635
21872,675
21874,1847
21875,7455
21890,3248
21901,19585
21902,313
21903,5679
21904,6401
21911,10402
21912,1430
21913,863
21914,786
21915,2471
21917,1786
21918,4125
21919,3644
21920,1153
21921,45698
21930,30
22003,58154
22015,44730
22025,18934
22026,21025
22027,1781
22030,60855
22031,36586
22032,29172
22033,38676
22035,0
22039,19034
22041,29764
22042,34631
22043,25658
22044,14001
22046,18117
22060,10261
22066,16884
22079,36523
22101,31306
22102,28577
22124,18915
22125,839
22134,7785
22150,27770
22151,17376
22152,29066
22153,32656
22172,12046
22180,26506
22181,15529
22182,27592
22191,73755
22192,59034
22193,83798
22201,38419
22202,27352
22203,25921
22204,51971
22205,17566
22206,20678
22207,35186
22209,13725
22211,1086
22213,4063
22214,0
22301,13830
22302,18277
22303,16566
22304,48577
22305,17721
22306,31471
22307,10205
22308,13660
22309,34948
22310,29120
22311,19340
22312,26366
22314,35696
22315,28725
22401,28201
22405,36093
22406,26248
22407,64273
22408,31050
22427,4301
22432,210
22433,237
22435,2447
22436,719
22437,631
22438,261
22443,10026
22448,658
22454,2278
22460,1797
22469,1986
22472,968
22473,5646
22476,332
22480,875
22482,3171
22485,26810
22488,807
22503,4046
22504,117
22508,15608
22509,102
22511,1037
22514,2397
22520,5014
22529,144
22534,3337
22535,602
22538,278
22539,1607
22542,2223
22546,17857
22548,25
22551,23366
22553,16960
22554,64605
22556,31783
22560,6523
22567,2861
22572,6802
22576,1737
22578,2346
22580,4956
22601,29385
22602,32176
22603,17748
22610,1870
22611,9292
22620,2649
22623,859
22624,3193
22625,3126
22627,902
22630,35211
22637,2049
22639,619
22640,499
22641,136
22642,4130
22643,133
22644,2592
22645,4344
22646,0
22650,998
22652,1529
22654,993
22655,22393
22656,5162
22657,12047
22660,1441
22663,1458
22664,9681
22701,37575
22709,1119
22711,140
22712,9745
22713,1932
22714,785
22715,1627
22716,1066
22718,646
22719,307
22720,1531
22722,399
22723,56
22724,2416
22725,94
22726,606
22727,5785
22728,3214
22729,1264
22730,251
22731,354
22732,237
22733,1828
22734,3872
22735,1851
22736,948
22737,3062
22738,848
22740,873
22741,371
22742,1514
22743,189
22746,625
22747,1384
22749,176
22801,39870
22802,29370
22807,5520
22810,505
22811,394
22812,10121
22815,8716
22820,211
22821,6074
22824,6061
22827,10357
22830,2259
22831,447
22832,952
22834,1074
22835,11358
22840,5231
22841,3001
22842,5763
22843,2870
22844,4674
22845,54
22846,1727
22847,700
22849,5291
22850,1386
22851,5894
22853,4876
22901,36922
22902,24396
22903,39925
22904,5795
22908,0
22911,18985
22920,3744
22922,2255
22923,6727
22931,219
22932,9182
22935,962
22936,6478
22937,1556
22938,899
22939,7148
22940,935
22942,10115
22943,627
22946,148
22947,5201
22948,100
22949,1260
22952,1500
22957,0
22958,2188
22959,1802
22960,10877
22963,16786
22964,206
22967,2647
22968,10603
22969,1675
22971,2349
22972,324
22973,5980
22974,5123
22976,136
22980,32756
22989,103
23002,10657
23004,878
23005,19454
23009,8203
23011,1596
23015,4384
23021,0
23022,1130
23023,520
23024,10770
23025,686
23027,1727
23030,4385
23032,178
23035,1549
23038,1487
23039,1101
23040,4491
23043,1528
23045,93
23047,1457
23050,422
23055,950
23056,192
23059,41172
23060,36111
23061,23219
23062,1862
23063,5728
23065,1579
23066,584
23068,207
23069,3389
23070,615
23071,1970
23072,13069
23075,8235
23076,537
23079,491
23081,0
23083,2384
23084,1282
23085,390
23086,3560
23089,4807
23091,588
23092,807
23093,14243
23102,3323
23103,6657
23106,877
23108,45
23109,2525
23110,706
23111,37699
23112,56364
23113,26558
23114,21572
23116,34058
23117,10772
23119,181
23120,17240
23123,1934
23124,4913
23126,394
23128,353
23129,394
23130,69
23138,1066
23139,27085
23140,7533
23141,7795
23146,3300
23147,0
23148,1472
23149,2535
23150,12152
23153,1303
23156,1249
23160,1325
23161,208
23163,92
23168,8783
23169,975
23173,2172
23175,1750
23176,608
23177,611
23180,581
23181,5386
23185,54411
23188,45342
23192,6445
23219,3856
23220,34524
23221,14180
23222,26809
23223,56569
23224,39010
23225,42223
23226,15764
23227,25574
23228,36435
23229,35883
23230,8304
23231,37949
23233,31775
23234,46284
23235,33207
23236,27118
23237,28262
23238,25893
23250,0
23284,2239
23294,19377
23298,170
23301,2314
23302,0
23303,370
23304,11
23306,1122
23307,652
23308,2118
23310,4934
23314,9795
23315,1599
23316,71
23320,59626
23321,39469
23322,66079
23323,43383
23324,23684
23325,19236
23336,3323
23337,582
23347,488
23350,2993
23354,472
23356,1738
23357,796
23358,279
23359,920
23389,87
23395,479
23398,20
23401,271
23405,1295
23407,739
23408,0
23409,90
23410,2393
23413,868
23414,0
23415,2140
23416,96
23417,3862
23418,742
23420,2686
23421,3917
23422,195
23423,288
23426,10
23427,233
23430,19057
23432,1405
23433,1424
23434,52556
23435,33401
23436,873
23437,5088
23438,1620
23440,240
23441,0
23442,886
23451,44641
23452,57995
23453,34545
23454,57773
23455,50501
23456,60744
23457,4927
23459,1442
23460,1250
23461,892
23462,67066
23464,75290
23480,368
23486,322
23487,6238
23488,42
23502,19836
23503,30559
23504,24052
23505,28983
23507,6515
23508,20119
23509,12912
23510,9240
23511,10024
23513,29962
23517,4550
23518,28957
23523,7698
23551,1630
23601,26557
23602,42699
23603,3428
23604,4768
23605,13334
23606,29899
23607,23028
23608,43841
23651,415
23661,14141
23662,12556
23663,14599
23664,10175
23665,6071
23666,53226
23667,61
23668,752
23669,39730
23681,0
23690,4948
23691,492
23692,19208
23693,23208
23696,3987
23701,24430
23702,12087
23703,26364
23704,19235
23707,14311
23708,316
23709,503
23801,8318
23803,41794
23805,21385
23821,1894
23824,6650
23827,1086
23828,571
23829,2557
23830,1471
23831,37819
23832,42410
23833,2284
23834,26752
23836,13891
23837,4414
23838,17213
23839,873
23840,1593
23841,2938
23842,7510
23843,396
23844,614
23845,236
23846,487
23847,13346
23850,984
23851,13481
23856,620
23857,312
23860,31432
23866,1837
23867,4924
23868,6215
23870,0
23872,2511
23874,714
23875,12896
23876,267
23878,1205
23879,532
23881,2330
23882,1967
23883,1869
23884,16
23885,2859
23887,619
23888,2563
23889,690
23890,4600
23891,1498
23893,545
23894,403
23897,1019
23898,2146
23899,360
23901,15016
23909,1176
23915,1534
23917,2721
23919,2096
23920,3080
23921,2184
23922,4390
23923,2395
23924,5709
23927,4715
23930,5258
23934,433
23936,6992
23937,2079
23938,257
23942,1403
23943,1020
23944,3812
23947,3195
23950,3732
23952,62
23954,2364
23955,18
23958,3127
23959,1198
23960,2177
23962,498
23963,448
23964,967
23966,1877
23967,1392
23968,737
23970,8092
23974,4908
23976,128
24011,789
24012,28734
24013,7685
24014,15443
24015,15761
24016,9828
24017,24565
24018,38835
24019,28615
24020,597
24022,0
24053,2461
24054,6046
24055,11520
24058,312
24059,732
24060,48197
24061,9194
24064,5226
24065,6497
24066,5234
24067,2225
24069,1508
24070,1481
24072,1213
24073,30125
24076,1242
24077,1098
24078,7217
24079,1644
24082,362
24083,4379
24084,10860
24085,2425
24086,234
24087,3948
24088,4999
24089,2074
24090,4612
24091,7307
24092,3336
24093,99
24095,3426
24101,6160
24102,1504
24104,3005
24105,379
24112,30862
24120,1608
24121,10782
24122,1421
24124,4177
24127,4184
24128,1660
24129,115
24131,13
24132,558
24133,2521
24134,5296
24136,3278
24137,2695
24138,1338
24139,689
24141,21378
24142,2235
24147,1400
24148,8528
24149,3935
24150,823
24151,18256
24153,38249
24161,478
24162,2169
24165,1633
24167,231
24168,132
24171,7713
24174,2335
24175,8054
24176,1506
24179,18834
24184,4530
24185,770
24201,16039
24202,12324
24210,17092
24211,10341
24216,2356
24217,426
24219,10416
24220,630
24221,717
24224,5330
24225,1905
24226,1798
24228,6336
24230,7057
24236,3023
24237,1064
24239,8
24243,1139
24244,5531
24245,873
24246,187
24248,2330
24250,1167
24251,7976
24256,2965
24258,1237
24260,5070
24263,5661
24265,967
24266,8688
24269,263
24270,385
24271,2546
24272,541
24273,5860
24277,6379
24279,4679
24280,878
24281,2327
24282,796
24283,1873
24290,2276
24292,365
24293,9622
24301,13370
24311,1503
24312,1586
24313,831
24314,1353
24315,3789
24316,48
24317,3559
24318,532
24319,6963
24322,23
24323,929
24324,2442
24325,1023
24326,642
24327,590
24328,1724
24330,2870
24333,17841
24340,6173
24343,8942
24347,1549
24348,5095
24350,1385
24351,478
24352,1321
24354,12984
24360,5647
24361,4644
24363,1012
24366,333
24368,5372
24370,5740
24374,514
24375,1648
24377,572
24378,1020
24380,2998
24381,3480
24382,14751
24401,37720
24411,3
24412,187
24413,383
24415,44
24416,9186
24421,3718
24422,5537
24426,13611
24430,3300
24431,2412
24432,498
24433,59
24435,1666
24437,1625
24439,1012
24440,2496
24441,6376
24442,70
24445,2395
24448,398
24450,17760
24457,390
24458,213
24459,478
24460,1087
24464,238
24465,1287
24467,2500
24469,0
24471,1795
24472,2204
24473,831
24474,333
24476,254
24477,11405
24479,1957
24482,5331
24483,704
24484,530
24485,379
24486,3444
24487,543
24501,26393
24502,41314
24503,19978
24504,9471
24515,6081
24517,4932
24520,2225
24521,10101
24522,10494
24523,21447
24526,1374
24527,3190
24528,3793
24529,1197
24530,749
24531,9107
24534,1795
24536,387
24538,4823
24539,159
24540,31491
24541,28151
24549,4117
24550,7941
24551,27606
24553,1553
24554,3564
24555,2220
24556,2695
24557,7832
24558,6044
24562,619
24563,5014
24565,1059
24566,1350
24569,1025
24570,0
24571,2073
24572,15515
24574,4071
24577,4701
24578,525
24579,1037
24580,510
24581,0
24586,4140
24588,8664
24589,1859
24590,7940
24592,14411
24593,2098
24594,1585
24595,587
24597,851
24598,1267
24599,725
24601,0
24602,986
24603,306
24604,242
24605,8839
24606,262
24607,337
24609,6848
24612,175
24613,283
24614,6992
24620,2539
24622,606
24630,5920
24631,2076
24634,440
24635,836
24637,3595
24639,3432
24641,5417
24646,785
24649,1882
24651,5683
24656,2664
24657,268
24701,17943
24712,2554
24714,210
24715,230
24716,160
24719,117
24724,54
24726,531
24729,57
24731,12
24733,255
24736,724
24737,1169
24738,0
24739,13093
24740,16559
24747,3551
24801,5107
24808,645
24811,310
24813,110
24815,403
24816,14
24817,1825
24818,1803
24822,891
24823,504
24826,62
24827,928
24828,642
24830,71
24831,409
24834,1287
24836,662
24839,397
24843,14
24844,1070
24845,579
24846,373
24847,159
24848,101
24849,133
24850,0
24851,235
24853,442
24854,717
24855,34
24857,821
24860,437
24861,87
24862,602
24866,639
24867,83
24868,1070
24869,313
24870,1652
24871,592
24872,576
24873,157
24874,1949
24878,156
24879,299
24880,349
24881,150
24882,1119
24884,120
24887,0
24888,111
24892,1636
24894,260
24895,12
24898,167
24901,9022
24910,4556
24915,651
24916,369
24918,1437
24920,461
24924,682
24925,433
24927,517
24931,1221
24934,328
24935,363
24938,1470
24941,1077
24943,141
24944,331
24945,241
24946,1019
24951,1392
24954,2973
24957,504
24962,70
24963,3860
24966,1127
24970,4007
24974,348
24976,871
24977,341
24981,545
24983,1783
24984,200
24985,217
24986,5082
24991,426
24993,59
25002,0
25003,1734
25005,246
25007,766
25008,180
25009,740
25011,472
25015,3577
25019,586
25021,293
25022,39
25024,555
25025,141
25028,234
25030,440
25031,622
25033,1903
25035,419
25036,257
25039,684
25040,583
25043,1446
25044,275
25045,4230
25047,197
25048,237
25049,435
25051,216
25053,3828
25054,304
25057,75
25059,374
25060,47
25061,520
25062,183
25063,1581
25064,9182
25067,776
25070,1932
25071,11243
25075,891
25076,98
25081,1084
25082,1847
25083,381
25085,620
25086,840
25088,148
25090,90
25093,177
25102,413
25103,190
25106,324
25107,375
25108,607
25109,699
25110,425
25111,211
25112,167
25113,522
25114,261
25115,41
25118,285
25119,424
25121,1049
25123,2827
25124,1714
25125,1016
25126,141
25130,3347
25132,387
25133,417
25134,508
25136,1749
25139,646
25140,1295
25141,300
25142,322
25143,9185
25148,582
25149,126
25152,548
25154,1326
25156,48
25159,4207
25160,596
25161,585
25162,406
25164,697
25165,775
25168,2827
25169,457
25173,27
25174,305
25177,23211
25180,221
25181,1281
25183,70
25185,734
25186,925
25187,739
25193,280
25201,46
25202,1408
25203,197
25204,160
25205,248
25206,174
25208,782
25209,529
25211,129
25213,6274
25214,1042
25231,0
25234,624
25235,1075
25239,1605
25241,1948
25243,686
25244,838
25245,626
25247,507
25248,3546
25251,564
25252,1166
25253,2246
25259,821
25260,1494
25261,176
25262,1265
25264,583
25265,1616
25266,842
25267,417
25268,615
25270,970
25271,7974
25275,1900
25276,7355
25285,629
25286,1388
25287,1104
25301,2454
25302,13280
25303,6987
25304,8480
25305,0
25306,6283
25309,12144
25311,9613
25312,10089
25313,11862
25314,15742
25315,3227
25320,4362
25387,5173
25401,15661
25403,15865
25404,22809
25405,14993
25411,11929
25413,8964
25414,20273
25419,12850
25420,5086
25421,33
25422,1720
25425,13404
25427,16410
25428,13690
25430,8215
25431,313
25432,113
25434,3087
25437,180
25438,7356
25442,2918
25443,7298
25444,477
25446,1477
25501,1230
25502,627
25503,654
25504,12197
25505,401
25506,5690
25507,1180
25508,8282
25510,5407
25511,835
25512,1197
25514,3841
25515,2319
25517,1328
25520,1164
25521,1034
25523,2704
25524,2373
25526,22522
25529,1085
25530,6642
25534,62
25535,2420
25537,1553
25540,320
25541,9360
25544,128
25545,5005
25547,374
25550,8925
25555,2083
25557,1402
25559,1501
25560,8292
25564,1566
25565,877
25567,782
25570,6075
25571,1874
25573,418
25601,5007
25606,817
25607,727
25608,960
25611,1004
25612,251
25617,177
25621,1675
25624,408
25625,1300
25628,498
25630,423
25632,823
25634,1372
25635,1973
25637,1234
25638,237
25639,690
25644,603
25646,1177
25647,179
25649,1338
25650,68
25651,485
25652,1394
25653,89
25654,205
25661,4485
25666,30
25667,577
25669,867
25670,3312
25671,1755
25672,390
25674,2056
25676,1343
25678,1410
25685,469
25688,320
25690,842
25692,1498
25696,1382
25699,0
25701,21860
25702,7164
25703,4963
25704,14413
25705,20668
25755,1560
25801,30869
25810,0
25811,51
25812,1317
25813,7429
25817,53
25818,310
25820,495
25823,419
25825,2482
25826,660
25827,1851
25831,1234
25832,4843
25836,1153
25837,409
25839,453
25840,7917
25841,555
25843,1301
25844,661
25845,584
25846,55
25848,115
25849,200
25851,0
25853,49
25854,570
25855,368
25857,25
25862,267
25864,127
25865,1431
25866,343
25868,629
25870,58
25871,934
25873,617
25875,913
25876,68
25878,968
25879,260
25880,5552
25882,2361
25901,10225
25902,326
25904,411
25907,198
25908,127
25909,1005
25911,115
25913,132
25915,229
25916,182
25917,1341
25918,4659
25920,331
25921,2820
25922,71
25928,207
25932,228
25936,5
25938,1650
25942,100
25943,0
25951,5286
25958,619
25962,3345
25966,67
25969,1635
25971,1487
25972,208
25976,2314
25977,8
25978,560
25979,689
25981,881
25984,1957
25985,381
25986,237
25989,441
26003,40445
26030,588
26031,1556
26032,1109
26033,1806
26034,4555
26035,2134
26036,457
26037,5727
26038,2926
26039,383
26040,1855
26041,15706
26047,5404
26050,1504
26055,1044
26056,258
26058,155
26059,2863
26060,1789
26062,20721
26070,7951
26074,1461
26075,569
26101,28571
26104,16729
26105,12297
26133,1247
26134,750
26136,266
26137,1064
26138,87
26141,523
26142,2186
26143,3326
26146,1109
26147,1873
26148,233
26149,2330
26150,5928
26151,343
26152,12
26155,7715
26159,2523
26160,1187
26161,490
26162,0
26164,7342
26167,478
26169,837
26170,6153
26175,3168
26178,272
26180,2181
26181,5708
26184,2328
26187,6100
26201,19020
26202,299
26203,503
26205,2257
26206,2797
26208,853
26209,43
26210,17
26215,122
26217,316
26218,2880
26222,229
26224,202
26228,0
26230,95
26234,1053
26236,0
26237,556
26238,1049
26241,14221
26250,5743
26253,2803
26254,127
26257,796
26259,68
26260,1307
26261,3115
26263,232
26264,664
26266,433
26267,956
26268,37
26269,983
26270,742
26271,313
26273,2130
26275,594
26276,821
26278,540
26280,1384
26282,197
26283,1377
26285,275
26287,2967
26288,2958
26289,13
26291,25
26292,712
26293,713
26294,335
26296,45
26298,29
26301,29025
26320,705
26321,329
26323,423
26325,271
26327,30
26330,15130
26335,1123
26337,842
26338,592
26339,174
26342,564
26343,297
26346,637
26347,2345
26348,281
26349,239
26351,4635
26354,10101
26361,53
26362,2904
26366,12
26369,485
26372,774
26374,1858
26376,494
26377,678
26378,4639
26384,330
26385,3021
26386,2529
26404,101
26405,956
26408,2188
26410,684
26411,619
26412,601
26415,3450
26416,7157
26419,673
26421,175
26422,265
26424,196
26425,864
26426,7302
26430,299
26431,5899
26435,67
26436,180
26437,476
26438,105
26440,1364
26443,359
26444,3300
26447,1206
26448,1181
26451,529
26452,9374
26456,3258
26463,218
26501,19640
26505,37691
26506,1474
26508,39356
26519,2126
26520,360
26521,119
26524,135
26525,8390
26534,831
26537,5392
26541,3170
26542,2120
26543,26
26544,0
26546,400
26547,3001
26554,42116
26559,1597
26560,153
26562,830
26563,188
26568,622
26570,3155
26571,1520
26572,452
26574,405
26575,579
26576,712
26581,909
26582,3929
26585,663
26586,63
26587,191
26588,2911
26590,516
26591,1609
26601,3767
26610,811
26611,179
26615,128
26617,694
26619,562
26621,920
26623,1515
26624,2169
26627,376
26629,363
26631,234
26636,193
26638,307
26651,10070
26656,363
26660,448
26662,645
26667,48
26671,349
26676,205
26678,1524
26679,1180
26680,372
26681,1098
26684,300
26690,863
26691,735
26704,5403
26705,680
26707,311
26710,2043
26711,2352
26714,506
26716,911
26717,1421
26719,2020
26720,52
26722,387
26726,12619
26731,256
26739,568
26743,2126
26750,897
26753,5858
26755,826
26757,7020
26761,513
26763,1564
26764,4349
26767,419
26801,1441
26802,809
26804,537
26807,2361
26808,999
26810,327
26812,1644
26814,385
26815,553
26817,586
26818,1130
26823,123
26833,2749
26836,6171
26838,113
26845,967
26847,5535
26851,1612
26852,922
26855,704
26865,233
26866,911
26884,229
26886,186
27006,16254
27007,2294
27009,3493
27011,5109
27012,29708
27013,6975
27014,921
27016,1858
27017,9594
27018,7838
27019,2946
27020,5854
27021,17029
27022,1187
27023,13998
27024,2362
27025,12333
27027,3950
27028,26026
27030,36350
27040,12574
27041,7506
27042,178
27043,6885
27045,10086
27046,2285
27047,1473
27048,8409
27050,3701
27051,7674
27052,10599
27053,3187
27054,2372
27055,14436
27101,21881
27103,33978
27104,31184
27105,41257
27106,49296
27107,51305
27109,2583
27110,2171
27127,41450
27201,135
27202,125
27203,22641
27205,36212
27207,4129
27208,1615
27209,3935
27212,2215
27213,53
27214,14929
27215,45967
27217,40561
27229,3270
27231,2174
27233,3414
27235,4963
27239,8409
27242,1666
27243,5506
27244,16652
27247,117
27248,3975
27249,13081
27252,1066
27253,32688
27256,74
27258,7162
27259,25
27260,25941
27262,26137
27263,21294
27265,50123
27268,1324
27278,28546
27281,3290
27282,14729
27283,3262
27284,57119
27288,22768
27291,1654
27292,40369
27295,38521
27298,10507
27299,5144
27301,10897
27302,34222
27305,1375
27306,5457
27310,8573
27311,3656
27312,22443
27313,8009
27314,596
27315,2005
27316,7229
27317,17769
27320,38610
27325,7261
27326,3387
27330,41473
27332,34378
27340,54
27341,4201
27342,72
27343,1606
27344,18804
27349,6225
27350,6110
27351,143
27355,2043
27356,3112
27357,9785
27358,15283
27360,48520
27370,15223
27371,7842
27374,235
27376,9693
27377,10388
27379,4143
27401,21788
27403,20675
27405,52525
27406,63661
27407,52583
27408,16229
27409,16927
27410,54317
27411,1649
27412,3150
27455,29392
27501,23237
27502,47436
27503,5092
27504,15999
27505,7985
27506,1064
27507,1983
27508,2448
27509,7838
27510,13739
27511,33279
27513,47444
27514,32612
27516,46372
27517,28676
27518,18995
27519,67976
27520,48662
27521,6607
27522,13654
27523,18330
27524,14420
27525,16485
27526,59306
27527,35968
27529,55201
27530,37442
27531,660
27533,200
27534,31340
27536,15293
27537,23795
27539,25944
27540,45993
27541,3862
27542,9441
27544,3991
27545,33750
27546,20802
27549,25826
27551,1888
27553,1953
27555,788
27556,180
27557,8407
27559,2607
27560,39442
27562,5044
27563,5300
27565,23658
27568,1563
27569,8396
27570,0
27571,8908
27572,6524
27573,11954
27574,14163
27576,20104
27577,26946
27581,3941
27582,307
27583,6633
27584,192
27587,81902
27589,6763
27591,26745
27592,20239
27593,0
27594,75
27596,19574
27597,29003
27599,0
27601,9702
27603,53835
27604,44094
27605,6121
27606,45728
27607,26062
27608,12522
27609,35548
27610,80173
27612,40475
27613,44357
27614,33021
27615,45722
27616,61161
27617,20012
27695,1922
27697,0
27701,24881
27703,62994
27704,41346
27705,48412
27707,50865
27708,3185
27709,0
27712,23541
27713,58409
27801,19489
27803,19851
27804,29992
27805,3187
27806,2199
27807,5951
27808,1976
27809,3917
27810,3637
27812,2059
27813,714
27814,1746
27815,0
27816,2964
27817,7764
27818,1158
27819,562
27820,2161
27821,37
27822,7745
27823,6498
27824,1093
27825,102
27826,1039
27827,119
27828,8155
27829,1525
27830,3992
27831,2640
27832,2525
27834,55073
27837,6537
27839,3595
27840,254
27841,49
27842,1439
27843,976
27844,3361
27845,2339
27846,2689
27847,1026
27849,1221
27850,6817
27851,5366
27852,2415
27853,589
27855,5635
27856,17001
27857,1211
27858,56258
27860,1349
27861,134
27862,709
27863,13401
27864,4283
27865,2362
27866,390
27869,1760
27870,24778
27871,3559
27872,347
27873,212
27874,3677
27875,331
27876,1181
27877,10
27878,1099
27879,259
27880,3976
27881,29
27882,8629
27883,4447
27884,1608
27885,949
27886,18560
27888,1904
27889,24568
27890,2350
27891,4484
27892,13387
27893,38626
27896,18808
27897,1397
27909,40878
27910,10427
27915,364
27916,1210
27917,759
27919,797
27920,1451
27921,4903
27922,727
27923,479
27924,2183
27925,3206
27926,1881
27927,1129
27928,1720
27929,3331
27932,12784
27935,1386
27936,613
27937,3122
27938,1863
27939,2422
27941,448
27942,645
27943,381
27944,11255
27946,1027
27947,990
27948,12628
27949,8094
27950,1786
27953,1056
27954,7080
27956,201
27957,1017
27958,13625
27959,3172
27960,709
27962,7015
27964,510
27965,433
27966,1516
27967,389
27968,306
27969,177
27970,2769
27972,228
27973,1422
27974,906
27976,4237
27978,221
27979,1060
27980,1719
27981,1802
27982,138
27983,8642
27985,326
27986,1581
28001,26187
28006,1311
28007,800
28009,1343
28012,26519
28016,12882
28017,465
28018,5298
28019,0
28020,2344
28021,13668
28023,15255
28024,31
28025,57510
28027,79429
28031,31021
28032,3222
28033,3100
28034,19470
28036,21824
28037,27128
28039,12
28040,7047
28041,4
28042,306
28043,20896
28052,36896
28054,39493
28056,35963
28071,3056
28072,591
28073,6246
28074,12
28075,21562
28076,273
28077,297
28078,69907
28079,40820
28080,8075
28081,29071
28083,28474
28086,28921
28088,2819
28089,141
28090,7422
28091,1990
28092,40224
28097,7976
28098,3746
28101,1027
28102,124
28103,11058
28104,36232
28105,45922
28107,9638
28108,31
28109,620
28110,55807
28112,27651
28114,7568
28115,42862
28117,48170
28119,2454
28120,24363
28124,6169
28125,2769
28127,7684
28128,7610
28129,5556
28133,2027
28134,13121
28135,5087
28136,92
28137,2618
28138,9795
28139,18887
28144,27238
28146,31757
28147,25189
28150,26447
28152,27031
28159,3181
28160,3825
28163,6158
28164,15991
28166,11009
28167,2217
28168,10436
28169,117
28170,9595
28173,63503
28174,9439
28202,16855
28203,18324
28204,9744
28205,51297
28206,14726
28207,9709
28208,38948
28209,23945
28210,47537
28211,32637
28212,42628
28213,45676
28214,42197
28215,65789
28216,54052
28217,31909
28223,4248
28226,38985
28227,60162
28244,0
28262,45884
28269,80396
28270,32913
28273,49141
28274,687
28277,72375
28278,36438
28280,0
28282,0
28301,16221
28303,30220
28304,36634
28305,5993
28306,44098
28307,14352
28308,375
28310,9998
28311,35927
28312,19889
28314,56200
28315,14143
28318,4303
28320,7990
28323,4864
28325,440
28326,25981
28327,18984
28328,26314
28330,464
28331,71
28332,786
28333,10433
28334,22393
28337,8747
28338,3320
28339,6842
28340,9756
28341,3037
28342,121
28343,1795
28344,4265
28345,12224
28347,1966
28348,38921
28349,3852
28350,236
28351,4792
28352,24177
28355,0
28356,5747
28357,2599
28358,33745
28359,947
28360,12735
28362,47
28363,1001
28364,13184
28365,15008
28366,4221
28367,138
28368,115
28369,1781
28371,6458
28372,12286
28373,2508
28374,19501
28375,177
28376,43980
28377,11188
28378,22
28379,24068
28382,6659
28383,6794
28384,11166
28385,2492
28386,5246
28387,15643
28390,24158
28391,5956
28392,1564
28393,1918
28394,5091
28395,2524
28396,2384
28398,6084
28399,1552
28401,21820
28403,40292
28405,35159
28409,35013
28411,37303
28412,42452
28420,2697
28421,2130
28422,8590
28423,2477
28424,85
28425,10823
28428,7034
28429,9083
28430,1678
28431,6104
28432,1398
28433,4199
28434,643
28435,2012
28436,2145
28438,1706
28439,1171
28441,2913
28442,1134
28443,27203
28444,2756
28445,9784
28447,1483
28448,901
28449,2017
28450,2256
28451,44262
28452,752
28453,3065
28454,2851
28455,2021
28456,3565
28457,11131
28458,5768
28460,13405
28461,23186
28462,12336
28463,7023
28464,2554
28465,8689
28466,8746
28467,12923
28468,4844
28469,9364
28470,10964
28472,17833
28478,4591
28479,6971
28480,2727
28501,18112
28504,20325
28508,1742
28509,0
28510,1452
28511,627
28512,3452
28513,9754
28515,2759
28516,11143
28518,8065
28519,534
28520,143
28521,1554
28523,2710
28524,290
28525,2684
28526,1849
28527,1203
28528,607
28529,2074
28530,7055
28531,1080
28532,19918
28533,2741
28537,6
28538,2231
28539,17900
28540,50808
28542,3559
28543,6341
28544,4260
28546,48122
28547,21266
28551,13264
28552,218
28553,449
28554,77
28555,5893
28556,923
28557,15355
28560,27981
28562,38838
28570,21435
28571,2685
28572,6080
28573,1808
28574,20631
28575,171
28577,338
28578,4585
28579,652
28580,12048
28581,132
28582,1504
28584,14668
28585,3944
28586,8094
28587,204
28589,34
28590,26994
28594,3915
28601,52839
28602,29273
28604,7280
28605,3471
28606,1743
28607,35504
28609,6617
28610,10920
28611,270
28612,11182
28613,23486
28615,1983
28616,129
28617,1469
28618,2240
28619,457
28621,9977
28622,2701
28623,1927
28624,1368
28625,38213
28626,3058
28627,1273
28628,50
28629,46
28630,20400
28631,724
28634,5056
28635,3107
28636,5129
28637,1512
28638,11629
28640,4818
28641,71
28642,5591
28643,4241
28644,1123
28645,46237
28646,544
28649,1581
28650,13082
28651,4629
28652,157
28653,25
28654,3287
28655,56201
28657,8098
28658,25681
28659,21557
28660,2813
28662,0
28663,474
28664,41
28665,2708
28666,301
28667,282
28668,166
28669,2828
28670,2173
28671,377
28672,163
28673,6339
28675,6702
28676,2863
28677,37628
28678,4701
28679,2535
28681,26117
28682,1429
28683,1381
28684,1835
28685,2345
28689,2525
28690,9294
28692,4462
28693,1250
28694,7369
28697,13412
28698,2259
28701,5515
28702,471
28704,23516
28705,6733
28707,580
28708,333
28709,2269
28710,0
28711,12579
28712,19600
28713,8441
28714,16621
28715,28770
28716,16216
28717,1511
28718,631
28719,6577
28720,135
28721,10561
28722,5998
28723,11427
28725,78
28726,4373
28729,3386
28730,7213
28731,9075
28732,18490
28733,55
28734,29158
28735,206
28736,1093
28739,20656
28740,1872
28741,4266
28742,3026
28743,2374
28745,555
28746,2734
28747,2216
28748,12922
28749,94
28751,4370
28752,30602
28753,9778
28754,9897
28755,0
28756,4468
28757,474
28758,43
28759,7564
28761,7884
28762,6305
28763,2525
28766,1014
28768,6836
28770,0
28771,7637
28772,1355
28773,3198
28774,1437
28775,795
28777,10368
28778,11933
28779,17845
28781,1058
28782,6337
28783,1915
28785,8619
28786,22153
28787,22685
28788,197
28789,6347
28790,3328
28791,15361
28792,36071
28801,13580
28803,34750
28804,25141
28805,20246
28806,45644
28901,5624
28902,966
28904,10614
28905,3316
28906,19712
28909,356
29001,2244
29003,5616
29006,8987
29009,2396
29010,11564
29014,1229
29015,1326
29016,29193
29018,3374
29020,22868
29030,1764
29031,1747
29032,4817
29033,12971
29036,26720
29037,1050
29038,2452
29039,3008
29040,8906
29042,4761
29044,4299
29045,28896
29046,36
29047,3745
29048,4680
29051,450
29052,2057
29053,20818
29054,10137
29055,3858
29056,2288
29058,5790
29059,5234
29061,12875
29062,9
29063,38475
29065,574
29067,11498
29069,5029
29070,15528
29072,68389
29073,51471
29074,200
29075,2746
29078,16370
29079,26
29080,2784
29081,1202
29082,377
29101,2724
29102,16133
29104,1559
29105,1640
29107,2695
29108,19871
29111,1551
29112,3718
29113,2186
29114,1815
29115,27179
29117,422
29118,15676
29122,71
29123,8024
29125,3081
29126,2638
29127,9215
29128,4309
29129,5329
29130,6427
29133,1198
29135,7940
29137,2212
29138,9641
29142,4658
29145,641
29146,1295
29148,5753
29150,38525
29152,2012
29153,15101
29154,29659
29160,7196
29161,10114
29162,3575
29163,1546
29164,4961
29166,790
29168,2583
29169,21342
29170,21460
29172,9354
29175,247
29177,179
29178,3509
29180,11862
29201,22955
29203,40811
29204,18067
29205,22757
29206,20054
29207,9289
29208,2381
29209,37314
29210,40504
29212,27701
29223,52835
29225,430
29229,50652
29301,35694
29302,19031
29303,28009
29306,17270
29307,18497
29316,31874
29320,526
29321,3147
29322,10573
29323,15087
29324,70
29325,14164
29329,293
29330,8720
29331,89
29332,3261
29333,227
29334,18260
29335,5751
29338,66
29340,21394
29341,19564
29346,173
29349,37314
29351,1375
29353,3627
29355,757
29356,8782
29360,22066
29364,525
29365,14566
29368,347
29369,15782
29370,480
29372,3440
29373,293
29374,2774
29375,129
29376,8722
29377,422
29378,126
29379,17580
29384,3440
29385,7809
29388,16020
29401,9210
29403,22319
29404,2217
29405,26717
29406,32482
29407,36640
29409,2328
29410,20984
29412,40495
29414,43717
29418,25589
29420,23311
29424,1219
29425,0
29426,1640
29429,4366
29431,7376
29432,2422
29434,529
29435,4579
29436,4257
29437,2287
29438,2659
29439,869
29440,26419
29445,59011
29446,1257
29448,2224
29449,7761
29450,3124
29451,4382
29452,200
29453,1282
29455,26308
29456,39280
29458,2354
29461,42535
29464,51758
29466,44387
29468,2319
29469,517
29470,5869
29471,1332
29472,11531
29474,1275
29475,2676
29477,6949
29479,6287
29481,1742
29482,2127
29483,56979
29485,58670
29486,48964
29487,2702
29488,22367
29492,19753
29493,162
29501,47259
29505,23953
29506,20323
29510,9803
29511,6723
29512,17408
29516,823
29518,913
29519,321
29520,12860
29525,1822
29526,51176
29527,29054
29530,2769
29532,20272
29536,15825
29540,3596
29541,10213
29543,350
29544,7616
29545,2066
29546,2574
29547,2552
29550,30198
29554,9001
29555,5804
29556,11133
29560,12284
29563,2016
29564,1290
29565,6460
29566,21194
29567,532
29568,16373
29569,16913
29570,3992
29571,13788
29572,11506
29574,9383
29575,19455
29576,32975
29577,35022
29579,53699
29580,1285
29581,4604
29582,20113
29583,5318
29584,2527
29585,17346
29588,53114
29589,40
29590,3756
29591,4292
29592,946
29593,1756
29594,140
29596,1972
29601,13452
29605,40161
29607,43325
29609,31080
29611,33387
29613,2301
29614,1904
29615,38709
29617,26801
29620,12116
29621,44458
29624,14490
29625,27475
29626,13678
29627,16518
29628,2405
29630,15497
29631,16363
29634,5955
29635,1528
29638,3669
29639,1917
29640,32997
29642,35721
29643,2887
29644,22400
29645,11212
29646,28413
29649,25762
29650,41272
29651,54320
29653,3894
29654,9998
29655,8078
29657,16072
29658,374
29659,120
29661,5987
29662,15115
29664,1754
29665,393
29666,6751
29667,235
29669,14712
29670,11310
29671,19210
29672,12364
29673,30812
29676,6169
29678,23507
29680,35264
29681,67657
29682,3923
29683,337
29684,5431
29685,2046
29686,932
29687,43577
29689,4147
29690,25747
29691,12248
29692,5471
29693,13826
29696,5301
29697,14426
29702,9855
29704,3286
29706,19181
29707,35224
29708,42931
29709,5903
29710,39988
29712,2136
29714,3247
29715,43855
29717,1585
29718,4049
29720,51603
29724,0
29726,2086
29727,2171
29728,9470
29729,2313
29730,57500
29732,57551
29733,1555
29741,1473
29742,2358
29743,1880
29745,34738
29801,30088
29803,40069
29805,4882
29809,2426
29810,3571
29812,10965
29816,931
29817,4230
29819,983
29821,1245
29824,7598
29826,194
29827,3792
29828,419
29829,12082
29831,4259
29832,5375
29834,519
29835,6325
29836,331
29838,748
29840,338
29841,32409
29842,7727
29843,1056
29844,91
29845,1127
29847,4925
29848,987
29849,169
29851,9081
29853,6011
29856,3473
29860,17412
29899,782
29902,16916
29904,1352
29905,1409
29906,26562
29907,14848
29909,23929
29910,50173
29911,1292
29912,21
29915,636
29916,1595
29918,4777
29920,9918
29921,628
29922,907
29923,200
29924,4531
29926,25174
29927,10517
29928,15178
29929,1301
29932,229
29934,560
29935,4030
29936,14493
29939,108
29940,3594
29941,246
29943,308
29944,4242
29945,3652
30002,5507
30004,67850
30005,41471
30008,35598
30009,21592
30011,20859
30012,33034
30013,28220
30014,40208
30016,61123
30017,24213
30018,96
30019,47887
30021,26386
30022,64919
30024,85106
30025,11343
30028,36631
30030,31712
30032,42812
30033,31530
30034,41823
30035,22073
30038,42744
30039,51742
30040,79580
30041,75160
30043,89046
30044,100471
30045,46733
30046,39524
30047,70592
30052,79020
30054,10851
30055,3964
30056,2379
30058,63421
30060,39313
30062,63105
30064,51321
30066,60961
30067,46436
30068,33040
30070,76
30071,26140
30072,853
30075,55274
30076,47397
30078,41041
30079,4850
30080,53334
30082,26786
30083,62941
30084,38715
30087,37570
30088,29279
30090,0
30092,36660
30093,49015
30094,34017
30096,71141
30097,45543
30101,62871
30102,44593
30103,14415
30104,5192
30105,2345
30106,22909
30107,18035
30108,7031
30110,14088
30111,0
30113,5939
30114,60340
30115,53299
30116,22658
30117,38896
30118,1149
30120,43301
30121,25747
30122,27081
30124,2944
30125,24071
30126,43047
30127,72126
30132,50803
30134,46587
30135,66689
30137,1807
30139,4609
30141,25881
30143,26738
30144,58389
30145,9065
30147,4855
30148,909
30149,1806
30152,44432
30153,18006
30157,52193
30161,34461
30165,41998
30168,24768
30170,3309
30171,2937
30173,6915
30175,6086
30176,7341
30177,710
30178,4202
30179,18951
30180,41434
30182,3566
30183,6320
30184,7294
30185,4152
30187,8130
30188,65980
30189,41586
30204,13425
30205,3214
30206,3292
30213,48541
30214,32003
30215,39233
30216,3022
30217,9702
30218,1721
30220,5198
30222,4219
30223,37136
30224,29472
30228,51485
30229,42
30230,9022
30233,25404
30234,1920
30236,51784
30238,43050
30240,31670
30241,24890
30248,33837
30250,606
30251,2262
30252,48902
30253,64108
30256,3007
30257,3800
30258,2451
30259,3988
30260,27784
30263,60906
30265,38247
30268,10714
30269,39990
30272,0
30273,19111
30274,33929
30275,233
30276,19316
30277,22558
30281,70838
30284,6
30285,803
30286,24616
30288,7352
30289,13
30290,9083
30291,25013
30292,6092
30293,2178
30294,43076
30295,5424
30296,27774
30297,28892
30303,6474
30305,27420
30306,24274
30307,21680
30308,23329
30309,30413
30310,25334
30311,34036
30312,27147
30313,10845
30314,23594
30315,35221
30316,35040
30317,14798
30318,58651
30319,45382
30322,2422
30324,28602
30326,8497
30327,23307
30328,38821
30329,27022
30331,63418
30332,2725
30334,0
30336,536
30337,11171
30338,39042
30339,34872
30340,30646
30341,34812
30342,33774
30344,35486
30345,24576
30346,4935
30349,78597
30350,35809
30354,15487
30360,16428
30363,3762
30401,14232
30410,1699
30411,4905
30412,81
30413,1379
30414,57
30415,5865
30417,11167
30420,1521
30421,3259
30423,64
30425,1428
30426,739
30427,11892
30428,2941
30429,135
30434,4893
30436,11547
30439,10583
30441,1942
30442,8484
30445,3360
30446,1981
30448,18
30449,26
30450,2337
30451,41
30452,1466
30453,9070
30454,458
30455,772
30456,1851
30457,5440
30458,48191
30460,0
30461,17512
30464,142
30467,11606
30470,1038
30471,4446
30473,2384
30474,17125
30477,2700
30501,31305
30504,29104
30506,44964
30507,31374
30510,8738
30511,3475
30512,24226
30513,11594
30516,1935
30517,18545
30518,56309
30519,57648
30520,4617
30521,6176
30522,758
30523,13777
30525,7265
30527,3975
30528,23757
30529,12138
30530,7360
30531,11044
30533,27524
30534,33191
30535,8755
30536,9676
30537,1278
30538,3204
30539,101
30540,20145
30541,2127
30542,38300
30543,5685
30545,841
30546,8044
30547,3087
30548,24602
30549,30643
30552,1834
30553,8454
30554,9167
30555,2633
30557,4905
30558,5562
30559,4885
30560,4194
30562,791
30563,6140
30564,4815
30565,4703
30566,9168
30567,5169
30568,2227
30571,3984
30572,1006
30573,140
30575,1816
30576,3142
30577,22683
30581,109
30582,5154
30597,1234
30598,69
30601,24288
30602,1432
30605,41788
30606,48156
30607,11220
30609,3446
30619,1585
30620,16564
30621,6316
30622,11154
30623,153
30624,4039
30625,2576
30627,2304
30628,7261
30629,5008
30630,2592
30631,1927
30633,8706
30634,2072
30635,15107
30639,42
30641,1568
30642,14884
30643,16520
30646,8161
30648,3351
30650,13398
30655,28349
30656,17798
30660,1023
30662,8088
30663,3507
30664,11
30665,126
30666,10579
30667,863
30668,2336
30669,3071
30673,6185
30677,21471
30678,1555
30680,47433
30683,7826
30701,43078
30705,33078
30707,16847
30708,284
30710,7725
30711,3243
30720,27122
30721,52477
30724,13
30725,5188
30726,0
30728,19023
30730,2104
30731,2450
30733,2598
30734,2960
30735,6910
30736,44134
30738,3110
30739,6854
30740,8159
30741,29236
30742,7749
30746,1419
30747,14720
30750,4500
30751,169
30752,9529
30753,8039
30755,10768
30756,3
30757,1505
30802,6375
30803,1007
30805,2722
30807,221
30808,4302
30809,54105
30810,2312
30812,216
30813,49986
30814,10767
30815,44017
30816,2286
30817,7742
30818,404
30820,866
30821,1192
30822,0
30823,1507
30824,17181
30828,3369
30830,15073
30833,4150
30901,16187
30904,23688
30905,7589
30906,61415
30907,47167
30909,44940
30912,0
31001,4323
31002,2679
31003,148
31004,0
31005,20697
31006,4360
31007,930
31008,20882
31009,1142
31011,693
31012,2536
31014,12944
31015,18615
31016,1664
31017,1269
31018,2669
31019,3198
31020,1957
31021,27388
31022,1721
31023,14257
31024,21638
31025,1339
31027,10879
31028,6312
31029,18311
31030,17987
31031,7186
31032,13755
31033,2552
31034,33
31035,1150
31036,10726
31037,3327
31038,838
31039,0
31041,887
31042,1546
31044,2702
31045,63
31046,3484
31047,19945
31049,1661
31050,997
31051,135
31052,9308
31054,1241
31055,5871
31057,1544
31058,1851
31060,1868
31061,41194
31062,42
31063,4262
31064,9859
31065,1714
31066,973
31067,232
31068,4757
31069,22085
31070,932
31071,1098
31072,991
31075,2582
31076,2775
31077,871
31078,3430
31079,2731
31081,85
31082,10479
31083,217
31084,0
31085,1391
31087,8679
31088,59599
31089,4084
31090,1034
31091,4273
31092,4899
31093,26941
31094,883
31096,7307
31097,1217
31098,2890
31201,7862
31204,32730
31206,25250
31207,1591
31210,33889
31211,15460
31213,0
31216,16354
31217,16923
31220,16202
31301,4212
31302,8883
31303,2056
31305,5119
31307,1620
31308,8814
31309,508
31312,25286
31313,42034
31314,2036
31315,8319
31316,13421
31318,445
31320,10431
31321,7761
31322,28695
31323,1461
31324,35668
31326,23882
31327,19
31328,3330
31329,9102
31331,5997
31333,120
31401,20562
31404,30749
31405,39724
31406,34649
31407,22743
31408,11791
31409,536
31410,22867
31411,8977
31415,11788
31419,57354
31421,18
31501,13034
31503,23173
31510,9592
31512,2394
31513,15941
31516,15465
31518,822
31519,2952
31520,22743
31522,17603
31523,14921
31524,0
31525,28434
31527,1078
31532,740
31533,17464
31535,12191
31537,9343
31539,14117
31542,2464
31543,4914
31544,482
31545,16057
31546,6931
31547,1478
31548,24034
31549,1811
31550,926
31551,1025
31552,1162
31553,4815
31554,7343
31555,3126
31556,23
31557,3717
31558,22498
31560,2810
31561,94
31562,3398
31563,1376
31564,0
31565,2210
31566,4007
31567,1146
31568,665
31569,4998
31599,1050
31601,31495
31602,35347
31605,24280
31606,3391
31620,11199
31622,1847
31623,533
31624,1597
31625,972
31626,3085
31627,280
31629,1183
31630,733
31631,592
31632,15304
31634,5178
31635,6978
31636,11184
31637,3006
31638,1039
31639,10635
31641,1765
31642,4564
31643,9848
31645,4971
31647,3064
31648,840
31649,940
31650,3458
31698,934
31699,693
31701,16333
31704,177
31705,30866
31707,23322
31709,14966
31711,783
31712,1520
31714,6011
31716,3050
31719,9085
31720,366
31721,19655
31722,576
31727,0
31730,8337
31733,1188
31735,570
31738,2960
31743,359
31744,2742
31747,250
31749,2509
31750,18582
31753,55
31756,1314
31757,11787
31763,28684
31764,1882
31765,2870
31768,21281
31771,7070
31772,524
31773,4040
31774,5788
31775,2793
31778,2632
31779,8877
31780,1748
31781,2209
31783,1547
31784,601
31787,1321
31788,11071
31789,1504
31790,2648
31791,11312
31792,22504
31793,10276
31794,27185
31795,1637
31796,1088
31798,928
31801,2786
31803,4550
31804,5814
31805,1960
31806,4316
31807,2596
31808,8888
31810,159
31811,5976
31812,518
31814,9
31815,2989
31816,4872
31820,14619
31821,121
31822,5555
31823,524
31824,1181
31825,2733
31826,2285
31827,1930
31829,1653
31830,2404
31831,3709
31832,33
31833,6718
31836,840
31901,6139
31903,19521
31904,34906
31905,15892
31906,20312
31907,61544
31909,38730
32003,29351
32008,6263
32009,3444
32011,15716
32013,104
32024,20644
32025,23268
32026,2204
32033,4555
32034,39280
32038,10035
32040,8754
32043,33592
32044,2394
32046,11259
32052,8073
32053,3707
32054,12467
32055,16792
32058,4863
32059,2764
32060,22085
32061,62
32062,2202
32063,14546
32064,7661
32065,40366
32066,6881
32068,58196
32071,3550
32072,51
32073,42825
32079,376
32080,21368
32081,27365
32082,28964
32083,2627
32084,36998
32086,34347
32087,4718
32091,16062
32092,48288
32094,3929
32095,18927
32096,2977
32097,24880
32102,2401
32110,9877
32112,8099
32113,5382
32114,36984
32117,29831
32118,18075
32119,22562
32124,9592
32127,28430
32128,22366
32129,23356
32130,5672
32131,4596
32132,8132
32133,453
32134,7400
32136,8303
32137,47003
32139,897
32140,1558
32141,18442
32145,5750
32147,1682
32148,11580
32157,715
32159,30846
32162,54019
32163,30886
32164,53963
32168,30688
32169,10527
32174,53087
32176,14344
32177,26046
32179,9051
32180,4652
32181,2512
32182,37
32187,1117
32189,5527
32190,1657
32192,0
32193,1200
32195,3282
32202,6550
32203,0
32204,8421
32205,30162
32206,16809
32207,35320
32208,31093
32209,35490
32210,65626
32211,36253
32212,1709
32214,0
32216,41323
32217,21084
32218,71066
32219,15617
32220,12556
32221,31234
32222,17806
32223,26079
32224,42252
32225,54591
32226,20396
32227,3365
32228,203
32233,24111
32234,9023
32244,63352
32246,60443
32250,28738
32254,14653
32256,55510
32257,41791
32258,40545
32259,69866
32266,7199
32277,35310
32301,32596
32303,49915
32304,50080
32305,19682
32306,1648
32307,1379
32308,23237
32309,33962
32310,14769
32311,21060
32312,31966
32313,0
32317,15041
32320,3503
32321,5792
32322,4348
32323,28
32324,4719
32327,30694
32328,3974
32330,706
32331,4642
32332,1213
32333,11379
32334,1749
32336,1218
32337,83
32340,10424
32343,3583
32344,12879
32346,2393
32347,7174
32348,12498
32350,1452
32351,16808
32352,5234
32355,273
32356,65
32358,1813
32359,1406
32360,109
32361,279
32399,0
32401,18394
32403,379
32404,42117
32405,29336
32407,15459
32408,18326
32409,10941
32410,499
32413,15214
32420,2232
32421,4277
32423,886
32424,7430
32425,13944
32426,710
32427,1037
32428,18015
32430,782
32431,4887
32432,0
32433,18970
32435,6359
32437,530
32438,4839
32439,15264
32440,8048
32442,3709
32443,2739
32444,20102
32445,2550
32446,10880
32448,8041
32449,762
32455,3903
32456,7304
32459,22104
32460,5303
32461,3517
32462,3452
32463,196
32464,3914
32465,7940
32466,5837
32501,10721
32502,3991
32503,32975
32504,22125
32505,27543
32506,35202
32507,32752
32508,4993
32509,372
32511,1170
32512,0
32514,43072
32526,43627
32530,31
32531,7445
32533,31633
32534,15879
32535,5880
32536,24859
32539,33150
32541,18632
32542,3917
32544,2344
32547,35522
32548,23209
32550,8192
32561,9254
32563,29672
32564,1958
32565,5653
32566,43166
32567,4820
32568,3724
32569,12643
32570,35751
32571,41188
32577,4881
32578,33948
32579,10775
32580,4117
32583,31415
32601,23296
32603,6713
32605,25698
32606,23313
32607,31938
32608,53966
32609,19694
32610,15
32612,8901
32615,16244
32616,118
32617,4859
32618,7340
32619,5227
32621,5540
32622,1418
32625,1255
32626,8994
32628,5423
32631,282
32634,18
32639,229
32640,10780
32641,15082
32643,11495
32648,250
32653,15457
32656,15630
32658,165
32664,408
32666,5542
32667,3761
32668,5326
32669,17436
32680,10445
32681,301
32683,382
32686,5531
32692,67
32693,11692
32694,1870
32696,14532
32697,156
32701,24866
32702,2732
32703,57603
32707,40018
32708,48034
32709,1665
32712,49522
32713,22639
32714,37481
32720,34633
32723,0
32724,43615
32725,51668
32726,23885
32730,6158
32732,5164
32735,5346
32736,11582
32738,48458
32744,3716
32746,45970
32750,25853
32751,22853
32754,11250
32757,32712
32759,2941
32763,25667
32764,2744
32765,63646
32766,15966
32767,2839
32768,0
32771,59708
32773,33184
32775,0
32776,12668
32778,25099
32779,29106
32780,39429
32784,9859
32789,26884
32792,52794
32796,20749
32798,2159
32801,16251
32803,22703
32804,21076
32805,18085
32806,26423
32807,34933
32808,61123
32809,29379
32810,37127
32811,40560
32812,34454
32814,9348
32816,13134
32817,37894
32818,61574
32819,28399
32820,11130
32821,21765
32822,67636
32824,55282
32825,62035
32826,28436
32827,19601
32828,69937
32829,20123
32830,28
32831,2462
32832,34865
32833,10915
32835,49932
32836,24648
32837,49889
32839,51807
32899,0
32901,28565
32903,13925
32904,36885
32905,24473
32907,48352
32908,14970
32909,39611
32920,9964
32922,15510
32925,1606
32926,21576
32927,28493
32931,13893
32934,18904
32935,41533
32937,27524
32940,49288
32948,6802
32949,2821
32950,4573
32951,11168
32952,21354
32953,24834
32955,40413
32958,29641
32959,11
32960,24697
32962,25629
32963,14980
32966,20025
32967,26219
32968,15576
32970,287
32976,9237
33001,254
33004,16691
33009,44021
33010,42132
33012,69408
33013,29100
33014,40742
33015,68430
33016,45285
33018,56395
33019,13168
33020,44112
33021,49064
33022,0
33023,70914
33024,75579
33025,74512
33026,30400
33027,63486
33028,27984
33029,44109
33030,35957
33031,7795
33032,62021
33033,69075
33034,22129
33035,18756
33036,3632
33037,13674
33039,0
33040,36091
33042,6781
33043,4632
33050,10586
33051,525
33054,31165
33055,37226
33056,37318
33060,35888
33062,25495
33063,55539
33064,62000
33065,59653
33066,16673
33067,25638
33068,53552
33069,28957
33070,5614
33071,40207
33073,32980
33076,44263
33101,0
33109,893
33122,1988
33125,55449
33126,47038
33127,27585
33128,9018
33129,14717
33130,32363
33131,23289
33132,18244
33133,34651
33134,36937
33135,35053
33136,16611
33137,27300
33138,28871
33139,34406
33140,19455
33141,36016
33142,56437
33143,32167
33144,26288
33145,29454
33146,18861
33147,47203
33149,14628
33150,31936
33154,14435
33155,43133
33156,32708
33157,69605
33158,6029
33160,43225
33161,54128
33162,46578
33165,50471
33166,26925
33167,23209
33168,22556
33169,42308
33170,14763
33172,39465
33173,32042
33174,35056
33175,49611
33176,52190
33177,58097
33178,65515
33179,48275
33180,32745
33181,20969
33182,12685
33183,33811
33184,19618
33185,29124
33186,67597
33187,18575
33189,24627
33190,17280
33193,46519
33194,7789
33196,53846
33301,17831
33304,18566
33305,12961
33306,2700
33308,27261
33309,38074
33311,73280
33312,53547
33313,64228
33314,30121
33315,13211
33316,12039
33317,37008
33319,52474
33321,50414
33322,40522
33323,23083
33324,50072
33325,30947
33326,32560
33327,23039
33328,29379
33330,14384
33331,25107
33332,11603
33334,30889
33351,34582
33388,0
33401,31964
33403,13710
33404,30533
33405,19703
33406,26662
33407,34728
33408,18766
33409,32921
33410,36409
33411,75299
33412,15499
33413,17914
33414,59229
33415,53058
33417,36464
33418,42979
33426,24424
33428,46228
33430,19773
33431,23150
33432,21817
33433,46808
33434,21805
33435,36984
33436,47495
33437,37862
33438,439
33440,21119
33441,30214
33442,31146
33444,23231
33445,31604
33446,28018
33449,9131
33455,20980
33458,55969
33460,36934
33461,49245
33462,32495
33463,64916
33467,56447
33469,14567
33470,33232
33471,6679
33472,18689
33473,11455
33476,7131
33477,12375
33478,15205
33480,10901
33483,12595
33484,25905
33486,23252
33487,20848
33493,5070
33496,24546
33498,17192
33503,196
33510,30585
33511,60399
33513,13647
33514,2310
33521,697
33523,19296
33525,20220
33527,16412
33530,20
33534,18018
33538,5748
33540,11098
33541,23913
33542,24306
33543,37473
33544,28612
33545,27536
33547,31268
33548,8678
33549,18816
33550,0
33556,34045
33558,30912
33559,19147
33563,26313
33565,17716
33566,23727
33567,12292
33569,26613
33570,33676
33572,25045
33573,30820
33574,1760
33576,6415
33578,58474
33579,45373
33584,27172
33585,1424
33592,11931
33594,36289
33596,28152
33597,9424
33598,29119
33602,19694
33603,20267
33604,39411
33605,16623
33606,23511
33607,24960
33609,17922
33610,45396
33611,35428
33612,49899
33613,37212
33614,46218
33615,48122
33616,14789
33617,47880
33618,27588
33619,40302
33620,6819
33621,2308
33624,40533
33625,29341
33626,30736
33629,27356
33634,21643
33635,19415
33637,17785
33647,74919
33701,18485
33702,31233
33703,25948
33704,16300
33705,27024
33706,15347
33707,24456
33708,15306
33709,25371
33710,35113
33711,18347
33712,25871
33713,31835
33714,20103
33715,7932
33716,18995
33744,68
33755,28057
33756,32928
33759,17647
33760,19486
33761,18399
33762,5039
33763,21278
33764,27365
33765,14364
33767,7409
33770,25005
33771,27908
33772,23428
33773,16918
33774,20018
33776,12711
33777,18276
33778,16054
33781,27357
33782,22607
33785,4871
33786,1564
33801,33460
33803,29058
33805,27391
33809,30498
33810,52734
33811,28456
33812,14836
33813,38112
33815,14457
33823,39146
33825,24974
33827,2438
33830,32738
33834,6139
33835,103
33837,45144
33838,5431
33839,4397
33840,0
33841,8268
33843,11072
33844,49133
33847,434
33848,326
33849,736
33850,9825
33851,1109
33852,21630
33853,12385
33854,481
33855,33
33856,319
33857,935
33858,578
33859,10827
33860,25617
33865,388
33867,64
33868,13676
33870,25067
33872,13302
33873,14162
33875,11429
33876,7378
33877,302
33880,42336
33881,39189
33884,36395
33890,4991
33896,23074
33897,29206
33898,18426
33901,24401
33903,23199
33904,32925
33905,40908
33907,24828
33908,38319
33909,36917
33912,19150
33913,28172
33914,44439
33916,27642
33917,31902
33919,30300
33920,7689
33921,633
33922,4179
33924,139
33928,30786
33930,1058
33931,8763
33935,22254
33936,27287
33944,232
33946,2745
33947,10490
33948,18732
33950,24492
33952,33991
33953,7018
33954,11604
33955,10503
33956,3846
33957,6402
33960,618
33965,4416
33966,11901
33967,27337
33971,28377
33972,16523
33973,15020
33974,19330
33976,18493
33980,13235
33981,14468
33982,12543
33983,18230
33990,35428
33991,25991
33993,33045
34101,0
34102,10804
34103,11289
34104,25873
34105,16102
34108,16549
34109,26644
34110,24681
34112,25946
34113,25202
34114,22296
34116,34872
34117,19680
34119,35914
34120,39919
34134,16403
34135,46983
34137,480
34138,911
34139,248
34140,89
34141,177
34142,33270
34145,15998
34201,3993
34202,27237
34203,39109
34205,30607
34207,33840
34208,43779
34209,33586
34210,17301
34211,20786
34212,24467
34215,759
34216,900
34217,3774
34219,30220
34221,54923
34222,14529
34223,19036
34224,15971
34228,7512
34229,7237
34231,32203
34232,34779
34233,18875
34234,22051
34235,15114
34236,13916
34237,17568
34238,22808
34239,14795
34240,16356
34241,15651
34242,7672
34243,31773
34250,416
34251,6439
34266,29065
34267,78
34268,465
34269,5111
34275,21583
34285,18821
34286,22347
34287,26241
34288,16597
34289,4362
34291,8089
34292,17281
34293,48725
34420,19167
34428,9325
34429,9494
34431,8663
34432,13197
34433,8218
34434,10701
34436,8170
34442,16356
34445,29
34446,18797
34448,10741
34449,3508
34450,10408
34452,13729
34453,10473
34461,13289
34465,18514
34470,21521
34471,26031
34472,34665
34473,25030
34474,20497
34475,14812
34476,26397
34479,13265
34480,23749
34481,25668
34482,21824
34484,5409
34487,0
34488,11525
34491,32369
34498,666
34601,23648
34602,10391
34604,13964
34606,28155
34607,9046
34608,36565
34609,46066
34610,16544
34613,18280
34614,9561
34637,11398
34638,35900
34639,31118
34652,25900
34653,36086
34654,24357
34655,47696
34661,246
34667,30674
34668,48025
34669,14225
34677,22337
34679,131
34681,1331
34683,34180
34684,26926
34685,17895
34688,8767
34689,27007
34690,12447
34691,20072
34695,17882
34698,37817
34705,3212
34711,69727
34714,26826
34715,25407
34729,24
34731,12239
34734,4031
34736,26086
34737,4182
34739,858
34741,56429
34743,40656
34744,62756
34746,57181
34747,27422
34748,45960
34753,7479
34756,4280
34758,46521
34759,41381
34760,778
34761,46313
34762,580
34769,29247
34771,31368
34772,33542
34773,5495
34785,17895
34786,43700
34787,93064
34788,21867
34797,1142
34945,6214
34946,6588
34947,13192
34949,7567
34950,17674
34951,16871
34952,41679
34953,82469
34956,9639
34957,23094
34972,19185
34974,23994
34981,6167
34982,27447
34983,47983
34984,19207
34986,29713
34987,17911
34990,29874
34994,18318
34996,10875
34997,45947
35004,11558
35005,8143
35006,3599
35007,27935
35010,19619
35013,122
35014,3353
35016,17435
35019,2497
35020,25308
35022,23989
35023,25221
35031,7937
35032,78
35033,3237
35034,5132
35035,933
35036,175
35040,18819
35042,5681
35043,15068
35044,8225
35045,15078
35046,5229
35049,4334
35051,10101
35052,214
35053,2890
35054,4954
35055,23231
35057,15514
35058,11003
35060,159
35061,1633
35062,8674
35063,3751
35064,9929
35068,8437
35070,127
35071,17627
35072,4725
35073,2839
35074,140
35077,13290
35078,2058
35079,9388
35080,19808
35082,0
35083,4276
35085,8786
35087,2338
35089,1901
35091,3632
35094,15333
35096,9201
35097,1857
35098,1118
35111,20661
35112,71
35114,7777
35115,16911
35116,4912
35117,5091
35118,3131
35119,0
35120,17735
35121,16207
35124,24871
35125,10969
35126,22354
35127,9502
35128,10228
35130,3239
35131,3161
35133,2793
35135,1887
35136,1999
35143,2966
35146,13283
35147,6971
35148,2270
35149,0
35150,17118
35151,7615
35160,26177
35171,3613
35172,2824
35173,32125
35175,4871
35176,618
35178,2867
35179,8957
35180,14097
35181,69
35183,984
35184,6188
35185,0
35186,5121
35188,2659
35203,3301
35204,9154
35205,18955
35206,15031
35207,6824
35208,13660
35209,33476
35210,13878
35211,25267
35212,10059
35213,15950
35214,16495
35215,46372
35216,36587
35217,12468
35218,6628
35221,3127
35222,8184
35223,10665
35224,5409
35226,37693
35228,10575
35229,2603
35233,3236
35234,3828
35235,19600
35242,56956
35243,17776
35244,36775
35249,28
35254,1756
35401,40507
35404,23553
35405,48564
35406,18533
35441,881
35442,5539
35443,1659
35444,4047
35446,1772
35447,3194
35452,4307
35453,12522
35456,4015
35457,54
35458,1059
35459,701
35460,465
35461,1947
35462,4107
35463,1885
35464,448
35466,5245
35469,365
35470,4909
35473,19094
35474,8648
35475,19991
35476,8568
35477,102
35480,1792
35481,2909
35487,1905
35490,4891
35491,0
35501,10032
35503,9601
35504,13505
35540,2092
35541,4125
35542,1027
35543,1086
35544,965
35545,122
35546,4157
35548,1760
35549,3018
35550,5053
35552,1014
35553,5073
35554,1193
35555,9689
35559,98
35563,3701
35564,2300
35565,10815
35570,10621
35571,741
35572,1135
35573,14
35574,1046
35575,1046
35576,3875
35577,4
35578,5791
35579,3321
35580,3526
35581,6271
35582,4507
35584,281
35585,2046
35586,3442
35587,694
35592,4573
35593,1522
35594,7441
35601,36008
35603,31875
35610,1635
35611,29077
35613,24175
35614,7157
35615,0
35616,3681
35618,1752
35619,5098
35620,10990
35621,3292
35622,6532
35630,33697
35632,944
35633,20733
35634,10009
35640,26976
35643,3088
35645,13756
35646,4005
35647,1031
35648,3622
35649,70
35650,13485
35651,1386
35652,9251
35653,11005
35654,8396
35660,9385
35661,18957
35670,7116
35671,1907
35672,5738
35673,7679
35674,20475
35677,1874
35739,5056
35740,3285
35741,4292
35744,2315
35745,134
35746,817
35747,6546
35748,7311
35749,29297
35750,13563
35751,134
35752,2173
35754,5602
35755,431
35756,23552
35757,18250
35758,48929
35759,12435
35760,4908
35761,14124
35763,19505
35764,529
35765,4297
35766,217
35768,12394
35769,9571
35771,3113
35772,4847
35773,13977
35774,153
35775,395
35776,3332
35801,23901
35802,23304
35803,29283
35805,21006
35806,28443
35808,1116
35810,32705
35811,29748
35816,15172
35824,9690
35896,532
35901,19186
35903,17180
35904,13571
35905,6308
35906,10443
35907,9299
35950,21173
35951,14112
35952,8901
35953,7020
35954,12170
35956,8381
35957,16672
35958,3228
35959,4431
35960,9044
35961,5997
35962,8211
35963,1562
35966,3975
35967,17342
35968,4540
35971,4903
35972,1300
35973,3313
35974,1998
35975,1340
35976,16604
35978,5964
35979,885
35980,6663
35981,1882
35983,3782
35984,1346
35986,8221
35987,2672
35988,2376
35989,3793
35990,0
36003,2555
36005,1486
36006,2028
36008,0
36009,2168
36010,5137
36013,180
36016,4357
36017,3152
36020,1090
36022,16288
36024,6198
36025,7083
36026,1290
36027,14981
36028,1531
36029,931
36030,185
36031,96
36032,2358
36033,3685
36034,593
36035,1851
36036,1840
36037,12974
36038,109
36039,168
36040,3539
36041,1559
36042,1346
36043,3230
36046,1427
36047,1248
36048,1248
36049,5314
36051,2899
36052,847
36053,2592
36054,14891
36057,144
36064,13849
36066,22319
36067,27353
36069,2049
36071,619
36075,1895
36078,13460
36079,9282
36080,2676
36081,15720
36082,774
36083,9355
36088,3493
36089,7401
36091,3707
36092,21170
36093,11699
36101,50
36104,10637
36105,9359
36106,14612
36107,8063
36108,15549
36109,24093
36110,11692
36111,12196
36112,611
36113,970
36114,0
36115,1112
36116,44369
36117,52608
36130,0
36201,17406
36203,18797
36205,1233
36206,10723
36207,19251
36250,4132
36251,5146
36255,1043
36256,1422
36258,1734
36260,4729
36262,1908
36263,502
36264,8408
36265,21891
36266,6185
36267,219
36268,6022
36269,1142
36271,5991
36272,12996
36273,3430
36274,9827
36276,2371
36277,5153
36278,4266
36279,3290
36280,4439
36301,38627
36303,30388
36305,17592
36310,6224
36311,2688
36312,6147
36313,101
36314,613
36316,2199
36317,710
36318,1193
36319,2406
36320,3137
36321,2159
36322,7740
36323,8033
36330,38697
36340,5340
36343,1469
36344,5345
36345,8838
36346,1415
36350,7675
36351,3926
36352,5762
36353,1873
36360,19461
36362,5221
36370,1052
36371,425
36373,477
36374,741
36375,8039
36376,2112
36401,7493
36420,10358
36421,9861
36425,746
36426,16049
36432,1879
36435,412
36436,783
36439,141
36441,3438
36442,3615
36444,591
36445,5111
36446,457
36451,4266
36453,2593
36454,4
36455,284
36456,1856
36460,9583
36467,9847
36470,0
36471,665
36473,316
36474,2523
36475,1830
36476,43
36477,4363
36480,1375
36481,187
36482,1010
36483,572
36502,16008
36503,1121
36505,911
36507,20350
36509,1462
36511,923
36512,0
36513,490
36518,2065
36521,6060
36522,6892
36523,2650
36524,1172
36525,2209
36526,34552
36527,21160
36528,1944
36529,260
36530,6824
36532,37121
36535,38401
36538,330
36539,435
36540,854
36541,16353
36542,17335
36543,8
36544,10800
36545,8596
36547,0
36548,1169
36549,6152
36550,509
36551,12915
36553,3173
36555,1234
36556,0
36558,4503
36559,350
36560,3000
36561,9275
36562,1390
36564,0
36567,15407
36568,13
36569,595
36571,17037
36572,6816
36574,1526
36575,22444
36576,4964
36578,1067
36579,1448
36580,7025
36581,241
36582,23805
36583,631
36584,554
36585,1056
36587,12039
36602,897
36603,7805
36604,9050
36605,25628
36606,19189
36607,5529
36608,37599
36609,24091
36610,9692
36611,6367
36612,3558
36613,12082
36615,0
36617,11952
36618,17438
36619,14550
36652,62
36663,152
36688,2083
36693,18257
36695,52923
36701,22358
36703,9489
36720,740
36722,86
36723,427
36726,4561
36727,156
36728,1015
36732,8339
36736,1372
36738,933
36740,1114
36741,0
36742,2841
36744,5662
36748,2358
36749,770
36750,3009
36751,786
36752,1296
36753,0
36754,352
36756,5483
36758,1730
36759,1651
36761,869
36763,157
36764,0
36765,680
36766,12
36767,1474
36768,824
36769,2034
36773,327
36775,979
36776,1904
36782,1912
36783,637
36784,6104
36785,969
36786,2094
36790,312
36792,761
36793,743
36801,24504
36804,19469
36830,48172
36832,30000
36849,5224
36850,2550
36851,0
36852,2332
36853,9110
36854,15913
36855,1521
36856,8825
36858,441
36860,1611
36861,2805
36862,6052
36863,12335
36865,48
36866,3540
36867,22441
36869,20987
36870,19672
36871,852
36874,10329
36875,3909
36877,12878
36879,2975
36901,130
36904,4468
36907,1523
36908,1708
36910,47
36912,1299
36913,56
36915,850
36916,580
36919,1733
36921,888
36922,741
36925,3322
37010,5143
37012,2149
37013,102055
37014,3633
37015,19547
37016,851
37018,2459
37019,618
37020,5171
37022,6036
37023,1678
37025,6321
37026,2197
37027,61961
37028,613
37029,6737
37030,7889
37031,3984
37032,5499
37033,8656
37034,8596
37035,3424
37036,6653
37037,9786
37040,62137
37042,85169
37043,57246
37046,6632
37047,2685
37048,6325
37049,4025
37050,2028
37051,3712
37052,1971
37055,28567
37057,691
37058,7369
37059,1593
37060,3574
37061,5193
37062,13165
37064,66641
37066,62404
37067,31550
37069,19994
37072,32344
37073,14312
37074,10999
37075,72541
37076,38124
37078,881
37079,2770
37080,7061
37082,5564
37083,16887
37085,6102
37086,37786
37087,55235
37090,17929
37091,23991
37095,1840
37096,5851
37097,2118
37098,5933
37101,6888
37110,33772
37115,41303
37118,1087
37122,66348
37127,22029
37128,77016
37129,60615
37130,57768
37132,2698
37134,2922
37135,23231
37137,1999
37138,22539
37140,1493
37141,1519
37142,1734
37143,4149
37144,2941
37145,2418
37146,7735
37148,25421
37149,2575
37150,4363
37151,467
37153,4894
37160,36422
37165,21
37166,15116
37167,63660
37171,1552
37172,31420
37174,50778
37175,1096
37178,2027
37179,17411
37180,3831
37181,1520
37183,3211
37184,7224
37185,9120
37186,10644
37187,8382
37188,17685
37189,3591
37190,9267
37191,3998
37201,1426
37203,20234
37204,17004
37205,24557
37206,29368
37207,39450
37208,20204
37209,38367
37210,17116
37211,77117
37212,20046
37213,35
37214,30547
37215,22188
37216,18933
37217,31440
37218,15284
37219,2292
37220,5483
37221,41811
37228,2351
37232,0
37238,0
37301,1319
37302,5253
37303,25226
37305,913
37306,1891
37307,5340
37308,2957
37309,2054
37310,3824
37311,31043
37312,36894
37313,1487
37315,1740
37316,0
37317,2576
37318,2245
37321,20670
37322,8509
37323,30764
37324,5168
37325,1952
37326,423
37327,12424
37328,1698
37329,6491
37330,7279
37331,7653
37332,2123
37333,531
37334,24168
37335,2616
37336,4908
37337,1276
37338,2991
37339,1499
37340,206
37341,14966
37342,3759
37343,44572
37345,2635
37347,8555
37348,876
37350,2112
37351,295
37352,3089
37353,4703
37354,17421
37355,29810
37356,2324
37357,5751
37359,1044
37360,1792
37361,2205
37362,3409
37363,40830
37365,1729
37366,1041
37367,11736
37369,489
37370,5244
37373,2949
37374,1832
37375,3997
37376,342
37377,16819
37379,29002
37380,6604
37381,10170
37383,326
37385,8610
37387,3982
37388,27340
37391,1699
37394,99
37396,64
37397,10044
37398,15712
37402,4203
37403,6560
37404,13883
37405,18535
37406,12867
37407,10164
37408,3029
37409,3417
37410,3673
37411,18815
37412,21840
37415,23132
37416,14089
37419,6288
37421,52516
37450,0
37601,38622
37604,38359
37614,2581
37615,22013
37616,5638
37617,14200
37618,13208
37620,38330
37640,3343
37641,9110
37642,14491
37643,33690
37645,5504
37650,13109
37656,3566
37657,839
37658,3637
37659,29247
37660,40114
37663,14037
37664,28721
37665,5156
37680,594
37681,6031
37682,513
37683,13716
37686,9149
37687,4379
37688,1057
37690,4720
37691,532
37692,4784
37694,1738
37701,9608
37705,5479
37708,6248
37709,3948
37710,1136
37711,5682
37713,1348
37714,4150
37715,811
37716,26361
37719,32
37721,14649
37722,7430
37723,1307
37724,2417
37725,18169
37726,2313
37727,2026
37729,1266
37730,38
37731,756
37732,0
37733,0
37737,6576
37738,5269
37742,7568
37743,23418
37745,21131
37748,17021
37752,6160
37753,1075
37754,4075
37755,2980
37756,2980
37757,10515
37760,14020
37762,2528
37763,16394
37764,11507
37765,537
37766,17643
37769,5673
37770,3034
37771,17829
37772,14164
37774,20989
37777,13101
37779,3443
37801,27271
37803,33822
37804,27423
37806,3011
37807,11476
37809,2392
37810,1991
37811,4156
37813,17479
37814,34842
37818,5407
37819,632
37820,7743
37821,22113
37825,8583
37826,3493
37828,1348
37829,1939
37830,32519
37840,10402
37841,10214
37843,4385
37845,116
37846,4177
37847,2789
37848,94
37849,28872
37851,0
37852,2915
37853,3533
37854,12403
37857,20425
37860,3739
37861,8578
37862,21719
37863,6469
37865,25113
37866,2219
37869,5198
37870,3866
37871,8548
37872,2096
37873,4446
37874,16640
37876,32964
37877,9103
37878,709
37879,11833
37880,3934
37881,1874
37882,2800
37885,6120
37886,3585
37887,6652
37888,3385
37890,7218
37891,4338
37892,1750
37902,2308
37909,16848
37912,22009
37914,20917
37915,6124
37916,14771
37917,25738
37918,45978
37919,31401
37920,43509
37921,29064
37922,39013
37923,30874
37924,14672
37929,0
37931,31149
37932,23330
37934,28237
37938,16904
38001,4208
38002,43868
38004,11696
38006,5375
38007,0
38008,9351
38011,9493
38012,13079
38015,2213
38016,44390
38017,56427
38018,38357
38019,15747
38021,7
38023,5343
38024,25357
38028,7699
38029,34
38030,166
38034,3366
38036,157
38037,1556
38039,1377
38040,4689
38041,4328
38042,451
38044,657
38046,9
38047,207
38049,4319
38050,425
38052,3566
38053,25352
38054,136
38057,3329
38058,10900
38059,8822
38060,12360
38061,1014
38063,15947
38066,3706
38067,1890
38068,10854
38069,2581
38070,88
38075,6857
38076,874
38077,0
38079,4450
38080,2492
38103,14025
38104,22925
38105,5151
38106,21827
38107,14254
38108,18501
38109,43764
38111,43308
38112,16798
38113,0
38114,20440
38115,36878
38116,41393
38117,26327
38118,39162
38119,22332
38120,13249
38122,25310
38125,42793
38126,5723
38127,39553
38128,44027
38131,0
38132,35
38133,21153
38134,42500
38135,30490
38138,25368
38139,16298
38141,23768
38152,506
38201,10133
38220,1824
38221,3046
38222,1899
38224,923
38225,6183
38226,255
38229,2509
38230,3708
38231,2012
38232,2254
38233,2795
38235,207
38236,966
38237,15273
38240,1760
38241,844
38242,19619
38251,3492
38253,956
38254,0
38255,2356
38256,2994
38257,4205
38258,1384
38259,682
38260,3846
38261,16338
38301,33336
38305,53366
38310,6410
38311,767
38313,3611
38315,3929
38316,3127
38317,2554
38318,531
38320,10470
38321,2629
38326,2566
38327,717
38328,1011
38329,3258
38330,3938
38332,1170
38333,260
38334,1708
38337,1363
38338,67
38339,464
38340,12274
38341,2544
38342,1176
38343,15672
38344,8816
38345,1442
38347,479
38348,987
38351,17958
38352,623
38355,8244
38356,2564
38357,3382
38358,12511
38359,306
38361,1158
38362,991
38363,5600
38365,0
38366,2386
38367,2668
38368,2432
38369,1636
38370,1048
38371,916
38372,17659
38374,1948
38375,8398
38376,267
38379,1585
38380,450
38381,1525
38382,8163
38387,331
38388,1427
38389,40
38390,1281
38391,1507
38392,736
38401,66696
38425,3599
38449,3255
38450,2633
38451,4196
38452,1067
38453,545
38454,888
38455,128
38456,4600
38457,491
38459,497
38460,1704
38461,1176
38462,10268
38463,2857
38464,23727
38468,5442
38469,4608
38471,200
38472,2489
38473,1067
38474,9336
38475,787
38476,1240
38477,2833
38478,18756
38481,876
38482,1742
38483,7133
38485,6120
38486,1273
38487,688
38488,1931
38501,42422
38503,0
38504,496
38505,904
38506,29657
38541,1584
38542,0
38543,321
38544,7413
38545,1545
38547,1856
38548,1217
38549,4142
38550,0
38551,4318
38552,286
38553,2541
38554,751
38555,21428
38556,12531
38558,9270
38559,1227
38560,1639
38562,6586
38563,2271
38564,435
38565,1106
38567,1035
38568,1989
38569,316
38570,10020
38571,14573
38572,12030
38573,2006
38574,8812
38575,987
38577,1315
38578,146
38579,1577
38580,1628
38581,3965
38582,1982
38583,25739
38585,4550
38587,1169
38588,1004
38589,476
38601,2531
38603,2602
38606,14970
38610,3224
38611,16751
38614,16384
38617,805
38618,10022
38619,5531
38620,3639
38621,1610
38622,727
38623,139
38625,1875
38626,1123
38627,1348
38629,1731
38631,1103
38632,30824
38633,2091
38635,15312
38637,26622
38639,519
38641,2102
38642,2085
38643,1322
38644,103
38645,831
38646,2571
38647,814
38650,5072
38651,8491
38652,15540
38654,57334
38655,45377
38658,2557
38659,2117
38661,1808
38663,11468
38664,3261
38665,3817
38666,6258
38668,14123
38670,1066
38671,37070
38672,15899
38673,1111
38674,1430
38676,5318
38677,5006
38680,7069
38683,3488
38685,983
38701,21260
38703,11243
38720,549
38721,1038
38722,193
38723,0
38725,1145
38726,310
38730,1635
38731,0
38732,16735
38733,32
38736,535
38737,3150
38738,2811
38740,395
38744,509
38745,219
38746,412
38748,3047
38751,10255
38753,1238
38754,1268
38756,6568
38759,1409
38760,1004
38761,1918
38762,2098
38764,185
38765,180
38767,97
38768,58
38769,2088
38771,2946
38772,111
38773,2290
38774,1769
38776,0
38778,1450
38781,150
38801,29817
38804,16920
38821,12417
38824,7900
38826,5711
38827,3255
38828,4532
38829,18036
38833,2452
38834,27146
38838,1080
38839,41
38841,4057
38843,12275
38844,190
38846,2067
38847,3528
38848,685
38849,5874
38850,3113
38851,8797
38852,8719
38855,5298
38856,1442
38857,4403
38858,6279
38859,623
38860,6313
38862,2000
38863,18849
38864,1859
38865,5367
38866,11714
38868,4700
38869,297
38870,2471
38871,2154
38873,2433
38876,1168
38878,2642
38879,37
38901,17887
38913,485
38914,586
38915,3186
38916,4488
38917,3056
38920,528
38921,5010
38922,3126
38923,938
38924,441
38925,1839
38927,1146
38928,249
38929,2243
38930,23326
38940,1741
38941,3478
38943,681
38944,235
38946,172
38947,38
38948,2248
38949,191
38950,991
38951,1069
38952,365
38953,353
38954,754
38957,411
38961,345
38962,39
38963,2921
38964,61
38965,8801
38966,747
38967,7048
39038,5363
39039,2218
39040,3643
39041,3568
39042,37906
39044,2748
39045,1108
39046,29160
39047,40866
39051,15242
39054,379
39056,27307
39057,2190
39058,741
39059,12065
39061,0
39062,440
39063,2653
39066,4486
39067,1072
39069,4704
39071,6319
39073,21626
39074,14423
39078,1050
39079,1448
39082,1025
39083,8497
39086,1736
39088,19
39090,11811
39092,3323
39094,3640
39095,6652
39096,2267
39097,501
39108,1935
39110,47717
39111,8927
39113,205
39114,10553
39115,133
39116,2552
39117,9638
39119,6199
39120,29212
39140,2497
39144,739
39145,5094
39146,3057
39148,13
39149,1080
39150,5094
39152,714
39153,2443
39154,9036
39156,893
39157,24547
39159,2742
39160,2864
39162,201
39166,429
39167,0
39168,5950
39169,2939
39170,8970
39173,0
39174,525
39175,4079
39176,2638
39177,79
39179,904
39180,29311
39183,13419
39189,3696
39191,7653
39192,1951
39193,727
39194,19699
39201,775
39202,7023
39203,4803
39204,14048
39206,21878
39208,34604
39209,26514
39210,687
39211,24185
39212,26899
39213,18831
39216,3056
39217,2326
39218,6786
39232,9324
39269,0
39272,14161
39301,21184
39305,21878
39307,15636
39309,321
39320,2068
39322,2168
39323,1099
39324,0
39325,6064
39326,264
39327,4675
39328,4836
39330,2787
39332,2112
39335,2301
39336,1306
39337,1562
39338,3857
39339,14583
39341,6929
39342,1888
39345,5571
39346,1830
39347,1068
39348,324
39350,23949
39352,420
39354,1719
39355,6056
39356,873
39358,1123
39359,185
39360,4162
39361,1316
39362,2822
39363,1619
39364,2511
39365,7976
39366,1486
39367,13401
39401,41916
39402,43756
39406,1902
39421,2698
39422,4534
39423,2687
39425,2458
39426,17555
39427,853
39428,8626
39429,16583
39437,12287
39439,4497
39440,20111
39443,22932
39451,7957
39452,28891
39455,9030
39456,720
39459,4097
39461,302
39462,1284
39464,3240
39465,23122
39466,28292
39470,12872
39474,6128
39475,14585
39476,6336
39477,479
39478,2150
39479,5694
39480,1947
39481,1404
39482,11966
39483,5003
39501,23178
39503,54230
39507,17512
39520,15471
39525,9338
39529,0
39530,7836
39531,19045
39532,36710
39534,1879
39540,13033
39553,17644
39556,7583
39560,18505
39561,2224
39562,17142
39563,12023
39564,42295
39565,20692
39567,10300
39571,13942
39572,1031
39573,9770
39574,13830
39576,6249
39577,10488
39581,11519
39595,36
39601,23748
39629,6460
39630,871
39631,4346
39633,825
39635,0
39638,3478
39641,6821
39643,1283
39645,3744
39647,666
39648,19767
39652,8522
39653,2761
39654,4589
39656,798
39657,1591
39661,2641
39662,1219
39663,2405
39664,2627
39665,1048
39666,11985
39667,10138
39668,1608
39669,4260
39701,12591
39702,23536
39705,12195
39730,11496
39735,3808
39736,349
39737,373
39739,1953
39740,5893
39741,1227
39743,1900
39744,5308
39745,724
39746,2731
39747,1415
39750,3932
39751,1514
39752,2294
39753,0
39755,634
39756,1969
39759,42782
39762,4764
39766,2860
39767,537
39769,1371
39771,131
39772,2001
39773,14771
39776,1421
39813,1886
39815,1715
39817,11561
39819,11571
39823,8635
39824,667
39825,2043
39826,591
39827,4752
39828,15571
39832,0
39834,2020
39836,334
39837,5994
39840,4576
39841,867
39842,7780
39845,8155
39846,1906
39851,1919
39854,2295
39859,1028
39861,927
39862,789
39866,2012
39867,112
39870,1869
39877,362
39885,25
39886,1303
39897,3308
40003,2052
40004,30345
40006,4900
40007,36
40008,3718
40009,1564
40010,660
40011,2180
40012,885
40013,6830
40014,23039
40019,4109
40020,197
40022,801
40023,6484
40025,652
40026,6192
40031,25697
40033,11729
40036,193
40037,2922
40040,703
40041,518
40045,3118
40046,1239
40047,23160
40049,112
40050,1884
40051,4523
40052,646
40055,2386
40056,3361
40057,4275
40058,16
40059,19899
40060,1278
40061,205
40062,235
40063,468
40065,31763
40067,6253
40068,2663
40069,7802
40070,420
40071,16702
40075,1229
40076,2884
40077,597
40078,2777
40104,1263
40107,1981
40108,12469
40109,2363
40110,478
40111,2121
40115,990
40117,2089
40118,9903
40119,2071
40121,8715
40140,699
40142,2213
40143,6078
40144,1740
40145,1083
40146,3297
40150,4824
40152,891
40155,1164
40157,845
40160,23205
40161,253
40162,5821
40165,38533
40170,536
40171,195
40175,16283
40176,1035
40177,1627
40178,319
40202,7109
40203,17540
40204,14018
40205,24335
40206,20345
40207,28633
40208,15287
40209,571
40210,14226
40211,21165
40212,15160
40213,15805
40214,45986
40215,19444
40216,43764
40217,11831
40218,33292
40219,39107
40220,33893
40221,0
40222,21634
40223,23264
40228,18491
40229,40015
40231,0
40241,30910
40242,11099
40243,12049
40245,39261
40258,26590
40272,37595
40280,193
40291,41506
40299,41724
40310,541
40311,7676
40312,6156
40313,2856
40316,514
40322,3207
40324,52173
40328,1016
40330,20805
40334,0
40336,12650
40337,5461
40339,272
40342,23739
40346,765
40347,4004
40348,522
40350,28
40351,22338
40353,22534
40355,388
40356,45142
40357,94
40358,1219
40359,7222
40360,7071
40361,18422
40363,9
40370,2662
40371,2587
40372,2265
40374,2667
40376,16
40379,3826
40380,6943
40383,24228
40385,2378
40387,1805
40390,7480
40391,36729
40402,2500
40403,26733
40404,864
40409,3638
40419,5128
40422,25997
40434,109
40437,4488
40440,2301
40442,777
40444,14207
40445,755
40447,7559
40448,0
40456,8324
40460,1269
40461,2564
40464,809
40468,1969
40472,1398
40475,65030
40481,173
40484,12517
40486,2774
40489,4238
40502,26593
40503,27825
40504,26164
40505,25855
40507,2225
40508,24356
40509,45135
40510,1992
40511,36101
40513,10710
40514,16919
40515,36787
40516,2809
40517,36396
40526,2015
40536,0
40601,51627
40701,29767
40729,6090
40734,3633
40737,1824
40740,3954
40741,23303
40744,20104
40759,3194
40763,310
40769,17931
40771,1702
40801,0
40803,117
40806,1827
40807,535
40808,10
40810,1403
40813,321
40815,815
40816,0
40818,148
40819,632
40820,55
40823,3907
40824,720
40826,600
40827,993
40828,4431
40829,24
40830,255
40831,4719
40840,490
40843,68
40844,45
40845,639
40847,97
40849,16
40854,853
40855,782
40856,827
40858,186
40862,539
40863,801
40865,365
40868,1457
40870,635
40873,2329
40874,72
40902,696
40903,786
40906,10560
40913,517
40914,955
40915,731
40921,129
40923,1012
40927,728
40935,1979
40939,189
40940,388
40941,129
40943,675
40946,32
40949,409
40953,642
40958,503
40962,17390
40964,104
40965,11698
40972,1443
40977,8218
40979,0
40981,0
40982,454
40983,171
40988,399
40995,68
40997,361
41001,19206
41002,2498
41003,2891
41004,4105
41005,25621
41006,3862
41007,4606
41008,7754
41010,3101
41011,27558
41014,7118
41015,20396
41016,5794
41017,40661
41018,28707
41030,6472
41031,16748
41033,2252
41034,1061
41035,11220
41039,3122
41040,6998
41041,7564
41042,55880
41043,1576
41044,1203
41045,1222
41046,1685
41048,16262
41049,2185
41051,32192
41052,279
41055,1611
41056,13978
41059,3166
41063,2830
41064,2122
41071,19662
41073,5598
41074,5703
41075,17433
41076,17145
41080,1729
41083,1990
41085,653
41086,2126
41091,24371
41092,3250
41093,2342
41094,14798
41095,3775
41097,7308
41098,1138
41101,19331
41102,20779
41121,2170
41124,1182
41129,8417
41132,516
41135,359
41139,8258
41141,2516
41142,95
41143,13754
41144,8457
41146,446
41149,485
41159,478
41164,12372
41166,1135
41168,3640
41169,5527
41171,4586
41174,913
41175,5612
41179,7039
41180,893
41181,80
41183,1813
41189,2052
41201,313
41203,609
41204,592
41214,320
41216,1343
41219,1818
41222,2655
41224,4536
41226,369
41230,12399
41231,1127
41232,334
41234,528
41238,867
41240,6495
41250,966
41254,648
41255,543
41256,2200
41257,740
41260,900
41262,1528
41263,216
41264,722
41265,1114
41267,1648
41268,1007
41271,390
41274,497
41301,5804
41310,0
41311,6373
41314,4483
41317,399
41332,955
41339,10563
41348,1220
41351,13
41352,616
41360,385
41364,76
41365,668
41366,17
41367,191
41385,424
41386,9
41390,161
41397,143
41408,452
41421,338
41425,1146
41464,349
41465,10539
41472,10703
41501,23272
41503,301
41512,540
41513,393
41514,2590
41517,148
41519,915
41522,4847
41524,252
41526,0
41527,594
41528,331
41531,1070
41534,71
41535,748
41537,3177
41538,350
41539,1486
41540,323
41543,460
41544,455
41547,459
41548,1076
41553,2324
41554,1018
41555,1017
41557,2026
41558,892
41559,264
41560,339
41562,1779
41563,368
41564,523
41566,377
41567,69
41568,811
41571,563
41572,3266
41601,431
41602,818
41603,1661
41604,496
41605,546
41606,245
41607,212
41612,132
41615,547
41616,477
41619,314
41621,153
41622,147
41630,938
41631,1230
41632,516
41635,3314
41636,709
41640,1012
41642,627
41643,141
41645,1137
41647,1105
41649,2275
41650,549
41651,196
41653,11048
41655,946
41659,1203
41660,242
41663,207
41666,917
41667,457
41669,1001
41701,16646
41712,336
41713,0
41714,508
41719,1062
41721,361
41722,1190
41723,1077
41725,255
41727,1500
41729,37
41731,789
41735,311
41739,107
41740,1056
41745,668
41746,776
41749,1979
41751,242
41754,700
41759,815
41760,286
41762,113
41763,632
41764,471
41766,510
41772,245
41773,1089
41774,2350
41775,238
41776,1179
41777,1264
41778,130
41804,1202
41810,337
41812,185
41815,722
41817,331
41819,271
41821,297
41822,1979
41824,663
41825,261
41826,855
41828,665
41831,953
41832,295
41833,88
41834,244
41835,314
41836,1039
41837,943
41838,1033
41839,674
41840,1064
41843,271
41844,1285
41845,251
41847,319
41848,25
41849,101
41855,751
41858,7958
41859,208
41861,288
41862,1032
42001,30816
42003,29384
42020,2215
42021,1190
42022,200
42023,2572
42024,1160
42025,19238
42027,1979
42028,543
42029,5733
42031,3388
42032,164
42035,783
42036,1289
42037,15
42038,6045
42039,1491
42040,983
42041,4584
42044,4344
42045,1923
42047,226
42048,1838
42049,1386
42050,3129
42051,2000
42053,4882
42054,793
42055,2496
42056,1442
42058,2122
42060,12
42061,64
42064,8020
42066,23635
42069,1114
42071,30750
42076,1085
42078,1718
42079,1446
42081,2325
42082,1961
42083,404
42085,918
42086,4313
42087,2369
42088,2507
42101,63290
42103,21927
42104,41273
42120,2595
42122,5362
42123,1203
42124,66
42127,6356
42129,7044
42130,98
42131,126
42133,1311
42134,19117
42140,1261
42141,32133
42151,251
42153,65
42154,704
42156,251
42157,487
42159,1412
42160,2693
42163,40
42164,17416
42166,2192
42167,8393
42170,1506
42171,7189
42202,1736
42204,746
42206,5675
42207,1099
42210,4201
42211,12912
42214,664
42215,1692
42217,3739
42220,5795
42223,19261
42232,1052
42234,2299
42236,853
42240,41510
42252,52
42254,176
42256,5052
42259,1111
42261,9725
42262,9646
42265,992
42266,3203
42273,560
42274,2668
42275,881
42276,16042
42280,407
42285,550
42286,2143
42301,45399
42303,42038
42320,8630
42321,578
42322,0
42323,909
42324,1120
42325,1744
42326,294
42327,4379
42328,1176
42330,9354
42332,59
42333,1036
42337,1611
42338,11
42339,878
42343,1372
42344,1042
42345,11496
42347,5840
42348,4709
42349,1921
42350,1175
42351,4580
42352,1834
42354,238
42355,1514
42356,181
42361,620
42366,5408
42367,1023
42368,932
42369,199
42370,40
42371,356
42372,1620
42374,134
42376,6800
42378,3810
42404,2268
42406,2446
42408,6167
42409,2319
42410,1113
42411,1926
42413,2667
42420,38434
42431,27095
42436,1460
42437,7250
42440,746
42441,1640
42442,3006
42444,0
42445,10371
42450,3589
42451,448
42452,1913
42453,494
42455,3703
42456,1423
42458,906
42459,3965
42461,1218
42462,1627
42463,120
42464,1645
42501,17441
42503,25638
42516,616
42518,2946
42519,2800
42528,2348
42533,897
42539,9406
42541,499
42544,5731
42553,5962
42565,668
42566,427
42567,5150
42602,9138
42603,552
42629,5453
42631,36
42633,18609
42634,1840
42635,4789
42638,300
42642,12951
42647,3743
42649,1878
42653,3911
42701,53240
42712,1787
42713,1885
42715,426
42716,1640
42717,5964
42718,26461
42721,4302
42722,383
42724,5528
42726,5025
42728,16108
42729,1635
42732,1764
42733,1797
42740,1938
42741,507
42742,99
42743,9008
42746,2473
42748,9189
42749,4835
42753,812
42754,15817
42757,2846
42758,0
42759,0
42762,70
42764,487
42765,7030
42776,2071
42782,838
42784,2948
42788,339
43001,2639
43002,711
43003,3376
43004,31416
43005,308
43006,521
43007,34
43008,2419
43009,2054
43010,280
43011,6978
43013,1680
43014,4185
43015,59027
43016,44514
43017,41422
43018,82
43019,9517
43021,14855
43022,3621
43023,15772
43025,5500
43026,64644
43027,160
43028,8063
43029,524
43030,232
43031,13900
43032,0
43033,413
43035,35732
43036,326
43037,265
43040,37582
43044,4972
43045,1665
43046,3128
43047,0
43050,30360
43054,27727
43055,62697
43056,17485
43060,2385
43061,5198
43062,31822
43064,17829
43065,45284
43066,1170
43067,1655
43068,59399
43070,170
43071,2424
43072,5347
43074,15948
43076,8805
43077,278
43078,19985
43080,5309
43081,64314
43082,33799
43084,1077
43085,26154
43101,327
43102,3797
43103,12981
43105,9059
43106,1562
43107,3528
43109,136
43110,40896
43111,148
43112,4961
43113,24314
43115,1840
43116,2764
43117,9
43119,29423
43123,66366
43125,14765
43126,360
43127,299
43128,2038
43130,62450
43135,4225
43136,2270
43137,2188
43138,19147
43140,24162
43142,121
43143,5609
43144,326
43145,2143
43146,13325
43147,45929
43148,1936
43149,2160
43150,2237
43151,223
43152,800
43153,1193
43154,3447
43155,2423
43156,166
43157,615
43158,190
43160,21966
43162,6647
43164,2062
43201,33873
43202,20059
43203,9093
43204,43444
43205,12400
43206,22026
43207,46810
43209,28431
43210,11853
43211,23003
43212,23092
43213,35912
43214,26420
43215,16999
43217,2021
43218,0
43219,32537
43220,29715
43221,35037
43222,4182
43223,27427
43224,44096
43227,25282
43228,58607
43229,54237
43230,59522
43231,22722
43232,46844
43235,45171
43240,7287
43302,54581
43310,3090
43311,20074
43314,2506
43315,6996
43316,6095
43317,215
43318,4065
43319,1118
43320,1538
43321,357
43322,451
43323,578
43324,2804
43325,17
43326,12594
43330,53
43331,4012
43332,1762
43333,1013
43334,6339
43336,35
43337,601
43338,10394
43340,2192
43341,1005
43342,3566
43343,1437
43344,6049
43345,623
43346,180
43347,1088
43348,1865
43350,167
43351,10568
43356,900
43357,4711
43358,2628
43359,616
43360,1818
43402,31538
43403,4290
43406,1490
43407,440
43408,365
43410,10365
43412,4109
43413,1095
43414,175
43416,2843
43420,29400
43430,4934
43431,4632
43432,1272
43433,0
43434,106
43435,1410
43436,0
43437,544
43438,198
43439,31
43440,4133
43442,787
43443,1538
43445,803
43446,38
43447,3165
43449,8053
43450,3602
43451,1003
43452,14052
43456,749
43457,1199
43458,274
43460,6157
43462,1032
43463,478
43464,1861
43465,5645
43466,2708
43467,92
43468,544
43469,2991
43501,761
43502,6916
43504,1086
43505,143
43506,14691
43510,71
43511,918
43512,27894
43515,8139
43516,3014
43517,3438
43518,3003
43519,339
43520,23
43521,2703
43522,3621
43523,43
43524,1012
43525,1245
43526,6270
43527,2092
43528,16702
43529,341
43530,0
43531,219
43532,3500
43533,1533
43534,1501
43535,836
43536,252
43537,29639
43540,1487
43541,240
43542,4485
43543,7476
43545,14388
43547,616
43548,868
43549,1374
43551,43568
43553,430
43554,2035
43555,227
43556,1746
43557,3219
43558,12961
43560,32950
43565,314
43566,8350
43567,12879
43569,2804
43570,2819
43571,7166
43604,9708
43605,24432
43606,24630
43607,19969
43608,14158
43609,20495
43610,4057
43611,18863
43612,28231
43613,30597
43614,29396
43615,40813
43616,20420
43617,8586
43619,7151
43620,5039
43623,20360
43701,55674
43711,0
43713,6511
43716,1970
43717,166
43718,2810
43719,2471
43720,1105
43721,316
43722,657
43723,4490
43724,9007
43725,19728
43727,1176
43728,1175
43730,2718
43731,4982
43732,1837
43733,69
43734,1824
43735,497
43736,23
43738,130
43739,2743
43740,264
43746,1128
43747,1457
43748,2955
43749,2177
43750,144
43754,1597
43755,1561
43756,5747
43758,2900
43759,224
43760,1564
43761,43
43762,5098
43764,7971
43766,1253
43767,1233
43768,256
43771,2225
43772,1628
43773,2798
43777,4435
43778,1595
43779,783
43780,2187
43782,392
43783,5031
43786,75
43787,2681
43788,615
43791,38
43793,4879
43802,1402
43804,3503
43805,294
43811,491
43812,18716
43821,4282
43822,4520
43824,4189
43830,6502
43832,7088
43836,85
43837,1819
43840,1666
43842,212
43843,577
43844,3802
43845,4780
43901,2159
43902,114
43903,2241
43905,645
43906,7888
43907,4814
43908,1065
43909,38
43910,3195
43912,5852
43913,1065
43914,0
43915,1305
43917,2647
43920,21124
43925,65
43926,270
43928,114
43930,1090
43931,132
43932,1147
43933,2076
43934,72
43935,7918
43938,5448
43939,313
43940,378
43942,2087
43943,3288
43944,2562
43945,2620
43946,1501
43947,4894
43948,638
43950,16422
43951,37
43952,17775
43953,11857
43961,230
43962,63
43963,1191
43964,9061
43967,187
43968,6445
43971,1015
43972,104
43973,2341
43974,109
43976,1432
43977,2576
43981,171
43983,651
43985,237
43986,1657
43988,2364
44001,21123
44003,4379
44004,31076
44010,1424
44011,25082
44012,25456
44017,18378
44021,5739
44022,16559
44023,18905
44024,24376
44026,10722
44028,9313
44030,16317
44032,2254
44035,62024
44039,36235
44040,3032
44041,13992
44044,14422
44045,564
44046,1670
44047,8379
44048,2336
44049,230
44050,7204
44052,28067
44053,21257
44054,12733
44055,19870
44056,12142
44057,19491
44060,60257
44062,16335
44064,1270
44065,3987
44067,19917
44068,132
44070,32031
44072,5028
44074,11684
44076,4878
44077,57947
44080,73
44081,6945
44082,1544
44084,3965
44085,3400
44086,2405
44087,21930
44089,15873
44090,10341
44092,17476
44093,1180
44094,36689
44095,32508
44099,2361
44101,621
44102,40178
44103,13776
44104,19716
44105,33358
44106,24704
44107,50384
44108,20579
44109,38098
44110,17979
44111,39950
44112,18493
44113,19619
44114,7472
44115,10389
44116,21527
44117,9350
44118,40389
44119,13495
44120,34274
44121,32668
44122,36960
44123,18391
44124,40046
44125,29366
44126,17012
44127,4399
44128,27611
44129,28607
44130,49778
44131,20619
44132,13985
44133,31045
44134,38231
44135,27591
44136,25068
44137,23385
44138,23129
44139,24754
44140,15992
44141,13954
44142,18359
44143,24337
44144,21266
44145,34036
44146,29474
44147,19768
44149,21042
44201,6928
44202,22857
44203,38705
44212,45817
44214,2362
44215,2574
44216,9461
44217,3633
44221,29342
44223,18373
44224,38512
44230,8225
44231,8702
44232,0
44233,8073
44234,4078
44235,1369
44236,26114
44240,37889
44241,18355
44243,5010
44250,1604
44251,997
44253,3781
44254,4857
44255,7043
44256,64606
44260,12733
44262,5019
44264,3599
44266,32301
44270,8138
44272,6064
44273,7124
44274,95
44275,3190
44276,1725
44278,18602
44280,5372
44281,34073
44285,97
44286,6151
44287,7892
44288,3555
44301,14081
44302,5302
44303,7721
44304,3669
44305,20570
44306,20986
44307,6336
44308,1261
44310,24420
44311,7580
44312,30739
44313,27680
44314,17292
44319,21469
44320,18134
44321,15743
44325,853
44333,19884
44401,2565
44402,2588
44403,3766
44404,1712
44405,7834
44406,22297
44408,10924
44410,16467
44411,2121
44412,3073
44413,7329
44415,394
44417,1423
44418,1198
44420,15066
44423,2515
44424,84
44425,13329
44427,1484
44428,3196
44429,2361
44430,4554
44431,4607
44432,12029
44436,3121
44437,3900
44438,5045
44439,482
44440,4932
44441,1564
44442,3856
44443,1950
44444,9306
44445,3067
44446,20014
44449,1362
44450,2217
44451,2886
44452,2661
44454,806
44455,1662
44460,25289
44470,4074
44471,10296
44473,4106
44481,10287
44483,25602
44484,21634
44485,15194
44490,696
44491,3683
44493,119
44502,9369
44503,970
44504,5185
44505,16449
44506,2214
44507,4402
44509,10775
44510,2091
44511,18919
44512,33018
44514,23632
44515,27740
44555,170
44601,32823
44606,7883
44607,142
44608,2702
44609,3645
44610,120
44611,2313
44612,5494
44613,1988
44614,13088
44615,9830
44618,7869
44619,138
44620,1318
44621,4639
44622,18774
44624,6395
44625,945
44626,2751
44627,7299
44628,1039
44629,2497
44630,180
44632,10655
44633,2275
44634,1783
44637,2588
44638,1228
44639,232
44640,103
44641,19693
44643,3666
44644,4445
44645,2797
44646,48283
44647,17851
44651,956
44652,650
44653,893
44654,20329
44656,2616
44657,9581
44659,54
44660,58
44661,489
44662,9929
44663,24732
44665,119
44666,3122
44667,13688
44669,1889
44670,155
44671,77
44672,4741
44675,2255
44676,5626
44677,2867
44678,183
44680,4015
44681,9071
44682,1250
44683,7888
44685,28655
44687,406
44688,2895
44689,479
44690,52
44691,44390
44693,52
44695,1400
44697,267
44699,673
44702,1029
44703,8468
44704,3583
44705,17574
44706,16485
44707,8849
44708,24761
44709,18917
44710,8253
44714,10110
44718,12809
44720,39656
44721,13722
44730,6096
44802,919
44804,1603
44805,31024
44807,2118
44809,103
44811,12486
44813,7816
44814,2329
44815,762
44817,1606
44818,2048
44820,17265
44822,4119
44824,3952
44825,166
44826,1002
44827,7009
44828,154
44830,18409
44833,16641
44836,2450
44837,4514
44838,214
44839,12702
44840,3415
44841,590
44842,5571
44843,2732
44844,823
44846,3361
44847,3567
44849,2177
44850,213
44851,5303
44853,1507
44854,1459
44855,1175
44856,123
44857,23320
44859,1781
44861,120
44864,3089
44865,3123
44866,2454
44867,2180
44870,39817
44874,253
44875,14026
44878,2943
44880,3131
44881,174
44882,2140
44883,28554
44887,1140
44889,7251
44890,10364
44901,0
44902,4876
44903,26804
44904,14057
44905,16254
44906,17059
44907,15157
45001,863
45002,14647
45003,666
45005,31906
45011,74636
45013,53533
45014,45652
45015,11102
45030,21328
45032,627
45033,436
45034,1080
45036,43262
45039,28958
45040,58132
45041,131
45042,28217
45044,54452
45050,12162
45051,361
45052,4236
45053,3717
45054,2549
45055,97
45056,27598
45062,667
45064,3281
45065,6938
45066,26663
45067,15328
45068,11606
45069,55635
45070,146
45101,1876
45102,24838
45103,36788
45105,71
45106,11096
45107,9748
45111,238
45112,14
45113,3808
45115,130
45118,3789
45119,217
45120,2412
45121,8931
45122,11195
45123,8739
45130,3806
45131,374
45132,130
45133,23604
45135,5422
45140,56854
45142,4095
45144,4256
45146,1129
45147,64
45148,1675
45150,33342
45152,13577
45153,2452
45154,9094
45155,522
45156,50
45157,9650
45158,743
45159,3333
45160,568
45162,2348
45164,366
45166,0
45167,3379
45168,1399
45169,4410
45171,5770
45172,419
45174,2294
45176,9813
45177,22442
45202,17022
45203,2530
45204,7710
45205,18615
45206,10387
45207,7089
45208,17858
45209,10772
45211,37234
45212,21007
45213,11273
45214,9077
45215,30806
45216,9493
45217,5437
45218,3815
45219,19326
45220,14636
45223,13049
45224,22186
45225,9451
45226,5962
45227,18653
45229,14000
45230,26923
45231,40852
45232,7257
45233,15362
45236,24648
45237,21234
45238,48936
45239,29035
45240,29453
45241,23545
45242,22253
45243,15958
45244,28720
45245,19707
45246,13925
45247,23588
45248,23287
45249,14219
45251,20561
45252,4941
45255,22760
45267,3
45301,201
45302,4369
45303,2169
45304,7624
45305,11597
45306,2283
45307,237
45308,4376
45309,11905
45310,255
45311,5960
45312,1109
45314,6488
45315,4804
45316,134
45317,838
45318,5338
45319,364
45320,15402
45321,1254
45322,20978
45323,4954
45324,41273
45325,2746
45326,1509
45327,8949
45328,538
45330,810
45331,22298
45332,602
45333,1739
45334,1921
45335,7285
45336,82
45337,1750
45338,4782
45339,982
45340,592
45341,3702
45342,36675
45344,16841
45345,5923
45346,2022
45347,4029
45348,817
45349,284
45350,69
45351,384
45352,177
45353,230
45354,643
45356,25155
45358,313
45359,2041
45360,325
45361,325
45362,1164
45363,1862
45365,28955
45368,3860
45369,4232
45370,2732
45371,22521
45372,286
45373,37274
45377,14972
45378,459
45380,5552
45381,5662
45382,1139
45383,6883
45384,1957
45385,40057
45387,5174
45388,727
45389,701
45390,3349
45402,9964
45403,13831
45404,10762
45405,19322
45406,20261
45409,15677
45410,15617
45414,20479
45415,12171
45416,5353
45417,28161
45419,16583
45420,23956
45423,0
45424,49871
45426,13582
45428,274
45429,26510
45430,7171
45431,26961
45432,14988
45433,1560
45434,12482
45435,154
45439,12246
45440,22730
45449,18627
45458,37413
45459,28454
45469,206
45501,0
45502,17076
45503,32673
45504,16654
45505,20299
45506,13339
45601,56453
45612,4626
45613,3331
45614,5585
45616,1588
45617,0
45618,0
45619,7273
45620,751
45621,397
45622,612
45623,3381
45624,0
45628,5670
45629,3127
45630,368
45631,12669
45634,1562
45636,375
45638,19921
45640,16360
45642,0
45644,4561
45645,2709
45646,174
45647,2276
45648,11306
45650,303
45651,5402
45652,3147
45653,3742
45654,715
45656,6812
45657,1697
45658,2654
45659,3007
45660,7817
45661,7528
45662,26972
45663,6435
45669,10085
45671,418
45672,1408
45673,600
45674,681
45677,32
45678,1196
45679,2701
45680,11878
45681,1440
45682,1824
45684,1577
45685,1272
45686,3556
45688,204
45690,13315
45692,7699
45693,8452
45694,12763
45695,748
45696,951
45697,6138
45698,449
45699,1271
45701,33501
45710,5361
45711,1039
45714,9333
45715,2024
45716,410
45719,822
45720,0
45721,32
45723,3663
45724,1597
45727,909
45729,2149
45732,4287
45734,301
45735,1720
45739,54
45740,338
45741,871
45742,3447
45743,1228
45744,2164
45745,945
45746,301
45750,26485
45760,3682
45761,1323
45764,7548
45766,1535
45767,2566
45768,1566
45769,5560
45770,765
45771,3462
45772,1614
45773,516
45775,1548
45776,1014
45778,1131
45779,630
45780,2653
45782,442
45783,217
45784,3089
45786,3019
45788,1021
45789,177
45801,21431
45804,14197
45805,24746
45806,10978
45807,11631
45808,329
45809,69
45810,7345
45812,1938
45813,3492
45814,2580
45815,69
45816,309
45817,5820
45819,249
45820,600
45821,710
45822,20170
45826,419
45827,2151
45828,6343
45830,5403
45831,3566
45832,3098
45833,10822
45835,521
45836,1519
45838,71
45840,54342
45841,1077
45843,3908
45844,2905
45845,3386
45846,4763
45848,106
45849,1136
45850,3763
45851,578
45853,1685
45854,339
45855,158
45856,5290
45858,2693
45859,378
45860,2437
45861,367
45862,1182
45863,1388
45864,185
45865,5415
45866,100
45867,975
45868,809
45869,4323
45870,505
45871,2091
45872,4572
45873,2232
45874,2186
45875,10861
45876,913
45877,2452
45879,6524
45880,2437
45881,1704
45882,2719
45883,4099
45884,168
45885,12744
45886,422
45887,4335
45888,237
45889,1849
45890,873
45891,15522
45893,166
45894,681
45895,17983
45896,1705
45897,91
45898,908
45899,180
46001,10481
46011,17115
46012,20248
46013,17616
46016,18380
46017,5421
46030,3278
46031,2237
46032,51181
46033,40153
46034,7263
46035,1317
46036,11211
46037,46976
46038,43245
46039,506
46040,17891
46041,23359
46044,2646
46045,156
46047,18
46048,2209
46049,994
46050,2034
46051,2857
46052,23455
46055,15027
46056,2244
46057,1061
46058,2127
46060,47514
46062,39348
46063,279
46064,17730
46065,3488
46068,2555
46069,6924
46070,2289
46071,3229
46072,8751
46074,46042
46075,9084
46076,1754
46077,35378
46102,418
46103,371
46104,1098
46105,1694
46106,9482
46107,13021
46110,942
46111,456
46112,42491
46113,17367
46115,1512
46117,555
46118,4340
46120,6138
46121,5153
46122,16343
46123,42395
46124,7638
46125,42
46126,3976
46127,431
46128,2319
46130,2372
46131,35502
46133,996
46135,19639
46140,42927
46142,35368
46143,58238
46144,219
46146,106
46147,2490
46148,4948
46149,2234
46150,860
46151,32339
46154,175
46155,71
46156,1011
46157,4370
46158,24622
46160,6416
46161,2263
46162,276
46163,14318
46164,3991
46165,2060
46166,2819
46167,7132
46168,38889
46170,0
46171,1980
46172,2215
46173,10544
46175,451
46176,28581
46180,1002
46181,5094
46182,1670
46183,41
46184,13464
46186,1762
46201,31650
46202,20331
46203,37297
46204,11022
46205,29196
46206,0
46208,22026
46214,24645
46216,2546
46217,38659
46218,28560
46219,38246
46220,36159
46221,26255
46222,37608
46224,39858
46225,5535
46226,45640
46227,57164
46228,16324
46229,28284
46231,10950
46234,27941
46235,35897
46236,26049
46237,42747
46239,33403
46240,19632
46241,32943
46250,17933
46254,40263
46256,21785
46259,15049
46260,35102
46268,25623
46278,8733
46280,7657
46290,111
46301,597
46302,36
46303,16910
46304,27402
46307,71418
46310,13914
46311,23405
46312,26158
46319,17683
46320,14097
46321,23733
46322,23749
46323,23184
46324,21433
46327,10797
46340,1531
46341,10169
46342,32525
46345,76
46346,1313
46347,4778
46348,1201
46349,3060
46350,45152
46356,19396
46360,43997
46365,911
46366,5672
46368,40237
46371,3490
46373,18509
46374,998
46375,24012
46376,280
46377,31
46379,267
46381,447
46382,1833
46383,42464
46385,41390
46390,2965
46391,8555
46392,8332
46393,128
46394,12141
46402,5636
46403,10697
46404,16846
46405,11509
46406,8513
46407,8889
46408,15571
46409,7072
46410,38803
46501,3915
46502,0
46504,3391
46506,10095
46507,9799
46508,184
46510,3154
46511,4019
46513,0
46514,41480
46516,31959
46517,25438
46524,2133
46526,33527
46528,26356
46530,31907
46531,1818
46532,1628
46534,11029
46536,3086
46537,520
46538,4369
46539,2570
46540,13239
46542,5108
46543,4467
46544,31138
46545,26581
46550,12442
46552,6665
46553,3790
46554,4285
46555,2398
46556,8159
46561,14499
46562,5118
46563,23869
46565,8718
46567,9371
46570,1140
46571,6321
46572,129
46573,3943
46574,7414
46580,21812
46582,14490
46590,5073
46595,54
46601,4933
46613,11726
46614,29339
46615,14411
46616,6219
46617,10402
46619,21179
46624,31
46628,27929
46635,6552
46637,16079
46701,8186
46702,1955
46703,18907
46704,69
46705,1988
46706,20277
46710,4486
46711,8211
46714,15257
46721,4890
46723,7575
46725,22941
46730,1183
46731,858
46732,2434
46733,19246
46737,7076
46738,8462
46740,4766
46741,4218
46742,3126
46743,2191
46745,1895
46746,4474
46747,2566
46748,6933
46750,27341
46755,15528
46759,381
46760,1129
46761,11985
46763,1358
46764,1697
46765,5972
46766,614
46767,8979
46770,2604
46771,193
46772,3164
46773,3270
46774,17066
46776,1607
46777,6136
46778,83
46779,2184
46781,879
46783,7610
46784,1999
46785,1630
46786,38
46787,4144
46788,4372
46789,149
46791,1025
46792,3577
46793,4122
46794,1138
46795,7011
46796,217
46797,4438
46798,1008
46799,455
46802,10360
46803,11187
46804,29177
46805,21851
46806,26060
46807,16285
46808,19916
46809,8677
46814,16906
46815,26811
46816,19240
46818,21914
46819,9318
46825,29071
46835,37589
46845,28664
46901,38254
46902,36640
46910,3125
46911,1742
46913,1386
46914,3997
46915,639
46917,1992
46919,1792
46920,1397
46922,0
46923,8036
46926,1414
46928,4450
46929,3029
46930,202
46931,290
46932,2996
46933,6469
46936,5956
46937,19
46938,2576
46939,1757
46940,2913
46941,878
46943,113
46945,0
46946,92
46947,28830
46950,385
46951,2016
46952,17825
46953,23570
46957,493
46958,603
46959,573
46960,1123
46961,47
46962,8994
46965,44
46967,153
46968,136
46970,23129
46971,0
46974,1565
46975,13985
46978,2111
46979,5026
46980,52
46982,2653
46984,7
46985,1247
46986,1672
46987,1109
46988,909
46989,5403
46990,437
46991,1657
46992,16475
46994,2180
46996,6231
46998,196
47001,10374
47003,1038
47006,12607
47010,154
47011,1533
47012,10891
47016,683
47017,415
47018,4725
47020,1164
47021,0
47022,2837
47023,2076
47024,2909
47025,23713
47030,1574
47031,5179
47032,3136
47033,0
47034,152
47035,266
47036,1202
47037,4289
47038,800
47040,5408
47041,6148
47042,3867
47043,4851
47060,6379
47102,6647
47104,8
47106,4583
47108,2003
47110,656
47111,17899
47112,17123
47114,537
47115,2929
47116,436
47117,4352
47118,4097
47119,11748
47120,824
47122,11230
47123,168
47124,5514
47125,1684
47126,4146
47129,19611
47130,49192
47135,1063
47136,4787
47137,1266
47138,4646
47140,2458
47141,1582
47142,530
47143,3775
47145,1782
47147,1608
47150,49606
47160,67
47161,3362
47162,501
47163,1293
47164,3319
47165,6599
47166,1531
47167,15573
47170,15279
47172,20423
47174,58
47175,843
47177,1960
47201,48602
47203,25106
47220,6070
47223,1190
47224,396
47225,90
47226,175
47227,1425
47229,2971
47230,1832
47231,742
47232,2329
47234,1571
47235,1658
47236,298
47240,21514
47243,6235
47244,570
47246,4142
47247,165
47250,23013
47260,1909
47263,172
47264,1506
47265,20981
47270,543
47272,2100
47273,1838
47274,32786
47280,978
47281,1504
47282,224
47283,4085
47302,25365
47303,24115
47304,31432
47305,3570
47306,3866
47320,4486
47324,262
47325,578
47326,1784
47327,4384
47330,5346
47331,22769
47334,3202
47335,648
47336,2793
47337,196
47338,2378
47339,450
47340,3267
47341,2513
47342,2514
47344,162
47345,1465
47346,4123
47348,8986
47351,505
47352,823
47353,5111
47354,1122
47355,2966
47356,5508
47357,1184
47358,917
47359,3688
47360,1480
47361,268
47362,29442
47366,9
47367,105
47368,2118
47369,1216
47370,145
47371,12450
47373,2218
47374,45186
47380,1537
47381,199
47382,188
47383,2564
47384,2038
47385,1700
47386,1210
47387,461
47388,413
47390,5084
47392,230
47393,1595
47394,8137
47396,7808
47401,40084
47403,34410
47404,23614
47405,1249
47406,8356
47408,21660
47420,77
47421,27610
47424,8620
47427,850
47429,7402
47431,1401
47432,4721
47433,3722
47434,13
47435,129
47436,1649
47437,16
47438,4203
47441,8755
47443,1336
47445,94
47446,9259
47448,7719
47449,407
47451,1523
47452,5118
47453,325
47454,7529
47455,34
47456,1305
47457,0
47458,19
47459,3904
47460,11395
47462,4949
47464,316
47465,528
47467,0
47468,1195
47469,1578
47470,1441
47471,3116
47501,18335
47512,4216
47513,1797
47514,1414
47515,1196
47516,943
47519,401
47520,2768
47521,750
47522,315
47523,3518
47524,486
47525,313
47527,2230
47528,514
47529,1140
47531,951
47532,4415
47535,776
47537,606
47541,1110
47542,10034
47546,22376
47550,670
47551,561
47552,203
47553,8613
47557,1360
47558,5252
47561,1293
47562,5332
47564,1500
47567,6187
47568,579
47573,18
47574,136
47575,1118
47576,676
47577,1179
47578,512
47579,2881
47580,108
47581,2828
47584,137
47585,664
47586,10994
47588,881
47590,550
47591,25191
47596,81
47597,849
47598,2908
47601,13119
47610,5695
47611,899
47612,784
47613,2722
47615,1683
47616,214
47619,1629
47620,12533
47630,39461
47631,2085
47633,2402
47634,2101
47635,5578
47637,1301
47638,3766
47639,4633
47640,882
47648,4453
47649,1310
47654,11
47660,4819
47665,4053
47666,1411
47670,11638
47683,49
47708,636
47710,18802
47711,30793
47712,24999
47713,9930
47714,33148
47715,28476
47720,17103
47725,19436
47802,33192
47803,21702
47804,10642
47805,12809
47807,13028
47809,1554
47831,0
47832,1070
47833,917
47834,18773
47836,0
47837,876
47838,3952
47840,1903
47841,2546
47842,9675
47845,51
47846,978
47847,869
47848,1319
47849,561
47850,2027
47851,0
47853,117
47854,884
47855,835
47857,321
47858,952
47859,1078
47860,615
47861,640
47862,1262
47863,198
47865,4
47866,512
47868,2870
47869,6
47870,0
47871,479
47872,8641
47874,2950
47875,0
47876,361
47879,3120
47880,14
47881,253
47882,8494
47884,207
47885,9287
47901,4342
47904,16340
47905,42109
47906,74283
47907,0
47909,42971
47916,40
47917,306
47918,5159
47920,2478
47921,1131
47922,1347
47923,3550
47924,75
47925,22
47926,916
47928,1748
47929,707
47930,1113
47932,5193
47933,28227
47940,1490
47941,1047
47942,789
47943,967
47944,3492
47946,2175
47948,1158
47949,1563
47950,828
47951,2246
47952,2676
47954,2223
47955,824
47957,2067
47958,196
47959,2557
47960,15313
47963,2362
47964,93
47965,550
47966,297
47967,853
47968,1283
47969,250
47970,2634
47971,1718
47974,1399
47975,754
47977,2606
47978,10097
47980,1075
47981,915
47982,98
47983,276
47986,0
47987,3705
47989,1243
47990,1374
47991,1398
47992,1523
47993,3667
47994,510
47995,1809
47997,202
48001,11502
48002,3129
48003,6045
48005,5315
48006,3891
48009,21623
48014,4319
48015,8448
48017,11271
48021,34003
48022,2517
48023,4980
48025,14755
48026,14604
48027,3182
48028,1058
48030,14945
48032,1834
48033,16900
48034,15213
48035,33619
48036,22160
48038,44250
48039,7466
48040,9942
48041,4385
48042,33303
48043,15503
48044,58631
48045,24118
48047,39825
48048,11065
48049,5485
48050,1290
48051,17716
48054,7200
48059,15371
48060,39502
48062,9273
48063,4106
48064,3996
48065,11344
48066,47240
48067,24496
48069,2607
48070,6322
48071,28411
48072,15084
48073,33427
48074,9617
48075,23158
48076,24817
48079,12683
48080,21799
48081,20254
48082,16164
48083,23619
48084,15659
48085,27371
48088,23443
48089,32126
48091,30207
48092,27867
48093,24485
48094,20638
48095,5682
48096,3779
48097,5400
48098,20658
48101,28128
48103,54635
48104,43762
48105,36959
48108,27472
48109,5722
48111,44193
48114,21476
48116,27817
48117,10199
48118,13088
48120,8771
48122,12605
48124,34156
48125,22156
48126,52075
48127,39943
48128,12844
48130,16849
48131,8306
48133,6711
48134,24472
48135,26910
48137,4293
48138,10603
48139,81
48140,3370
48141,25602
48143,145
48144,10275
48145,2917
48146,39511
48150,26749
48152,30394
48154,36915
48157,1204
48158,7688
48159,2637
48160,14308
48161,26556
48162,28275
48164,9577
48165,9141
48166,13746
48167,23281
48168,25039
48169,21080
48170,40573
48173,12984
48174,31809
48176,23325
48177,464
48178,37303
48179,3353
48180,62405
48182,20705
48183,41863
48184,17436
48185,48364
48186,35791
48187,52710
48188,45522
48189,13748
48190,108
48191,4253
48192,24593
48193,16485
48195,29551
48197,65911
48198,39507
48201,14327
48202,14792
48203,20472
48204,19723
48205,32466
48206,16447
48207,20068
48208,7904
48209,27534
48210,26925
48211,5556
48212,42587
48213,19869
48214,19014
48215,10238
48216,5681
48217,6437
48218,7096
48219,45788
48220,21502
48221,41750
48223,24262
48224,38771
48225,16328
48226,6893
48227,39474
48228,52719
48229,9166
48230,17330
48233,0
48234,32406
48235,46960
48236,31383
48237,29370
48238,24569
48239,37039
48240,17097
48242,0
48243,0
48301,14749
48302,17346
48304,17436
48306,27831
48307,44267
48309,30254
48310,43218
48312,35026
48313,33850
48314,21379
48315,28428
48316,28355
48317,27998
48320,4257
48322,33197
48323,17043
48324,16631
48326,24488
48327,20843
48328,25409
48329,24022
48331,22033
48334,19218
48335,24298
48336,26920
48340,25696
48341,19060
48342,17227
48346,22954
48348,24892
48350,7866
48353,6850
48356,8017
48357,8523
48359,10424
48360,12250
48362,14746
48363,7434
48367,4548
48370,1845
48371,26120
48374,17828
48375,23927
48377,19775
48380,7501
48381,13737
48382,23550
48383,13291
48386,17860
48390,24118
48393,20098
48401,1310
48410,100
48411,29
48412,5780
48413,7404
48414,2824
48415,8601
48416,5216
48417,2310
48418,4544
48419,2309
48420,21213
48421,6488
48422,6172
48423,33508
48426,1275
48427,2881
48428,5322
48429,8109
48430,38731
48432,523
48433,25756
48434,142
48435,2592
48436,4251
48437,399
48438,7305
48439,52071
48440,111
48441,3867
48442,22720
48444,9320
48445,1170
48446,30807
48449,2760
48450,4413
48451,15993
48453,4797
48454,1251
48455,7849
48456,768
48457,8694
48458,19411
48460,2727
48461,8256
48462,13010
48463,4536
48464,1986
48465,535
48466,1462
48467,2306
48468,1324
48469,1253
48470,535
48471,5518
48472,1444
48473,22793
48475,2423
48476,609
48502,1388
48503,22809
48504,23873
48505,18108
48506,24538
48507,28648
48509,9532
48519,7523
48529,8959
48532,19750
48601,32069
48602,27490
48603,27846
48604,11284
48607,1523
48609,12206
48610,3261
48611,6013
48612,8505
48613,986
48614,921
48615,2812
48616,7702
48617,9729
48618,5110
48619,474
48620,127
48621,1087
48622,5970
48623,15126
48624,16269
48625,12939
48626,5813
48627,129
48628,1920
48629,7922
48630,62
48631,4058
48632,4995
48633,146
48634,4395
48635,1535
48636,891
48637,3068
48638,12668
48640,32630
48642,33770
48647,4044
48649,1476
48650,6662
48651,4331
48652,1877
48653,9638
48654,2455
48655,5655
48656,3872
48657,7700
48658,4806
48659,2740
48661,10744
48662,1278
48701,1364
48703,2940
48705,474
48706,38756
48708,25751
48710,0
48720,1046
48721,398
48722,3147
48723,11960
48724,1226
48725,1958
48726,5715
48727,939
48728,329
48729,1537
48730,4584
48731,1522
48732,11308
48733,1650
48734,7642
48735,965
48737,1121
48738,1097
48739,3511
48740,2433
48741,2049
48742,1767
48743,37
48744,4387
48745,1189
48746,8148
48747,1488
48748,1457
48749,1214
48750,9281
48754,979
48755,2867
48756,3939
48757,3680
48759,3439
48760,1361
48761,804
48762,1014
48763,4837
48765,571
48766,1372
48767,2041
48768,9144
48770,1908
48801,13433
48806,1821
48807,706
48808,6424
48809,11292
48811,7416
48813,20263
48815,2155
48816,391
48817,5451
48818,2541
48819,2447
48820,18109
48821,6180
48822,2410
48823,49379
48824,2061
48825,11127
48827,16070
48829,3461
48831,3282
48832,1291
48834,2296
48835,2646
48836,14978
48837,19822
48838,17925
48840,12653
48841,643
48842,21504
48843,46902
48845,1109
48846,21940
48847,5773
48848,7795
48849,5801
48850,4526
48851,2310
48852,170
48853,701
48854,19403
48855,16625
48856,842
48857,3488
48858,42732
48859,2244
48860,1395
48861,1852
48862,39
48864,23548
48865,1904
48866,4375
48867,27399
48870,204
48871,2233
48872,6421
48873,1371
48874,160
48875,11090
48876,4301
48877,2078
48878,1253
48879,18472
48880,9952
48881,5358
48883,6755
48884,4777
48885,1273
48886,1529
48888,5905
48889,1496
48890,1967
48891,2923
48892,4769
48893,5660
48894,2269
48895,11294
48896,218
48897,1687
48906,25960
48910,32801
48911,40407
48912,17398
48915,9315
48917,32029
48933,3349
49001,21313
49002,19444
49004,17796
49006,25888
49007,9747
49008,16488
49009,47606
49010,18394
49011,2237
49012,3106
49013,5020
49014,21931
49015,29013
49017,20785
49021,6467
49022,29796
49024,30937
49026,1642
49027,296
49028,5969
49029,1420
49030,2435
49031,8320
49032,3369
49033,1666
49034,2066
49036,24697
49037,19924
49038,8577
49040,3341
49042,4695
49043,2264
49045,5109
49046,6944
49047,14506
49048,23999
49050,1381
49051,2963
49052,1086
49053,7255
49055,5963
49056,4051
49057,6405
49058,19513
49060,2750
49061,1924
49063,110
49064,3670
49065,7283
49066,784
49067,4031
49068,14954
49070,2192
49071,11839
49072,2875
49073,4853
49074,212
49075,154
49076,4255
49078,10469
49079,13364
49080,15410
49082,6374
49083,8110
49084,38
49085,23575
49087,6074
49088,3747
49089,2044
49090,13562
49091,19448
49092,1951
49093,18439
49094,3755
49095,2414
49096,3196
49097,11452
49098,5791
49099,5699
49101,2939
49102,1575
49103,11257
49104,410
49106,5086
49107,10351
49111,3121
49112,10436
49113,1758
49115,112
49116,109
49117,3512
49119,108
49120,36652
49125,2051
49126,1633
49127,11347
49128,3461
49129,615
49130,1216
49201,49114
49202,18763
49203,36520
49220,2468
49221,41041
49224,13309
49227,1210
49228,5523
49229,3538
49230,10259
49232,2829
49233,2953
49234,2480
49235,2036
49236,4940
49237,3094
49238,2009
49240,9206
49241,2086
49242,14768
49245,4472
49246,3486
49247,5257
49248,879
49249,3433
49250,5674
49251,6110
49252,2480
49253,2923
49254,3617
49255,2148
49256,3830
49258,10
49259,2616
49261,243
49262,1298
49263,0
49264,1571
49265,5137
49266,2906
49267,3947
49268,1026
49269,5874
49270,5728
49271,2354
49272,2673
49274,3777
49276,809
49277,2882
49279,882
49282,82
49283,4597
49284,2436
49285,6120
49286,14331
49287,2122
49288,1517
49289,68
49301,20492
49302,9657
49303,829
49304,4680
49305,2487
49306,10806
49307,18063
49309,1608
49310,2989
49312,188
49315,26123
49316,26060
49318,1484
49319,18725
49320,220
49321,15759
49322,1222
49323,10602
49325,2798
49326,4126
49327,8708
49328,4058
49329,9030
49330,5619
49331,17419
49332,3352
49333,12448
49335,171
49336,4727
49337,13030
49338,1861
49339,2327
49340,2479
49341,39680
49342,1437
49343,5445
49344,4139
49345,13189
49346,4851
49347,1496
49348,13607
49349,8059
49401,28941
49402,1455
49403,2477
49404,9021
49405,1698
49406,922
49408,10494
49409,102
49410,1709
49411,1672
49412,12079
49415,6296
49417,33277
49418,30907
49419,8730
49420,6109
49421,5700
49423,46693
49424,48995
49425,3618
49426,39986
49428,28090
49430,48
49431,17027
49434,96
49435,3881
49436,1688
49437,6622
49440,1319
49441,36703
49442,44412
49443,69
49444,26228
49445,21090
49446,2306
49448,4354
49449,2794
49450,3178
49451,6441
49452,2299
49453,2729
49454,4905
49455,5272
49456,19972
49457,11263
49458,177
49459,1551
49460,8891
49461,9620
49464,29738
49503,37874
49504,40402
49505,32224
49506,35025
49507,39389
49508,41924
49509,28133
49512,18662
49519,28308
49525,30627
49534,23387
49544,9918
49546,33429
49548,35119
49601,22121
49611,296
49612,1349
49613,522
49614,2903
49615,4077
49616,2177
49617,3250
49618,829
49619,1054
49620,2859
49621,3701
49622,2646
49623,1030
49625,1332
49626,240
49627,274
49628,181
49629,2037
49630,1484
49631,5646
49632,1010
49633,3325
49634,183
49635,3367
49636,634
49637,3535
49638,817
49639,2420
49640,1266
49642,1062
49643,7486
49644,1846
49645,1806
49646,8573
49648,2392
49649,7293
49650,3448
49651,7540
49653,1813
49654,737
49655,3415
49656,2111
49657,3875
49659,7226
49660,14501
49663,6132
49664,2252
49665,4022
49667,620
49668,3536
49670,1659
49674,168
49675,894
49676,3689
49677,7286
49679,1332
49680,2125
49682,4528
49683,2070
49684,21328
49685,21297
49686,25181
49688,2443
49689,1791
49690,6682
49696,10570
49701,767
49705,879
49706,4712
49707,22050
49709,3524
49710,311
49712,8177
49713,2175
49715,3222
49716,1039
49717,36
49718,622
49719,1292
49720,9113
49721,13937
49722,65
49724,1172
49725,580
49726,1106
49727,6595
49728,411
49729,1435
49730,2058
49733,1910
49735,20678
49736,492
49738,9599
49740,7277
49743,888
49744,843
49745,819
49746,3502
49747,2178
49748,228
49749,4860
49751,2008
49752,922
49753,1722
49755,1858
49756,3965
49757,663
49759,1492
49760,706
49762,620
49764,37
49765,4287
49766,2498
49768,359
49769,1791
49770,17813
49774,1994
49775,44
49776,1559
49777,1933
49779,4599
49780,1606
49781,3943
49782,752
49783,18778
49784,1558
49788,3979
49791,148
49793,158
49795,1918
49796,316
49799,2238
49801,11606
49802,6014
49805,351
49806,596
49807,3125
49808,237
49812,789
49814,1110
49815,220
49816,720
49817,573
49818,1212
49820,180
49821,1279
49822,336
49825,348
49826,103
49827,1162
49829,16859
49831,543
49833,106
49834,527
49835,735
49836,1046
49837,10007
49838,434
49839,284
49840,820
49841,7359
49847,1063
49848,122
49849,12153
49852,125
49853,1155
49854,6148
49855,33199
49858,11870
49861,534
49862,4532
49863,142
49864,28
49866,8228
49868,5231
49870,3479
49871,448
49872,210
49873,83
49874,1138
49876,1171
49877,38
49878,3184
49879,1105
49880,1026
49881,395
49883,202
49884,586
49885,1798
49886,472
49887,2735
49891,605
49892,2094
49893,1307
49894,872
49895,863
49896,1718
49901,227
49902,222
49903,228
49905,2138
49908,3208
49910,254
49911,2843
49912,851
49913,7483
49915,520
49916,3157
49917,304
49918,135
49919,133
49920,4243
49921,236
49922,837
49925,643
49927,404
49929,218
49930,7199
49931,10229
49934,949
49935,5969
49938,7424
49942,81
49945,2704
49946,3765
49947,593
49948,558
49950,1101
49952,93
49953,2261
49955,439
49958,900
49959,261
49960,294
49961,137
49962,223
49963,621
49965,482
49967,366
49968,2305
49969,1054
49970,272
49971,404
50001,626
50002,1522
50003,9536
50005,830
50006,1503
50007,490
50008,759
50009,21992
50010,33428
50012,1950
50013,4248
50014,31429
50020,1277
50021,29718
50022,8472
50023,45286
50025,2893
50026,518
50027,169
50028,1930
50029,612
50031,61
50032,622
50033,14
50034,397
50035,9668
50036,16318
50038,228
50039,440
50040,172
50041,48
50042,228
50044,948
50046,1696
50047,6625
50048,754
50049,6425
50050,758
50051,245
50052,68
50054,3179
50055,1157
50056,1122
50057,261
50058,1885
50060,2385
50061,2327
50062,833
50063,2623
50064,89
50065,500
50066,208
50067,384
50068,267
50069,1024
50070,1366
50071,793
50072,2787
50073,1018
50074,218
50075,805
50076,1356
50078,97
50101,67
50102,67
50103,398
50104,99
50105,1384
50106,1121
50107,791
50108,432
50109,3371
50110,36
50111,16254
50112,11776
50115,2741
50116,185
50117,155
50118,989
50119,352
50120,503
50122,1348
50123,863
50124,4730
50125,20009
50126,6362
50127,0
50128,331
50129,5116
50130,1517
50131,24388
50132,404
50133,589
50134,783
50135,1777
50136,411
50137,107
50138,11374
50139,1058
50140,2817
50141,537
50142,779
50143,621
50144,2715
50145,108
50146,519
50147,355
50148,396
50149,900
50150,827
50151,695
50152,117
50153,855
50154,532
50155,111
50156,4407
50157,686
50158,31163
50160,588
50161,2081
50162,1190
50163,669
50164,677
50165,40
50166,2083
50167,662
50168,829
50169,3532
50170,2914
50171,2445
50173,640
50174,1312
50201,8301
50206,460
50207,2360
50208,20270
50210,1503
50211,16222
50212,3109
50213,7441
50214,684
50216,2809
50217,474
50218,293
50219,14267
50220,9251
50222,314
50223,248
50225,3396
50226,7290
50227,127
50228,2345
50229,1204
50230,1083
50231,160
50232,656
50233,1385
50234,463
50235,438
50236,1699
50237,3275
50238,1089
50239,179
50240,2299
50241,112
50242,394
50243,348
50244,1866
50246,711
50247,2198
50248,4300
50249,1256
50250,2652
50251,1481
50252,221
50254,238
50255,40
50256,620
50257,1022
50258,989
50261,3105
50262,225
50263,27560
50264,496
50265,33061
50266,36770
50268,997
50269,125
50271,594
50272,228
50273,9123
50274,170
50275,611
50276,2380
50277,496
50278,819
50309,9199
50310,31283
50311,15889
50312,15492
50313,18280
50314,10203
50315,35349
50316,16188
50317,36721
50319,0
50320,23903
50321,7787
50322,31694
50323,17065
50324,5171
50325,18776
50327,12875
50401,28818
50420,404
50421,3142
50423,2401
50424,1590
50426,70
50427,146
50428,9093
50430,524
50431,251
50432,229
50433,125
50434,424
50435,764
50436,5760
50438,4006
50439,392
50440,275
50441,5363
50444,366
50446,518
50447,1079
50448,613
50449,816
50450,3001
50451,455
50452,990
50453,520
50454,175
50455,360
50456,1758
50457,504
50458,2242
50459,3027
50460,659
50461,5094
50464,573
50465,199
50466,2089
50467,76
50468,1615
50469,1495
50470,305
50471,786
50472,2577
50473,222
50475,1598
50476,619
50477,219
50478,689
50479,783
50480,926
50482,701
50483,678
50484,385
50501,28633
50510,1055
50511,6987
50514,1190
50515,248
50516,684
50517,899
50518,366
50519,713
50520,156
50521,3
50522,695
50523,614
50524,471
50525,3196
50527,85
50528,365
50529,887
50530,1119
50531,260
50532,889
50533,3994
50535,1035
50536,4287
50538,523
50539,470
50540,1253
50541,1035
50542,873
50543,1400
50544,554
50545,156
50546,364
50548,5482
50551,31
50552,83
50554,1639
50556,156
50557,736
50558,745
50559,321
50560,722
50561,677
50562,346
50563,2461
50565,413
50566,382
50567,178
50568,1364
50569,614
50570,200
50571,260
50573,36
50574,2103
50575,677
50576,281
50577,361
50578,659
50579,3176
50581,751
50582,176
50583,2286
50585,1165
50586,320
50588,13346
50590,736
50591,366
50592,146
50593,31
50594,240
50595,8768
50597,1363
50598,927
50599,423
50601,2377
50602,1372
50603,410
50604,1713
50605,119
50606,831
50607,404
50608,36
50609,370
50611,269
50612,338
50613,43680
50616,9419
50619,2123
50620,54
50621,1591
50622,3288
50623,145
50624,1664
50625,1002
50626,1478
50627,3431
50628,1309
50629,2335
50630,1353
50631,198
50632,1204
50633,306
50634,736
50635,1470
50636,2141
50638,3474
50641,1665
50642,554
50643,3081
50644,8475
50645,1301
50647,2073
50648,4120
50649,5
50650,664
50651,3349
50652,88
50653,448
50654,335
50655,694
50657,125
50658,2432
50659,5942
50660,1092
50662,6497
50664,110
50665,2518
50666,768
50667,843
50668,1231
50669,2447
50670,2379
50671,178
50672,438
50673,236
50674,3596
50675,2323
50676,2128
50677,12655
50680,1077
50681,467
50682,1700
50701,29745
50702,21197
50703,18397
50707,7407
50801,9027
50830,1934
50831,23
50833,2085
50835,61
50836,322
50837,311
50839,46
50840,659
50841,2427
50842,85
50843,462
50845,820
50846,1223
50847,40
50848,251
50849,2427
50851,2145
50853,773
50854,2304
50857,135
50858,808
50859,701
50860,108
50861,260
50862,100
50863,191
50864,1627
51001,2292
51002,2866
51003,1815
51004,853
51005,1463
51006,1201
51007,581
51008,180
51009,131
51010,416
51011,80
51012,6313
51014,561
51015,70
51016,1095
51018,665
51019,441
51020,615
51022,966
51023,3437
51024,2048
51025,1881
51026,1050
51027,1443
51028,2047
51029,226
51030,1630
51031,12785
51033,396
51034,1844
51035,1664
51036,483
51037,365
51038,1512
51039,2831
51040,3388
51041,7173
51044,173
51045,75
51046,1407
51047,739
51048,465
51049,469
51050,2909
51051,48
51052,1054
51053,1056
51054,5596
51055,1189
51056,332
51058,1020
51060,529
51061,423
51062,338
51063,1109
51101,1077
51103,17145
51104,22792
51105,10726
51106,28381
51108,5637
51109,3731
51111,48
51201,6226
51230,517
51231,543
51232,713
51234,1090
51235,1152
51237,1577
51238,1483
51239,2947
51240,1842
51241,2052
51242,346
51243,702
51244,140
51245,1264
51246,4075
51247,5028
51248,1643
51249,3588
51250,9887
51301,12402
51331,920
51333,395
51334,6827
51338,912
51340,80
51341,35
51342,1349
51343,279
51345,313
51346,2211
51347,1524
51350,417
51351,4990
51354,1034
51355,892
51357,841
51358,1277
51360,8561
51363,132
51364,855
51365,475
51366,335
51401,12113
51430,1204
51431,473
51432,35
51433,567
51436,815
51439,785
51440,335
51441,487
51442,9586
51443,1623
51444,307
51445,2464
51446,437
51447,132
51448,547
51449,1951
51450,1532
51451,65
51452,191
51453,472
51454,1399
51455,2303
51458,1255
51459,60
51460,58
51461,1150
51462,940
51463,385
51465,645
51466,1180
51467,623
51501,34928
51503,37411
51510,3773
51520,235
51521,1935
51523,356
51525,977
51526,1694
51527,346
51528,604
51529,2026
51530,710
51531,943
51532,629
51533,828
51534,9238
51535,1768
51536,504
51537,6480
51540,246
51541,402
51542,824
51543,435
51544,843
51545,258
51546,3113
51548,494
51549,292
51550,142
51551,1877
51552,195
51553,1007
51554,167
51555,4881
51556,289
51557,788
51558,680
51559,1896
51560,1902
51561,716
51562,590
51563,708
51564,512
51565,482
51566,7004
51570,1131
51571,858
51572,379
51573,1069
51575,1707
51576,1890
51577,1637
51578,150
51579,2205
51601,5562
51630,155
51631,331
51632,6682
51636,497
51637,214
51638,1278
51639,884
51640,1445
51645,407
51646,751
51647,154
51648,237
51649,416
51650,189
51651,103
51652,1551
51653,1390
51654,301
51656,26
52001,43064
52002,17931
52003,13735
52030,393
52031,5490
52032,1277
52033,3581
52035,1345
52036,124
52037,1014
52038,522
52039,1005
52040,5508
52041,1796
52042,1898
52043,1853
52044,282
52045,2872
52046,2628
52047,697
52048,243
52049,1336
52050,477
52052,2807
52053,1160
52054,769
52056,230
52057,7883
52060,8139
52064,727
52065,729
52066,97
52068,4582
52069,1605
52070,991
52071,131
52072,694
52073,1410
52074,169
52075,136
52076,2231
52077,266
52078,805
52079,827
52101,12539
52132,1856
52133,711
52134,268
52135,641
52136,5763
52140,469
52141,1321
52142,1992
52144,1056
52146,815
52147,906
52151,1956
52154,638
52155,1181
52156,795
52157,1379
52158,286
52159,2488
52160,930
52161,1558
52162,3576
52163,354
52164,195
52165,1125
52166,172
52168,409
52169,394
52170,527
52171,1172
52172,5986
52175,3300
52201,1359
52202,1231
52203,2315
52205,8670
52206,2759
52207,268
52208,2921
52209,1043
52210,975
52211,2671
52212,419
52213,3977
52214,2770
52215,819
52216,1513
52217,551
52218,1700
52219,140
52220,128
52221,328
52222,643
52223,1170
52224,1954
52225,415
52227,2864
52228,3865
52229,841
52231,497
52232,335
52233,7008
52235,892
52236,533
52237,1526
52240,36046
52241,22846
52242,4412
52245,22765
52246,21944
52247,5301
52248,1572
52249,1106
52251,581
52252,149
52253,2593
52254,1000
52255,1100
52257,247
52301,4046
52302,42732
52305,853
52306,1452
52307,57
52308,136
52309,446
52310,6384
52312,43
52313,423
52314,6048
52315,1296
52316,1621
52317,22392
52318,1054
52320,1243
52321,456
52322,1997
52323,879
52324,1955
52325,434
52326,745
52327,3722
52328,2861
52329,677
52330,1186
52332,1638
52333,7443
52334,190
52335,608
52336,2459
52337,842
52338,3865
52339,4311
52340,5695
52341,1372
52342,2898
52344,70
52345,1636
52346,1070
52347,1351
52348,64
52349,7745
52351,1318
52352,1906
52353,9072
52354,329
52355,282
52356,2754
52358,3752
52359,344
52361,4781
52362,927
52401,2192
52402,43076
52403,23023
52404,42582
52405,25889
52411,8357
52501,30341
52530,939
52531,5885
52533,1030
52534,423
52535,781
52536,713
52537,7012
52540,1102
52542,529
52543,486
52544,8110
52548,50
52549,547
52550,635
52551,672
52552,891
52553,1871
52554,1221
52555,152
52556,11586
52557,615
52560,348
52561,1179
52562,62
52563,1824
52565,1868
52566,254
52567,542
52568,73
52569,541
52570,1104
52571,1516
52572,963
52573,155
52574,484
52576,402
52577,14336
52580,691
52581,229
52583,391
52584,650
52585,849
52586,558
52588,83
52590,1433
52591,2646
52593,120
52594,590
52595,607
52601,27465
52619,559
52620,908
52621,620
52623,1914
52624,709
52625,2303
52626,1151
52627,12585
52630,214
52631,76
52632,11904
52635,777
52637,3054
52638,427
52639,1626
52640,1201
52641,12796
52644,393
52645,3472
52646,266
52647,75
52649,845
52650,688
52651,405
52652,87
52653,3203
52654,1886
52655,4300
52656,2099
52657,68
52658,906
52659,1393
52660,298
52701,120
52720,972
52721,874
52722,40878
52726,4941
52727,383
52728,987
52729,834
52730,4993
52731,808
52732,26004
52737,306
52738,3389
52739,864
52742,7410
52745,435
52746,1198
52747,2098
52748,9890
52749,1107
52750,569
52751,1027
52752,374
52753,6111
52754,1430
52755,2210
52756,1693
52757,242
52758,265
52759,187
52760,902
52761,29800
52765,441
52766,772
52767,287
52768,1260
52769,673
52771,69
52772,5186
52773,2668
52774,123
52776,5023
52777,1335
52778,3677
52801,1670
52802,9392
52803,21868
52804,27023
52806,27695
52807,15895
53001,1804
53002,2611
53003,119
53004,3551
53005,22125
53006,1974
53007,2003
53010,7482
53011,2269
53012,18870
53013,3692
53014,7816
53015,2792
53016,386
53017,5284
53018,7884
53019,1796
53020,3553
53021,4421
53022,19883
53023,1285
53024,19040
53027,23201
53029,21420
53031,58
53032,4942
53033,6161
53034,1676
53035,2432
53036,3483
53037,10024
53038,4319
53039,4728
53040,8223
53042,6681
53044,2269
53045,23072
53046,1475
53047,70
53048,3484
53049,2311
53050,7147
53051,39000
53057,1905
53058,3310
53059,1902
53061,4958
53063,1656
53065,2410
53066,37056
53069,819
53070,5009
53072,26652
53073,16174
53074,13589
53075,3245
53076,3283
53078,1743
53079,1420
53080,4999
53081,43146
53083,21745
53085,11583
53086,9223
53088,217
53089,20202
53090,21889
53091,2113
53092,21202
53093,2025
53094,18151
53095,27635
53097,7334
53098,11505
53099,8
53103,3573
53104,5807
53105,29051
53108,2973
53110,17964
53114,2153
53115,16056
53118,7107
53119,5732
53120,10890
53121,18640
53122,6467
53125,1817
53126,7093
53127,211
53128,8985
53129,14607
53130,7647
53132,35272
53137,1605
53139,2397
53140,30325
53142,33572
53143,21436
53144,26539
53146,7348
53147,18440
53149,19601
53150,26142
53151,32865
53153,2728
53154,36473
53156,3314
53157,0
53158,18161
53167,159
53168,9381
53170,1979
53172,20547
53176,154
53177,8190
53178,2741
53179,6724
53181,7873
53182,9592
53183,3073
53184,4233
53185,18786
53186,33264
53188,34290
53189,26607
53190,20461
53191,3264
53192,131
53195,148
53202,26269
53203,2077
53204,40008
53205,9091
53206,20219
53207,34536
53208,27407
53209,44963
53210,24605
53211,34427
53212,29099
53213,26293
53214,35010
53215,58375
53216,29772
53217,30381
53218,40581
53219,34855
53220,27678
53221,38428
53222,24400
53223,29287
53224,21445
53225,25277
53226,18893
53227,22988
53228,15084
53233,14412
53235,9318
53295,121
53402,35272
53403,26696
53404,12438
53405,27843
53406,25564
53501,147
53502,2420
53503,1916
53504,2233
53505,370
53506,989
53507,2435
53508,5711
53510,1469
53511,48305
53515,2635
53516,2184
53517,1820
53518,1470
53520,6758
53521,3688
53522,942
53523,5077
53525,4083
53526,465
53527,11515
53528,6282
53529,2456
53530,4581
53531,4369
53532,16286
53533,7368
53534,12344
53536,9449
53537,818
53538,18604
53540,129
53541,834
53543,1787
53544,869
53545,23937
53546,29482
53548,20509
53549,9901
53550,1228
53551,9485
53553,599
53554,972
53555,8708
53556,2354
53557,419
53558,13133
53559,5981
53560,3375
53561,1954
53562,29488
53563,11468
53565,4672
53566,14772
53569,924
53570,2696
53571,227
53572,10441
53573,2924
53574,4120
53575,17790
53576,2309
53577,1305
53578,6444
53579,1666
53580,504
53581,10141
53582,1130
53583,6043
53584,8
53585,2238
53586,2336
53587,1278
53588,3850
53589,19684
53590,43965
53593,29479
53594,5187
53597,20671
53598,3834
53599,83
53703,37467
53704,47136
53705,25045
53706,3801
53711,50474
53713,23744
53714,16340
53715,15499
53716,18866
53717,13026
53718,18642
53719,33688
53726,5043
53792,0
53801,1033
53802,142
53803,1230
53804,1294
53805,5569
53806,1573
53807,4298
53808,934
53809,4701
53810,362
53811,3064
53812,256
53813,6139
53816,871
53817,212
53818,15843
53820,2472
53821,7711
53825,407
53826,1360
53827,398
53901,14654
53910,3618
53911,1480
53913,21342
53916,22956
53919,2308
53920,544
53922,1033
53923,2294
53924,1277
53925,8956
53926,1877
53928,86
53929,2833
53930,1243
53931,368
53932,2470
53933,4074
53934,4404
53935,269
53936,1174
53937,1085
53939,269
53940,0
53941,3009
53942,151
53943,1291
53944,2299
53946,4308
53947,241
53948,8221
53949,6291
53950,5838
53951,2571
53952,3528
53953,179
53954,6579
53955,5909
53956,3238
53959,14391
53960,3235
53961,838
53962,23
53963,13927
53964,3475
53965,11197
53968,2444
53969,361
54001,7947
54002,6887
54003,979
54004,2188
54005,3222
54006,823
54007,1061
54009,2725
54011,6910
54013,3383
54014,2018
54015,4107
54016,33784
54017,19722
54020,7729
54021,7341
54022,24245
54023,4612
54024,5020
54025,7497
54026,2217
54027,1154
54028,2666
54082,2026
54101,3019
54102,740
54103,493
54104,1003
54106,4945
54107,3626
54110,5708
54111,2002
54112,2707
54113,3633
54114,5845
54115,49663
54119,685
54120,179
54121,3213
54123,213
54124,3345
54125,437
54126,4149
54127,44
54128,2109
54129,3323
54130,28030
54135,2968
54136,6936
54137,1097
54138,860
54139,3041
54140,8276
54141,2758
54143,15134
54149,1194
54150,1132
54151,3495
54152,253
54153,7401
54154,5813
54155,7599
54156,1514
54157,6044
54159,1360
54160,264
54161,2683
54162,9462
54165,7698
54166,16761
54169,3204
54170,3767
54171,4029
54173,3710
54174,3124
54175,1102
54177,2788
54180,3364
54201,5178
54202,1707
54204,2070
54205,2281
54207,153
54208,6094
54209,1529
54210,893
54211,341
54212,903
54213,1473
54214,474
54215,178
54216,6146
54217,7736
54220,40739
54227,1670
54228,2886
54229,4457
54230,4240
54232,881
54234,2130
54235,17845
54241,13999
54245,2020
54246,784
54247,2594
54301,21674
54302,31426
54303,27694
54304,27876
54307,1162
54311,37588
54313,40959
54401,31430
54403,24976
54405,2779
54406,4008
54407,1338
54408,1222
54409,12757
54410,2440
54411,5053
54412,2050
54413,210
54414,3322
54416,1633
54417,6
54418,1131
54420,1365
54421,3724
54422,1386
54423,2235
54424,1470
54425,1844
54426,4359
54427,1199
54428,953
54430,83
54433,1791
54435,1977
54436,2139
54437,3173
54440,2702
54441,795
54442,1530
54443,2111
54446,3446
54447,479
54448,4243
54449,26368
54450,477
54451,11051
54452,18949
54454,1356
54455,18994
54456,5968
54457,8262
54458,135
54459,1377
54460,2636
54462,378
54463,763
54464,84
54465,720
54466,2608
54467,14889
54469,1830
54470,2076
54471,1640
54473,2405
54474,4560
54475,1412
54476,19305
54479,3592
54480,1445
54481,27878
54482,9107
54484,5543
54485,432
54486,2112
54487,9740
54488,1144
54489,1385
54490,994
54491,1683
54493,646
54494,27516
54495,7857
54498,2401
54499,2879
54501,21096
54511,1375
54512,1466
54513,442
54514,1810
54515,635
54517,187
54519,1293
54520,3866
54521,8555
54524,682
54525,311
54526,673
54527,958
54529,1199
54530,739
54531,1458
54534,2593
54536,158
54537,613
54538,2919
54539,1404
54540,985
54541,1516
54542,615
54545,954
54546,1133
54547,1396
54548,5703
54550,655
54552,4290
54554,1099
54555,4726
54556,1121
54557,1061
54558,2224
54559,855
54560,574
54561,63
54562,1867
54563,810
54564,382
54565,45
54566,1377
54568,4864
54601,50474
54603,14181
54610,1544
54611,1301
54612,5745
54613,2141
54614,2647
54615,11054
54616,2348
54618,2198
54619,3842
54621,1361
54622,2109
54623,1949
54624,1545
54625,334
54626,1388
54627,2005
54628,938
54629,2546
54630,4328
54631,1828
54632,1149
54634,4514
54635,1827
54636,16784
54637,134
54638,1541
54639,2640
54642,2360
54643,3
54644,1297
54645,114
54646,3752
54648,1616
54650,24619
54651,1225
54652,1048
54653,1232
54654,150
54655,1643
54656,18068
54657,387
54658,2458
54659,1164
54660,16100
54661,3788
54664,1659
54665,8741
54666,2623
54667,5013
54669,8227
54670,2060
54701,42348
54703,43022
54720,9127
54721,1345
54722,4175
54723,1020
54724,7560
54725,3041
54726,1715
54727,4798
54728,5631
54729,34853
54730,5514
54731,613
54732,2820
54733,1311
54734,727
54736,4239
54737,563
54738,3759
54739,5315
54740,1858
54741,1960
54742,4854
54745,2232
54746,666
54747,2685
54748,1209
54749,1446
54750,1025
54751,26000
54754,1518
54755,7287
54756,920
54757,3631
54758,4604
54759,1439
54760,175
54761,1135
54762,1218
54763,1011
54766,1830
54767,3277
54768,6588
54769,542
54770,2155
54771,4291
54772,1131
54773,3562
54801,6122
54805,1662
54806,11708
54810,2911
54812,6078
54813,693
54814,2811
54817,2105
54819,2584
54820,782
54821,1512
54822,4911
54824,2067
54826,772
54827,314
54828,625
54829,5442
54830,3414
54832,459
54835,962
54836,933
54837,3689
54838,1302
54839,362
54840,4706
54841,265
54842,261
54843,13167
54844,285
54845,122
54846,647
54847,2454
54848,5866
54849,1826
54850,341
54853,3575
54854,907
54855,896
54856,1585
54857,36
54858,1578
54859,2265
54861,205
54862,313
54864,1534
54865,492
54867,555
54868,16054
54870,1701
54871,3323
54872,2482
54873,3236
54874,3813
54875,1332
54876,1690
54880,30211
54888,1320
54889,2889
54891,3327
54893,4324
54895,812
54896,1601
54901,36999
54902,21982
54904,22428
54909,2042
54911,25598
54913,24366
54914,31448
54915,44269
54921,1351
54922,1087
54923,8850
54926,139
54927,530
54928,536
54929,8969
54930,1835
54931,417
54932,1295
54933,132
54935,41474
54937,21877
54940,4502
54941,2637
54942,10984
54943,2335
54944,9167
54945,3408
54946,381
54947,2180
54948,181
54949,3549
54950,2756
54952,27127
54956,46658
54960,2898
54961,14310
54962,1083
54963,7203
54964,936
54965,1253
54966,2155
54967,458
54968,2742
54970,3916
54971,10783
54974,1515
54977,1448
54978,93
54979,1879
54980,247
54981,15064
54982,6881
54983,4175
54984,3245
54985,593
54986,5339
55001,2956
55003,3948
55005,4756
55006,3655
55007,2158
55008,16091
55009,8258
55011,11025
55012,1995
55013,7030
55014,28975
55016,39925
55017,971
55018,931
55019,2336
55020,4391
55021,30860
55024,36681
55025,25759
55026,451
55027,2948
55029,27
55030,1425
55031,1682
55032,3353
55033,29241
55036,34
55037,5077
55038,24246
55040,14451
55041,7532
55042,13156
55043,3471
55044,63280
55045,7854
55046,6030
55047,2230
55049,2634
55051,9927
55052,1894
55053,995
55054,2582
55055,4460
55056,14279
55057,25458
55060,29601
55063,9270
55065,1320
55066,19125
55068,32194
55069,5936
55070,8403
55071,5807
55072,4409
55073,4145
55074,2260
55075,20651
55076,21258
55077,14585
55079,8840
55080,3281
55082,36414
55084,1942
55085,409
55087,425
55088,1727
55089,1760
55090,377
55092,11103
55101,7937
55102,19565
55103,13892
55104,45777
55105,27470
55106,56969
55107,15533
55108,15339
55109,34266
55110,37272
55111,100
55112,45680
55113,40786
55114,4655
55115,8926
55116,26099
55117,44095
55118,29396
55119,44068
55120,5080
55121,9329
55122,31483
55123,27288
55124,55675
55125,44929
55126,27484
55127,18607
55128,28945
55129,32016
55130,18634
55150,181
55155,0
55301,13485
55302,7348
55303,52121
55304,49452
55305,21274
55306,16191
55307,3236
55308,9788
55309,21406
55310,1386
55311,37873
55312,1412
55313,24862
55314,1148
55315,7034
55316,23450
55317,22373
55318,29884
55319,5490
55320,5676
55321,5592
55322,3548
55324,1193
55325,4682
55327,5542
55328,9933
55329,2252
55330,45080
55331,19291
55332,1714
55333,697
55334,2777
55335,1633
55336,8266
55337,48104
55338,1002
55339,934
55340,9776
55341,3454
55342,1884
55343,26482
55344,14180
55345,21255
55346,18602
55347,30467
55349,3555
55350,18567
55352,10426
55353,3273
55354,3089
55355,9629
55356,5924
55357,3704
55358,5266
55359,7068
55360,3328
55362,20125
55363,5664
55364,13959
55366,441
55367,1086
55368,1856
55369,38711
55370,627
55371,17376
55372,34617
55373,5725
55374,15812
55375,4285
55376,19317
55378,32072
55379,49084
55381,2001
55382,3640
55384,1869
55385,1285
55386,10080
55387,14697
55388,5974
55389,2509
55390,3179
55391,15469
55395,2600
55396,2162
55397,3335
55398,17768
55401,11526
55402,760
55403,17354
55404,28071
55405,16915
55406,35863
55407,36992
55408,32534
55409,11405
55410,20361
55411,29719
55412,26182
55413,14328
55414,33739
55415,6474
55416,34905
55417,25677
55418,31295
55419,29728
55420,24008
55421,31051
55422,28765
55423,36779
55424,10373
55425,10562
55426,25451
55427,24667
55428,32679
55429,27570
55430,22569
55431,19075
55432,32935
55433,34423
55434,33133
55435,13698
55436,14573
55437,19282
55438,15847
55439,9475
55441,18242
55442,13197
55443,33318
55444,17428
55445,13538
55446,27627
55447,21001
55448,28925
55449,33367
55450,0
55454,8628
55455,5243
55601,135
55602,310
55603,448
55604,3613
55605,612
55606,204
55607,213
55609,118
55612,549
55613,250
55614,2450
55615,405
55616,7277
55702,422
55703,929
55704,1076
55705,3248
55706,1827
55707,3207
55708,850
55709,4314
55710,1391
55711,518
55712,557
55713,1048
55716,219
55717,241
55718,3068
55719,5642
55720,17480
55721,3840
55722,1037
55723,1861
55724,719
55725,93
55726,1065
55731,5292
55732,1398
55733,5180
55734,6332
55735,1802
55736,1326
55738,584
55741,2933
55742,222
55744,20469
55746,16815
55748,1429
55749,539
55750,2078
55751,1364
55752,460
55753,1197
55756,286
55757,696
55758,161
55760,2831
55763,467
55764,504
55765,755
55767,4994
55768,2791
55769,2520
55771,1616
55772,83
55775,1309
55779,3981
55780,245
55781,847
55782,439
55783,2487
55784,117
55785,347
55786,118
55787,585
55790,1933
55792,9848
55793,676
55795,1876
55796,113
55797,1372
55798,611
55802,2560
55803,17795
55804,16018
55805,10277
55806,9545
55807,9573
55808,5325
55810,8305
55811,27907
55812,11016
55814,311
55901,58260
55902,25988
55903,0
55904,29682
55905,0
55906,20080
55909,1393
55910,1232
55912,29438
55917,3531
55918,1119
55919,1008
55920,8747
55921,4793
55922,853
55923,4387
55924,1246
55925,1240
55926,754
55927,4272
55929,1348
55931,414
55932,2080
55933,207
55934,3542
55935,978
55936,1763
55939,1986
55940,2810
55941,1084
55943,3070
55944,8048
55945,1298
55946,3366
55947,7319
55949,1918
55950,113
55951,1354
55952,2689
55953,918
55954,1408
55955,2603
55956,2046
55957,769
55959,1988
55960,3453
55961,517
55962,758
55963,5473
55964,4453
55965,2253
55967,1009
55968,130
55969,1155
55970,1058
55971,2910
55972,5323
55973,228
55974,1998
55975,4597
55976,8542
55977,207
55979,1138
55981,3863
55982,523
55983,1671
55985,1644
55987,33911
55990,895
55991,1474
55992,5547
56001,50960
56003,15319
56007,21467
56009,1539
56010,1087
56011,9672
56013,4534
56014,695
56016,991
56017,1757
56019,767
56020,83
56021,1123
56022,100
56023,527
56024,3595
56025,493
56026,1978
56027,667
56028,1057
56029,583
56030,17
56031,11800
56032,372
56033,429
56034,417
56035,329
56036,1766
56037,1449
56039,898
56041,1046
56042,752
56043,429
56044,2192
56045,966
56046,140
56048,4203
56050,1367
56051,648
56052,702
56054,865
56055,3868
56056,60
56057,3933
56058,6080
56060,446
56062,3249
56063,3059
56065,2828
56068,971
56069,4948
56071,13015
56072,2147
56073,17325
56074,1850
56075,141
56078,494
56080,759
56081,6092
56082,14512
56083,825
56085,5013
56087,3240
56088,2063
56089,233
56090,581
56091,267
56093,12742
56096,2874
56097,3593
56098,1946
56101,6081
56110,1714
56111,355
56113,227
56114,356
56115,1262
56116,575
56117,361
56118,501
56119,1080
56120,925
56121,579
56122,621
56123,447
56125,40
56127,478
56128,1948
56129,780
56131,2216
56132,454
56134,405
56136,1231
56137,1091
56138,1046
56139,435
56140,54
56141,338
56142,1062
56143,4529
56144,1146
56145,490
56146,48
56147,103
56149,1205
56150,2863
56151,681
56152,1381
56153,142
56155,482
56156,6398
56157,843
56158,316
56159,2520
56160,225
56161,343
56162,263
56164,5573
56165,334
56166,203
56167,615
56168,833
56169,734
56170,486
56171,1527
56172,2954
56173,253
56174,420
56175,2791
56176,985
56178,1669
56180,1203
56181,1303
56183,1300
56185,439
56186,450
56187,15225
56201,24860
56207,201
56208,2097
56209,2635
56210,4
56211,511
56212,486
56214,714
56215,4701
56216,611
56218,463
56219,901
56220,2705
56221,826
56222,2012
56223,1403
56224,301
56225,733
56226,205
56227,266
56228,905
56229,1729
56230,746
56231,386
56232,2365
56235,486
56236,456
56237,535
56239,602
56240,807
56241,3829
56243,1968
56244,1739
56245,481
56248,760
56249,277
56251,908
56252,1305
56253,737
56255,407
56256,2352
56257,418
56258,15843
56260,937
56262,799
56263,452
56264,2185
56265,7433
56266,1516
56267,6766
56270,1208
56271,1309
56273,5050
56274,252
56276,251
56277,2962
56278,2685
56279,1122
56280,492
56281,742
56282,1443
56283,6469
56284,2099
56285,1047
56287,103
56288,4655
56289,597
56291,395
56292,582
56293,1143
56294,79
56295,301
56296,1861
56297,824
56301,34883
56303,26031
56304,17281
56307,5227
56308,26695
56309,1456
56310,5361
56311,645
56312,2224
56313,57
56314,1355
56315,1731
56316,1521
56318,1130
56319,1336
56320,8553
56321,1572
56323,579
56324,1116
56325,194
56326,1838
56327,771
56328,161
56329,7700
56330,2063
56331,2176
56332,1658
56334,5791
56335,221
56336,1530
56338,1579
56339,1068
56340,2433
56342,2805
56343,805
56345,15105
56347,8067
56349,804
56350,468
56352,5955
56353,9489
56354,1372
56355,643
56356,264
56357,1192
56358,3172
56359,3451
56360,3738
56361,2590
56362,5560
56363,227
56364,5797
56367,7226
56368,4162
56369,575
56371,95
56373,3248
56374,10020
56375,672
56376,313
56377,21008
56378,8433
56379,17300
56381,2371
56382,1360
56384,280
56385,942
56386,641
56387,7705
56389,85
56401,31749
56425,8729
56431,9142
56433,1554
56434,178
56435,2912
56437,1409
56438,2830
56440,1469
56441,3328
56442,2895
56443,1457
56444,3385
56446,1502
56447,832
56448,412
56449,1824
56450,969
56452,1913
56453,795
56455,1670
56458,344
56461,3316
56464,5091
56465,2313
56466,3126
56467,2750
56468,4367
56469,965
56470,10859
56472,8764
56473,3452
56474,4471
56475,1674
56477,2498
56479,5018
56481,2333
56482,7494
56484,3252
56501,18239
56510,2300
56511,1942
56514,4055
56515,2782
56516,307
56517,256
56518,469
56519,309
56520,3886
56521,718
56522,540
56523,391
56524,709
56525,76
56527,875
56528,1655
56529,4664
56531,1948
56533,333
56534,1287
56535,1290
56536,491
56537,19650
56540,1838
56541,29
56542,2435
56543,224
56544,5609
56545,705
56546,222
56547,2879
56548,724
56549,4656
56550,291
56551,2343
56552,560
56553,260
56554,2687
56556,1298
56557,2797
56560,44156
56562,518
56563,1338
56565,126
56566,594
56567,3247
56568,106
56569,1268
56570,1130
56571,1761
56572,5900
56573,6868
56574,261
56575,647
56576,858
56578,648
56579,1070
56580,1330
56581,261
56583,163
56584,1360
56585,1067
56586,1798
56587,1299
56588,458
56589,1939
56590,378
56591,474
56592,572
56594,429
56601,34700
56621,4355
56623,2684
56626,251
56627,215
56628,1649
56629,220
56630,2081
56633,4863
56634,1786
56636,4679
56637,182
56639,393
56641,359
56644,746
56646,343
56647,759
56649,8895
56650,932
56651,638
56652,413
56653,1226
56654,92
56655,1328
56657,248
56658,0
56659,104
56660,265
56661,911
56662,574
56663,262
56666,1092
56667,824
56668,227
56669,234
56670,1182
56671,3139
56672,1955
56673,608
56676,1812
56678,1708
56680,116
56681,294
56683,609
56684,304
56685,86
56686,962
56688,93
56701,12814
56710,460
56711,66
56713,866
56714,1115
56715,331
56716,8991
56720,7
56721,10791
56722,351
56723,912
56724,111
56725,925
56726,1576
56727,879
56728,1149
56729,123
56731,126
56732,978
56733,381
56734,615
56735,658
56736,670
56737,759
56738,1407
56742,806
56744,572
56748,664
56750,2280
56751,5776
56754,495
56755,75
56756,614
56757,845
56758,351
56759,363
56760,412
56761,431
56762,2337
56763,5161
57001,1550
57002,1615
57003,2225
57004,3900
57005,12140
57006,23838
57007,2365
57010,613
57012,1164
57013,4378
57014,1711
57015,815
57016,680
57017,1630
57018,1400
57020,1553
57021,356
57022,5476
57024,531
57025,3165
57026,1491
57027,199
57028,3112
57029,2317
57030,2617
57031,670
57032,9558
57033,5947
57034,720
57035,1527
57036,609
57037,908
57038,1713
57039,3875
57040,231
57041,115
57042,7900
57043,1625
57045,1190
57046,524
57047,355
57048,1353
57049,7814
57050,186
57051,181
57052,420
57053,2132
57054,698
57055,1178
57057,205
57058,1792
57059,1291
57061,220
57062,2531
57063,814
57064,7619
57065,439
57066,1401
57067,314
57068,1699
57069,12937
57070,1453
57071,3207
57072,547
57073,516
57075,1237
57076,373
57077,1444
57078,20547
57103,35282
57104,27406
57105,22764
57106,51780
57107,11655
57108,32888
57110,22017
57117,22
57197,559
57201,26375
57212,1880
57213,507
57214,171
57216,1389
57217,186
57218,262
57219,533
57220,676
57221,1185
57223,1367
57224,176
57225,1760
57226,1834
57227,600
57231,1769
57232,601
57233,240
57234,1372
57235,796
57236,103
57237,671
57238,317
57239,380
57241,945
57242,418
57243,521
57245,149
57246,142
57247,229
57248,1150
57249,1007
57251,224
57252,4882
57255,538
57256,226
57257,531
57258,269
57259,586
57260,1107
57261,297
57262,5043
57263,488
57264,174
57265,255
57266,628
57268,513
57269,257
57270,740
57271,195
57272,220
57273,1226
57274,2611
57276,949
57278,1082
57279,981
57301,19142
57311,1509
57312,619
57313,1189
57314,535
57315,1076
57317,621
57319,873
57321,399
57322,309
57323,186
57324,371
57325,3237
57328,1225
57329,378
57330,548
57331,301
57332,740
57334,886
57335,313
57337,72
57339,1310
57340,201
57341,154
57342,350
57344,65
57345,1089
57346,7
57348,733
57349,1450
57350,16148
57353,925
57354,74
57355,1350
57356,2021
57358,13
57359,632
57361,250
57362,1940
57363,867
57364,4
57365,619
57366,2619
57367,269
57368,1090
57369,2605
57370,770
57371,191
57373,305
57374,318
57375,590
57376,924
57379,108
57380,3335
57381,504
57382,1238
57383,815
57384,1062
57385,1365
57386,326
57401,32064
57420,221
57421,75
57422,153
57424,342
57426,43
57427,512
57428,569
57429,92
57430,1916
57432,210
57433,384
57434,542
57435,328
57436,467
57437,1278
57438,983
57439,1
57440,476
57441,512
57442,1963
57445,2033
57446,521
57448,383
57449,280
57450,605
57451,2568
57452,174
57454,702
57455,133
57456,638
57457,91
57460,338
57461,286
57465,421
57466,167
57467,349
57468,273
57469,3094
57470,142
57471,514
57472,1078
57473,275
57474,184
57475,133
57476,463
57477,101
57479,659
57481,361
57501,17456
57520,127
57521,245
57522,474
57523,953
57528,970
57529,250
57531,84
57532,2911
57533,1633
57534,118
57536,278
57537,30
57538,247
57540,194
57541,149
57543,786
57544,461
57547,138
57548,1526
57551,2026
57552,532
57553,205
57555,3530
57559,795
57560,380
57562,131
57563,157
57564,893
57566,1136
57567,1014
57568,682
57569,357
57570,2213
57571,39
57572,1457
57574,106
57576,59
57577,1100
57579,1473
57580,4271
57584,74
57585,105
57601,3483
57620,590
57621,285
57622,185
57623,955
57625,3857
57626,909
57630,21
57631,365
57632,687
57633,421
57634,155
57636,66
57638,1963
57639,373
57640,50
57641,244
57642,1949
57644,265
57645,149
57646,248
57648,476
57649,273
57650,14
57651,121
57652,377
57656,911
57657,203
57658,338
57659,19
57660,119
57661,152
57701,45221
57702,35771
57703,17543
57706,3009
57714,1166
57716,381
57717,8711
57718,7329
57719,11475
57720,561
57722,172
57724,191
57725,136
57730,5647
57732,1870
57735,1715
57737,74
57738,366
57741,129
57744,2211
57745,1784
57747,5889
57748,334
57750,286
57751,996
57752,2539
57754,3605
57755,127
57756,922
57758,42
57759,393
57760,1084
57761,1274
57762,575
57763,336
57764,2241
57766,145
57767,119
57769,4017
57770,5384
57772,1057
57773,198
57775,396
57776,0
57779,300
57780,84
57782,51
57783,16929
57785,10705
57787,599
57788,632
57790,1074
57791,137
57792,153
57793,2042
57794,1062
57799,578
58001,231
58002,25
58004,282
58005,779
58006,512
58007,63
58008,184
58009,24
58011,507
58012,2805
58013,85
58015,316
58016,210
58017,330
58018,481
58021,528
58027,1433
58029,71
58030,612
58031,327
58032,765
58033,356
58035,226
58036,302
58038,214
58040,1041
58041,1471
58042,1391
58043,136
58045,2181
58046,646
58047,5136
58048,478
58049,276
58051,1654
58052,496
58053,1333
58054,3332
58056,217
58057,295
58058,128
58059,1625
58060,1116
58061,370
58062,104
58063,430
58064,444
58065,11
58067,243
58068,224
58069,144
58071,482
58072,8061
58074,44
58075,8887
58076,528
58077,726
58078,39946
58079,503
58081,880
58102,32591
58103,48520
58104,47481
58105,2669
58201,42003
58202,3035
58203,16308
58204,1879
58205,193
58210,302
58212,336
58214,363
58216,165
58218,819
58219,77
58220,2215
58222,250
58223,206
58224,52
58225,1146
58227,479
58228,687
58229,93
58230,586
58231,451
58233,289
58235,609
58236,40
58237,5051
58238,145
58239,25
58240,1065
58241,196
58243,563
58244,42
58249,2363
58250,197
58251,1955
58254,596
58255,0
58256,801
58257,2275
58258,269
58259,446
58260,203
58261,1284
58262,129
58265,533
58266,78
58267,1483
58269,155
58270,1838
58271,617
58272,211
58273,169
58274,895
58275,812
58276,422
58277,189
58278,2116
58281,60
58282,1240
58301,10046
58310,9
58311,65
58313,54
58316,5902
58317,189
58318,3843
58321,148
58323,74
58324,1354
58325,122
58327,325
58329,2779
58330,492
58331,169
58332,216
58335,1047
58338,112
58339,16
58341,2642
58343,78
58344,1004
58345,123
58346,597
58348,801
58351,375
58352,410
58353,119
58355,22
58356,1692
58357,549
58361,218
58362,25
58363,62
58365,159
58366,793
58367,1485
58368,3205
58369,1012
58370,1187
58372,119
58374,597
58377,227
58379,289
58380,399
58381,468
58382,139
58384,322
58385,197
58386,66
58401,17294
58402,102
58405,694
58413,975
58415,194
58416,419
58418,336
58420,372
58421,3043
58422,221
58423,175
58424,390
58425,1446
58426,166
58428,274
58429,281
58430,121
58431,76
58433,1194
58436,1665
58438,688
58439,333
58440,129
58441,358
58442,442
58443,116
58444,160
58445,154
58448,270
58451,43
58452,3
58454,426
58455,307
58456,622
58458,1115
58460,112
58461,458
58463,570
58464,244
58466,461
58467,568
58472,473
58474,2739
58475,73
58476,516
58477,143
58478,172
58479,160
58480,177
58481,153
58482,892
58483,338
58484,104
58486,145
58487,530
58488,144
58490,261
58492,306
58494,400
58495,1203
58496,144
58497,220
58501,28571
58503,37081
58504,30159
58505,0
58520,284
58521,708
58523,3277
58524,82
58528,754
58529,656
58530,1090
58531,328
58532,271
58533,911
58535,435
58538,2179
58540,2986
58541,517
58542,236
58544,526
58545,3278
58549,251
58552,1460
58554,29175
58558,803
58559,393
58560,298
58561,1030
58562,371
58563,1850
58564,94
58565,187
58566,270
58568,532
58569,91
58570,489
58571,839
58572,322
58573,736
58575,904
58576,1005
58577,1908
58579,970
58580,508
58581,266
58601,29680
58620,193
58621,1203
58622,1650
58623,1918
58625,264
58626,509
58627,211
58630,412
58631,948
58632,241
58634,230
58636,939
58638,949
58639,1715
58640,1324
58641,65
58642,334
58643,113
58644,18
58645,269
58646,1107
58647,1120
58649,353
58650,496
58651,555
58652,1224
58653,709
58654,250
58655,644
58656,366
58701,32868
58703,22604
58704,4601
58705,303
58707,496
58710,535
58711,164
58712,70
58713,184
58716,287
58718,1137
58721,426
58722,1410
58723,233
58725,438
58727,148
58730,1369
58731,412
58733,216
58734,211
58735,534
58736,430
58737,148
58740,744
58741,668
58744,90
58746,1583
58748,149
58750,609
58752,347
58755,208
58756,162
58757,1130
58758,267
58759,705
58760,258
58761,852
58762,231
58763,4229
58765,305
58768,305
58769,180
58770,1437
58771,589
58772,164
58773,1035
58775,166
58776,230
58778,143
58779,346
58781,691
58782,440
58783,381
58784,2728
58785,1729
58787,92
58788,803
58789,482
58790,1500
58792,247
58793,508
58794,230
58795,256
58801,33969
58830,91
58831,1100
58833,164
58835,1003
58838,306
58843,799
58844,107
58845,555
58847,226
58849,1119
58852,2064
58853,395
58854,9345
58856,213
59001,1452
59002,168
59003,1266
59006,1218
59007,105
59008,503
59010,172
59011,3131
59012,52
59013,213
59014,1488
59015,366
59016,944
59018,656
59019,4267
59020,97
59022,2250
59024,295
59025,41
59026,103
59027,720
59028,455
59029,799
59030,1181
59031,618
59032,380
59033,139
59034,4972
59035,187
59036,1530
59037,2345
59038,683
59039,16
59041,2224
59043,2771
59044,12488
59046,510
59047,13491
59050,1575
59052,182
59053,283
59054,236
59055,107
59057,718
59058,45
59059,201
59061,240
59062,62
59063,2055
59064,233
59065,104
59066,675
59067,204
59068,3513
59069,491
59070,1472
59071,65
59072,4590
59074,396
59075,165
59076,43
59077,42
59078,125
59079,3893
59081,94
59082,20
59083,4
59085,112
59086,878
59087,348
59088,1142
59089,630
59101,41797
59102,48700
59105,34363
59106,20232
59201,5345
59211,264
59212,562
59213,829
59214,35
59215,1025
59217,185
59218,952
59219,157
59221,1878
59222,217
59223,25
59225,596
59226,655
59230,4515
59231,319
59240,26
59241,468
59242,61
59243,410
59244,67
59247,313
59248,1018
59250,284
59252,47
59253,82
59254,1845
59255,2994
59256,134
59257,151
59258,188
59259,324
59260,103
59261,496
59262,595
59263,1190
59270,8844
59273,13
59274,315
59275,567
59276,21
59301,11598
59311,145
59312,9
59313,2147
59314,136
59315,90
59316,18
59317,1153
59318,145
59319,38
59322,121
59323,2156
59324,746
59326,363
59327,2448
59330,8281
59332,150
59333,28
59336,202
59337,575
59338,159
59339,151
59343,41
59344,471
59345,38
59347,341
59349,892
59351,171
59353,1164
59354,264
59401,13600
59404,28127
59405,34059
59410,617
59411,805
59412,1450
59414,654
59416,378
59417,7674
59418,105
59419,51
59420,214
59421,2039
59422,2947
59424,66
59425,3753
59427,4955
59430,476
59432,169
59433,398
59434,309
59435,12
59436,2093
59440,427
59441,155
59442,1777
59443,692
59444,226
59446,605
59447,369
59448,647
59450,568
59451,120
59452,579
59453,302
59454,98
59456,323
59457,9215
59460,227
59461,61
59462,112
59463,110
59464,542
59465,33
59466,49
59467,99
59468,796
59469,138
59471,316
59472,512
59474,3391
59477,326
59479,732
59480,317
59482,1002
59483,353
59484,74
59485,767
59486,1196
59487,1466
59489,330
59501,12365
59520,1211
59521,3616
59522,1227
59523,2281
59524,875
59525,307
59526,2584
59527,1114
59528,232
59529,167
59530,151
59531,409
59532,101
59535,29
59537,41
59538,2842
59540,470
59542,359
59544,201
59545,50
59546,151
59547,55
59601,31822
59602,30379
59623,0
59625,156
59631,367
59632,2535
59633,288
59634,5238
59635,8382
59636,29
59638,511
59639,993
59640,105
59642,19
59643,785
59644,4337
59645,1703
59647,353
59648,468
59701,34245
59710,265
59711,9464
59713,191
59714,23897
59715,39275
59716,1867
59718,43750
59720,315
59721,519
59722,5698
59724,104
59725,8223
59727,313
59728,394
59729,2700
59730,2367
59731,215
59732,202
59733,206
59735,391
59736,133
59739,303
59740,467
59741,5635
59743,192
59745,140
59746,100
59747,155
59748,340
59749,1919
59750,408
59751,284
59752,4982
59754,1020
59755,148
59756,277
59758,2097
59759,3667
59760,205
59761,303
59762,223
59801,31127
59802,19832
59803,17941
59804,7942
59808,22804
59812,1217
59820,1904
59821,2822
59823,2069
59824,1453
59825,2135
59826,542
59827,277
59828,5798
59829,2338
59830,102
59831,588
59832,841
59833,6046
59834,2449
59837,478
59840,14775
59841,847
59842,99
59843,271
59844,662
59845,1228
59846,1238
59847,6579
59848,74
59851,54
59853,918
59854,185
59855,430
59856,138
59858,1737
59859,4204
59860,11580
59863,174
59864,7399
59865,3741
59866,1152
59867,68
59868,1659
59870,12247
59871,277
59872,2470
59873,2983
59874,2064
59875,4110
59901,61710
59910,605
59911,9316
59912,15745
59913,543
59914,379
59915,432
59916,168
59917,5086
59918,518
59919,663
59920,1635
59922,2617
59923,9885
59925,1561
59926,250
59927,295
59928,130
59929,259
59930,947
59931,249
59932,1530
59933,3
59934,858
59935,3359
59936,679
59937,14653
60002,24396
60004,51884
60005,29022
60007,32485
60008,22949
60010,45970
60012,11929
60013,26503
60014,48383
60015,27720
60016,60520
60018,29302
60020,10846
60021,5108
60022,8415
60025,40877
60026,14499
60029,548
60030,35579
60031,37208
60033,13333
60034,2175
60035,30236
60040,5243
60041,8920
60042,8630
60043,2543
60044,10289
60045,20957
60046,34708
60047,44100
60048,28945
60050,31870
60051,23931
60053,24687
60056,55989
60060,37146
60061,27883
60062,41667
60064,15047
60067,38118
60068,39227
60069,8728
60070,15549
60071,3946
60072,888
60073,62000
60074,36296
60075,43
60076,32973
60077,28651
60081,9117
60083,9655
60084,17267
60085,72763
60087,27428
60088,14269
60089,42781
60090,38340
60091,27369
60093,20156
60096,6626
60097,11481
60098,33307
60099,30485
60101,37202
60102,32303
60103,41825
60104,18390
60106,19908
60107,38965
60108,23434
60109,520
60110,39028
60111,222
60112,4611
60113,301
60115,42461
60118,15692
60119,10964
60120,50774
60123,48821
60124,24400
60126,47759
60129,220
60130,14000
60131,18059
60133,36850
60134,29838
60135,7486
60136,8623
60137,38754
60139,32954
60140,21844
60141,269
60142,29452
60143,11798
60144,71
60145,2206
60146,2241
60148,52358
60150,2000
60151,4295
60152,12006
60153,23173
60154,16524
60155,7906
60156,28853
60157,2377
60160,24513
60162,8133
60163,5205
60164,21248
60165,4504
60169,33529
60171,10482
60172,24231
60173,13892
60174,30481
60175,26528
60176,11454
60177,24030
60178,21709
60180,2092
60181,30247
60183,5
60184,2280
60185,33711
60187,28867
60188,42087
60189,30866
60190,11931
60191,14381
60192,16662
60193,39467
60194,19932
60195,4698
60201,43555
60202,32818
60203,4733
60208,179
60301,3508
60302,32589
60304,17218
60305,11489
60401,7581
60402,63867
60403,17226
60404,20052
60406,24887
60407,1723
60408,5332
60409,35253
60410,14027
60411,52395
60415,14147
60416,9277
60417,15408
60418,10631
60419,20979
60420,4672
60421,3786
60422,9885
60423,32813
60424,2170
60425,8730
60426,23066
60428,10980
60429,14602
60430,19993
60431,26789
60432,20098
60433,15293
60435,48521
60436,19446
60437,103
60438,28802
60439,24255
60440,52074
60441,36841
60442,13467
60443,20606
60444,1986
60445,14445
60446,41933
60447,16099
60448,24630
60449,9607
60450,20918
60451,37481
60452,26511
60453,57098
60455,16765
60456,4244
60457,14674
60458,14153
60459,28822
60460,1310
60461,4678
60462,40700
60463,13359
60464,9889
60465,18139
60466,21123
60467,24952
60468,5848
60469,5295
60470,410
60471,12845
60472,4961
60473,21407
60474,628
60475,10103
60476,1876
60477,36393
60478,16549
60479,629
60480,5319
60481,11277
60482,10878
60484,6612
60487,25881
60490,21739
60491,22585
60501,11490
60502,23242
60503,16879
60504,38861
60505,58176
60506,49886
60510,28577
60511,1588
60512,1061
60513,19264
60514,9760
60515,29045
60516,28594
60517,33173
60518,3576
60519,63
60520,2966
60521,18097
60523,10012
60525,31453
60526,13341
60527,29024
60530,1022
60531,2170
60532,28635
60534,10362
60536,76
60537,671
60538,30395
60539,277
60540,42660
60541,3379
60542,18691
60543,41723
60544,27937
60545,14191
60546,16582
60548,11233
60549,836
60550,1074
60551,4984
60552,4589
60553,681
60554,12058
60555,14758
60556,2156
60557,129
60558,13353
60559,24404
60560,27798
60561,22975
60563,38829
60564,47243
60565,39244
60585,24948
60586,48006
60601,16292
60602,1127
60603,1126
60604,653
60605,34256
60606,3527
60607,30197
60608,81459
60609,64268
60610,45282
60611,36036
60612,34699
60613,51334
60614,70444
60615,42752
60616,54456
60617,79284
60618,91896
60619,59892
60620,66511
60621,27318
60622,53696
60623,77061
60624,35711
60625,78467
60626,50027
60628,59212
60629,109292
60630,54242
60631,30308
60632,87831
60633,12485
60634,74418
60636,31007
60637,52418
60638,58250
60639,84505
60640,66884
60641,67400
60642,21124
60643,47802
60644,48317
60645,46856
60646,28499
60647,85589
60649,48720
60651,63892
60652,41431
60653,34608
60654,24303
60655,27794
60656,28726
60657,71268
60659,42008
60660,42750
60661,11516
60706,24028
60707,40897
60712,13179
60714,30463
60803,22089
60804,83223
60805,19498
60827,24887
60901,33224
60910,568
60911,1215
60912,524
60913,1597
60914,28503
60915,10217
60917,467
60918,633
60919,455
60920,155
60921,1394
60922,2443
60924,1707
60926,53
60927,2239
60928,509
60929,598
60930,816
60931,468
60932,394
60933,265
60934,216
60935,1222
60936,4260
60938,1973
60939,0
60940,3509
60941,1603
60942,5635
60945,202
60946,380
60948,1838
60949,478
60950,11902
60951,732
60952,654
60953,2141
60954,5586
60955,1981
60956,109
60957,5620
60958,1488
60959,904
60960,890
60961,928
60962,617
60963,1456
60964,4819
60966,1554
60967,0
60968,453
60969,66
60970,5965
60973,382
60974,333
61001,1237
61006,1361
61007,280
61008,33697
61010,7494
61011,2743
61012,2322
61013,705
61014,1124
61015,870
61016,5166
61018,1040
61019,3341
61020,3197
61021,22690
61024,2264
61025,4331
61027,43
61028,1671
61030,1911
61031,1615
61032,29072
61036,7014
61037,100
61038,1395
61039,812
61041,1428
61042,410
61043,166
61044,276
61046,2599
61047,1728
61048,3848
61049,606
61050,284
61051,1521
61052,1160
61053,2902
61054,3617
61057,41
61059,176
61060,1467
61061,6802
61062,1881
61063,4257
61064,3891
61065,10927
61067,496
61068,15076
61070,1325
61071,13482
61072,11342
61073,20008
61074,4009
61075,997
61077,101
61078,1411
61079,220
61080,11062
61081,20916
61084,3166
61085,2946
61087,1648
61088,5992
61089,593
61091,0
61101,19671
61102,16620
61103,23238
61104,17584
61107,29473
61108,30202
61109,26714
61111,22838
61112,116
61114,15026
61115,22424
61201,37294
61230,1028
61231,4958
61232,1498
61233,245
61234,1213
61235,1329
61236,43
61237,0
61238,2705
61239,1138
61240,5988
61241,6637
61242,1135
61243,167
61244,23288
61250,2843
61251,336
61252,5369
61254,12049
61256,1946
61257,866
61258,174
61259,1107
61260,635
61261,691
61262,1140
61263,718
61264,10056
61265,43851
61270,7067
61272,1463
61273,3028
61274,206
61275,4226
61276,28
61277,2983
61278,671
61279,960
61281,2610
61282,8345
61283,1349
61284,2122
61285,2687
61301,10312
61310,3532
61311,244
61312,371
61313,292
61314,751
61315,279
61316,212
61317,488
61318,615
61319,1188
61320,706
61321,232
61322,1550
61323,119
61324,112
61325,1131
61326,2102
61327,1341
61328,80
61329,1393
61330,1238
61331,0
61332,150
61333,270
61334,620
61335,316
61336,522
61337,551
61338,295
61340,497
61341,7249
61342,8373
61344,236
61345,760
61346,48
61348,4397
61349,1039
61350,23999
61353,1219
61354,10366
61356,10739
61358,385
61359,362
61360,3320
61361,1363
61362,5773
61363,284
61364,18236
61367,814
61368,1292
61369,1441
61370,1250
61371,75
61372,269
61373,2120
61374,48
61375,1223
61376,2021
61377,1458
61378,606
61379,1273
61401,30684
61402,1634
61410,3763
61411,264
61412,1310
61413,1038
61414,731
61415,1646
61416,226
61417,176
61418,601
61419,156
61420,1034
61421,1330
61422,3045
61423,649
61424,18
61425,713
61426,77
61427,2051
61428,1153
61430,676
61431,283
61432,589
61433,23
61434,2992
61435,181
61436,810
61437,504
61438,702
61439,268
61440,734
61441,878
61442,550
61443,13529
61447,1053
61448,3906
61449,303
61450,1617
61451,246
61452,167
61453,675
61454,453
61455,17511
61458,632
61459,290
61460,128
61462,10640
61465,1251
61466,274
61467,1262
61468,149
61469,1857
61470,509
61471,155
61472,430
61473,1269
61474,238
61475,211
61476,553
61477,503
61478,397
61479,80
61480,1371
61482,518
61483,1876
61484,671
61485,388
61486,1429
61488,1230
61489,743
61490,990
61491,2170
61501,1612
61516,816
61517,3154
61519,260
61520,16098
61523,10188
61524,355
61525,12066
61526,887
61528,3263
61529,2784
61530,6297
61531,3018
61532,404
61533,2359
61534,1984
61535,1906
61536,3445
61537,2742
61539,142
61540,2700
61541,106
61542,3306
61543,88
61544,815
61545,814
61546,3682
61547,3740
61548,12165
61550,18688
61552,210
61553,269
61554,40783
61559,3726
61560,586
61561,2313
61562,35
61563,548
61564,1000
61565,1339
61567,541
61568,4402
61569,939
61570,1620
61571,24544
61572,916
61602,977
61603,15430
61604,27502
61605,13538
61606,6979
61607,10734
61610,4572
61611,23698
61614,28142
61615,23266
61616,5834
61625,443
61701,35577
61704,36938
61705,12973
61720,347
61721,541
61722,612
61723,2255
61724,493
61725,1495
61726,2728
61727,9114
61728,1316
61729,1168
61730,431
61731,134
61732,2089
61733,944
61734,2500
61735,412
61736,2658
61737,449
61738,4444
61739,4673
61740,1427
61741,1637
61742,1506
61743,118
61744,1917
61745,4506
61747,1504
61748,2612
61749,619
61750,145
61751,58
61752,4404
61753,3087
61754,1158
61755,4436
61756,2625
61759,1263
61760,2240
61761,53404
61764,13718
61769,629
61770,1081
61771,964
61772,221
61773,299
61774,764
61775,252
61776,1208
61777,989
61778,461
61801,27755
61802,19502
61810,217
61811,619
61812,291
61813,1813
61814,1207
61815,309
61816,412
61817,2447
61818,1608
61820,38481
61821,28838
61822,28246
61830,502
61831,164
61832,32302
61833,1730
61834,8297
61839,648
61840,572
61841,1122
61842,2577
61843,2003
61844,927
61845,226
61846,4484
61847,1160
61848,245
61849,1882
61850,475
61851,295
61852,170
61853,14645
61854,1356
61855,84
61856,8110
61857,144
61858,2716
61859,1271
61862,602
61863,807
61864,1714
61865,1161
61866,13407
61870,1153
61871,317
61872,613
61873,5803
61874,8602
61875,974
61876,823
61877,1055
61878,1179
61880,4558
61882,714
61883,4424
61884,1072
61910,4910
61911,4484
61912,1192
61913,1192
61914,1855
61917,411
61919,689
61920,20703
61924,2286
61925,1037
61928,782
61929,713
61930,708
61931,1328
61932,519
61933,1227
61936,130
61937,1785
61938,20440
61940,275
61941,165
61942,1031
61943,1495
61944,11426
61949,146
61951,7654
61953,6439
61955,180
61956,3046
61957,1784
62001,1814
62002,30036
62006,536
62009,1746
62010,11154
62011,259
62012,6496
62013,425
62014,3695
62015,465
62016,3650
62017,1040
62018,3006
62019,310
62021,1127
62022,1073
62023,138
62024,9465
62025,36156
62026,982
62027,517
62028,1098
62030,105
62031,637
62032,783
62033,4398
62034,14519
62035,15915
62036,531
62037,1682
62040,40365
62044,2086
62045,418
62046,974
62047,1833
62048,1456
62049,8078
62050,318
62051,735
62052,12483
62053,356
62054,347
62056,8591
62058,791
62059,811
62060,3619
62061,1528
62062,8521
62063,869
62067,1960
62069,3102
62074,1236
62075,3180
62076,85
62077,327
62078,89
62079,370
62080,3056
62081,293
62082,2394
62083,146
62084,1660
62085,195
62086,1399
62087,2180
62088,6482
62089,539
62090,1015
62091,296
62092,2488
62093,473
62094,1018
62095,10780
62097,2627
62098,38
62201,5017
62203,5539
62204,4824
62205,5760
62206,13155
62207,6801
62208,16653
62214,1097
62215,2109
62216,3101
62217,710
62218,1997
62219,1028
62220,19391
62221,29281
62223,16269
62225,5606
62226,28543
62230,6406
62231,6521
62232,7480
62233,8233
62234,31832
62236,14175
62237,2322
62238,618
62239,4381
62240,1994
62241,891
62242,1764
62243,6522
62244,1155
62245,1760
62246,9946
62248,556
62249,16550
62250,627
62253,923
62254,6339
62255,1231
62256,38
62257,1960
62258,10292
62260,6518
62261,56
62262,1887
62263,4834
62264,3152
62265,4396
62266,29
62268,922
62269,35536
62271,1819
62272,1713
62273,302
62274,8147
62275,2942
62277,994
62278,6425
62279,69
62280,394
62281,3018
62282,620
62284,629
62285,4187
62286,5482
62288,2592
62289,385
62292,722
62293,4572
62294,15246
62295,1310
62297,293
62298,17907
62301,30987
62305,19077
62311,893
62312,1878
62313,349
62314,484
62316,873
62319,164
62320,2431
62321,3682
62323,235
62324,1393
62325,547
62326,2317
62330,1548
62334,185
62336,95
62338,1109
62339,1004
62340,1675
62341,3439
62343,726
62344,55
62345,333
62346,135
62347,2172
62348,240
62349,678
62351,2026
62352,188
62353,5012
62354,1426
62355,947
62356,584
62357,165
62358,525
62359,104
62360,1540
62361,332
62362,266
62363,5487
62365,421
62366,1514
62367,1268
62370,295
62373,221
62374,223
62375,419
62376,1073
62378,879
62379,1828
62380,395
62401,19371
62410,1195
62411,4322
62413,315
62414,1612
62417,2653
62418,1720
62419,313
62420,4361
62421,406
62422,1004
62423,609
62424,2336
62425,712
62426,769
62427,1905
62428,2614
62431,777
62432,636
62433,1265
62434,330
62436,889
62438,200
62439,7097
62440,1092
62441,6841
62442,2629
62443,1771
62444,573
62445,1044
62446,337
62447,3195
62448,5263
62449,2883
62450,12406
62451,1955
62452,292
62454,10441
62458,2189
62459,266
62460,1110
62461,630
62462,968
62463,1115
62464,197
62465,846
62466,4184
62467,3693
62468,2311
62469,428
62471,10309
62473,1124
62474,651
62475,260
62476,1279
62477,755
62478,308
62479,784
62480,764
62481,399
62501,2113
62510,1573
62512,382
62513,1377
62514,372
62515,1005
62517,213
62518,376
62519,53
62520,1453
62521,32455
62522,14984
62523,802
62526,31191
62530,1538
62531,1799
62532,33
62533,852
62534,1066
62535,3656
62536,993
62537,288
62538,444
62539,1342
62540,1287
62541,41
62543,504
62544,1719
62545,1306
62546,1394
62547,619
62548,2116
62549,6789
62550,3070
62551,908
62553,315
62554,1738
62555,1632
62556,365
62557,6859
62558,3585
62560,1489
62561,4927
62563,5575
62565,7422
62567,861
62568,16035
62570,707
62571,1325
62572,486
62573,1154
62601,337
62610,174
62611,1052
62612,1490
62613,3659
62615,5075
62617,542
62618,7391
62621,1162
62622,86
62624,308
62625,897
62626,7911
62627,958
62628,871
62629,15369
62630,783
62631,239
62633,609
62634,1141
62635,608
62638,1326
62639,242
62640,3342
62642,1381
62643,750
62644,4657
62649,416
62650,24318
62655,648
62656,18364
62661,1360
62663,187
62664,2848
62665,1264
62666,483
62667,547
62668,1273
62670,2695
62671,472
62672,140
62673,505
62674,1319
62675,5981
62677,2153
62681,5649
62682,745
62684,5422
62685,1648
62688,783
62689,627
62690,3878
62691,2377
62692,2128
62693,1871
62694,2944
62695,531
62701,1211
62702,31251
62703,28820
62704,39597
62706,0
62707,8168
62711,18351
62712,10555
62801,19941
62803,1138
62806,3438
62807,816
62808,1819
62809,248
62810,1218
62811,265
62812,11441
62814,1724
62815,290
62816,1156
62817,571
62818,376
62819,290
62820,152
62821,6896
62822,2437
62823,1962
62824,1595
62825,250
62827,1159
62828,1642
62829,103
62830,1369
62831,345
62832,8903
62833,274
62835,1317
62836,820
62837,7924
62838,1555
62839,6215
62841,108
62842,696
62843,97
62844,1904
62846,1845
62848,587
62849,1904
62850,631
62851,273
62852,129
62853,962
62854,1561
62856,327
62858,3385
62859,5199
62860,419
62861,112
62862,262
62863,9438
62864,23061
62865,2235
62867,528
62868,1577
62869,2746
62870,2260
62871,669
62872,1142
62874,407
62875,1091
62876,135
62877,446
62878,219
62879,25
62880,613
62881,11218
62882,2101
62883,599
62884,2764
62885,458
62886,377
62887,132
62888,1881
62889,1053
62890,2379
62891,587
62892,189
62893,922
62894,814
62895,2090
62896,10691
62897,573
62898,2018
62899,1782
62901,22920
62902,4217
62903,2533
62905,741
62906,7218
62907,1912
62908,365
62910,2120
62912,1534
62914,1785
62915,473
62916,790
62917,2474
62918,10521
62919,775
62920,2872
62921,200
62922,2697
62923,393
62924,3064
62926,2166
62927,313
62928,67
62930,5763
62931,1359
62932,1178
62933,1188
62934,698
62935,2246
62938,2659
62939,3072
62940,569
62941,588
62942,670
62943,324
62946,11465
62947,478
62948,12728
62949,699
62950,159
62951,5381
62952,2950
62953,264
62954,415
62956,1155
62957,669
62958,2069
62959,27779
62960,10823
62961,32
62962,0
62963,797
62964,1028
62965,54
62966,13995
62967,310
62969,276
62970,448
62972,891
62974,1648
62975,177
62976,343
62977,520
62979,932
62982,1017
62983,1623
62984,1572
62985,1108
62987,1592
62988,1222
62990,1044
62992,811
62994,752
62995,6477
62996,480
62997,562
62998,189
62999,1345
63005,19679
63010,34405
63011,36274
63012,10977
63013,1204
63014,404
63015,1959
63016,6291
63017,43074
63019,4490
63020,20357
63021,56297
63023,5442
63025,18483
63026,45267
63028,27913
63030,364
63031,50258
63033,42258
63034,19557
63036,1121
63037,2826
63038,7132
63039,977
63040,8826
63041,306
63042,17953
63043,21651
63044,10510
63045,0
63047,0
63048,4143
63049,17480
63050,17681
63051,12589
63052,28741
63053,60
63055,1628
63056,1723
63060,2183
63061,154
63068,6581
63069,14760
63070,8365
63071,1315
63072,3692
63073,1027
63074,16237
63077,11466
63079,182
63080,13529
63084,20511
63087,1173
63088,8423
63089,5930
63090,22471
63091,1434
63101,2953
63102,3004
63103,8927
63104,18701
63105,18860
63106,7742
63107,9082
63108,20692
63109,25743
63110,17725
63111,19093
63112,18353
63113,11610
63114,33703
63115,14252
63116,42470
63117,9188
63118,25645
63119,34574
63120,7227
63121,24571
63122,41724
63123,49826
63124,11009
63125,32701
63126,15373
63127,5161
63128,30106
63129,51356
63130,29074
63131,17993
63132,13953
63133,6375
63134,13460
63135,19446
63136,41314
63137,19690
63138,18736
63139,21811
63140,350
63141,20640
63143,8968
63144,9580
63146,30917
63147,8229
63155,0
63301,51625
63303,46627
63304,43389
63330,95
63332,1676
63333,821
63334,7251
63336,1126
63339,1012
63341,3554
63343,4920
63344,1729
63345,372
63347,2627
63348,10207
63349,1976
63350,723
63351,1410
63352,992
63353,4935
63357,6593
63359,1384
63361,4477
63362,9247
63363,1089
63365,56
63366,54449
63367,27893
63368,45862
63369,2984
63373,717
63376,74876
63377,3548
63379,27409
63380,980
63381,678
63382,4127
63383,16120
63384,2148
63385,50420
63386,537
63387,96
63388,756
63389,7159
63390,10856
63401,21125
63430,422
63431,438
63432,376
63433,0
63434,761
63435,4285
63436,1109
63437,1558
63438,118
63439,174
63440,1068
63441,1095
63443,270
63445,3945
63446,396
63447,1081
63448,1683
63450,144
63451,190
63452,1136
63453,360
63454,1000
63456,4938
63457,562
63458,131
63459,4736
63460,154
63461,5355
63462,1592
63463,718
63465,517
63466,0
63467,18
63468,2523
63469,853
63471,966
63472,472
63473,336
63474,539
63501,21129
63530,1310
63531,262
63532,1286
63533,1092
63534,775
63535,17
63536,941
63537,2331
63538,133
63539,195
63540,227
63541,452
63543,319
63544,1119
63545,882
63546,1564
63547,461
63548,896
63549,2393
63551,280
63552,7383
63555,3193
63556,3279
63557,270
63558,670
63559,1503
63560,82
63561,1069
63563,551
63565,3975
63566,70
63567,61
63601,16434
63620,1142
63621,1656
63622,782
63623,795
63624,3507
63625,501
63626,694
63627,2856
63628,15864
63629,976
63630,3765
63631,687
63633,785
63636,503
63637,894
63638,2384
63640,28800
63645,11514
63648,1483
63650,3688
63653,1418
63654,697
63655,1431
63656,533
63660,3489
63662,922
63663,747
63664,9060
63665,346
63670,12294
63673,2350
63674,53
63675,12
63701,38809
63703,8494
63730,3667
63732,853
63735,761
63736,3342
63738,0
63739,577
63740,5447
63742,147
63743,20
63744,177
63745,146
63746,11
63747,698
63748,1296
63750,90
63751,1054
63755,27378
63758,411
63760,647
63763,123
63764,4568
63766,1830
63767,551
63769,1388
63770,167
63771,2461
63774,149
63775,15993
63780,6155
63781,1513
63782,167
63783,167
63784,193
63785,1071
63787,540
63801,22121
63820,269
63821,627
63822,2562
63823,1431
63824,172
63825,4213
63826,133
63827,538
63828,146
63829,1082
63830,6315
63833,147
63834,5218
63837,1451
63839,307
63840,57
63841,13319
63845,5378
63846,1110
63847,120
63848,1058
63849,221
63850,12
63851,3366
63852,1261
63853,107
63855,774
63857,11964
63860,200
63862,1315
63863,5348
63866,448
63867,855
63868,690
63869,3184
63870,1058
63873,4096
63874,243
63876,2098
63877,3059
63878,108
63879,741
63880,68
63882,324
63901,34920
63932,912
63933,3099
63934,8
63935,8017
63936,491
63937,2589
63939,1081
63940,1501
63941,210
63942,432
63943,937
63944,1499
63945,1278
63950,34
63951,170
63952,316
63953,684
63954,981
63955,58
63956,625
63957,5068
63960,3448
63961,1655
63962,0
63964,664
63965,2433
63966,2183
63967,1416
64001,915
64011,4591
64012,28980
64014,28434
64015,31814
64016,4700
64017,288
64018,1104
64019,2317
64020,2928
64021,675
64022,127
64024,15587
64028,262
64029,21643
64030,25673
64034,8743
64035,1157
64036,551
64037,6325
64040,5968
64048,4372
64050,20528
64052,22945
64053,6817
64054,3109
64055,36092
64056,17608
64057,14509
64058,6610
64060,16291
64061,3149
64062,6752
64063,21430
64064,19955
64065,84
64066,112
64067,5840
64068,37466
64070,3222
64071,815
64072,257
64074,498
64075,11979
64076,9236
64077,1643
64078,9937
64079,14092
64080,14383
64081,25293
64082,19729
64083,25541
64084,1241
64085,8113
64086,23483
64088,1385
64089,14060
64090,132
64092,0
64093,27509
64096,1197
64097,1117
64098,3300
64101,146
64102,28
64105,5783
64106,10666
64108,10179
64109,10274
64110,17019
64111,16974
64112,8509
64113,12442
64114,24464
64116,17535
64117,14800
64118,42213
64119,32615
64120,525
64123,11130
64124,10924
64125,2723
64126,6433
64127,17645
64128,12445
64129,9249
64130,19697
64131,21972
64132,11775
64133,35470
64134,22984
64136,1544
64137,10004
64138,24830
64139,2760
64145,5057
64146,1342
64147,544
64149,599
64150,4294
64151,28706
64152,31300
64153,6921
64154,13114
64155,28754
64156,7977
64157,22429
64158,7267
64161,360
64163,1062
64164,195
64165,223
64166,273
64167,267
64401,1604
64402,2258
64420,37
64421,796
64422,366
64423,888
64424,3664
64426,527
64427,621
64428,561
64429,11815
64430,806
64431,401
64432,144
64433,206
64434,525
64436,965
64437,437
64438,141
64439,1535
64440,876
64441,100
64442,1056
64443,1647
64444,1300
64445,305
64446,1085
64448,862
64449,515
64451,383
64453,206
64454,2586
64455,310
64456,1396
64457,238
64458,177
64459,502
64461,926
64463,1239
64465,4070
64466,576
64467,163
64468,14315
64469,2218
64470,1574
64471,505
64473,1267
64474,729
64475,378
64476,268
64477,3459
64479,1117
64480,362
64481,1179
64482,1971
64483,530
64484,843
64485,7843
64486,277
64487,546
64489,2211
64490,1858
64491,1642
64492,1708
64493,290
64494,1066
64496,202
64497,610
64498,267
64499,139
64501,10354
64503,11921
64504,10286
64505,13875
64506,22107
64507,14159
64601,12110
64620,568
64622,548
64623,437
64624,1488
64625,800
64628,5602
64630,516
64631,805
64632,401
64633,4504
64635,410
64636,248
64637,488
64638,449
64639,134
64640,3183
64641,602
64642,694
64643,1093
64644,3265
64645,214
64646,365
64647,437
64648,2422
64649,703
64650,653
64651,419
64652,353
64653,533
64654,64
64655,72
64656,216
64657,329
64658,3112
64659,876
64660,435
64661,762
64664,242
64667,270
64668,1453
64670,995
64671,1877
64672,190
64673,2492
64674,368
64676,150
64679,861
64681,152
64682,282
64683,7648
64686,199
64688,718
64689,442
64701,14462
64720,4358
64722,240
64723,516
64724,1942
64725,1993
64726,356
64728,348
64730,6550
64733,1112
64734,2065
64735,13572
64738,1375
64739,1074
64740,1568
64741,299
64742,2348
64743,182
64744,8547
64745,46
64746,1515
64747,4066
64748,1270
64750,340
64752,580
64755,2440
64756,508
64759,8056
64761,1555
64762,1453
64763,1646
64765,6
64767,546
64769,555
64770,1163
64771,433
64772,12930
64776,3355
64778,369
64779,2926
64780,361
64781,92
64783,575
64784,1346
64788,1457
64790,973
64801,36398
64804,36995
64830,745
64831,6288
64832,1376
64833,73
64834,10476
64835,1978
64836,25727
64840,3566
64841,1326
64842,945
64843,3193
64844,4131
64847,342
64848,692
64849,228
64850,25355
64854,4867
64855,2629
64856,4154
64857,372
64858,541
64859,1203
64861,1151
64862,3214
64863,1403
64865,5260
64866,1033
64867,1009
64868,151
64870,16360
64873,1080
64874,461
65001,183
65010,7105
65011,2216
65013,2973
65014,2457
65016,1307
65017,1165
65018,7811
65020,14635
65023,1546
65024,1158
65025,740
65026,11648
65032,1235
65034,747
65035,1547
65037,5337
65039,3148
65040,1468
65041,5559
65043,9994
65046,1216
65047,1285
65048,153
65049,6931
65050,796
65051,4612
65052,3825
65053,1541
65054,1185
65058,987
65059,1008
65061,620
65062,20
65063,4180
65064,774
65065,6730
65066,6021
65067,303
65068,849
65069,636
65072,1978
65074,2781
65075,1204
65076,622
65077,450
65078,3716
65079,4240
65080,1459
65081,4377
65082,1152
65083,247
65084,7269
65085,1135
65101,29777
65109,40390
65201,49811
65202,47543
65203,59663
65215,245
65216,202
65230,521
65231,2771
65232,269
65233,10853
65236,1267
65237,798
65239,1739
65240,8740
65243,3085
65244,312
65246,58
65247,812
65248,4389
65250,421
65251,22077
65254,1808
65255,5141
65256,2044
65257,1703
65258,460
65259,2867
65260,454
65261,1310
65262,762
65263,1479
65264,921
65265,15131
65270,16762
65274,1886
65275,2491
65276,1733
65278,57
65279,1639
65280,201
65281,3076
65282,151
65283,524
65284,2172
65285,387
65286,101
65287,268
65301,35347
65305,3660
65320,43
65321,316
65322,704
65323,891
65324,1296
65325,3134
65326,1722
65327,275
65329,417
65330,447
65332,2023
65333,674
65334,1080
65335,221
65336,6527
65337,1786
65338,3403
65339,538
65340,15977
65344,176
65345,538
65347,928
65348,1316
65349,2562
65350,1326
65351,2224
65354,648
65355,11029
65360,4526
65401,32476
65409,4
65436,0
65438,2616
65439,29
65440,216
65441,5086
65443,64
65444,858
65446,370
65449,154
65452,2544
65453,8600
65456,564
65457,193
65459,8164
65461,121
65462,1295
65463,1393
65464,383
65466,1413
65468,78
65470,792
65473,15322
65479,290
65483,4607
65484,42
65486,3114
65501,145
65529,167
65534,627
65535,1321
65536,29680
65541,100
65542,6921
65543,622
65548,6432
65550,3119
65552,2259
65555,1305
65556,5019
65557,341
65559,9390
65560,13634
65564,89
65565,4685
65566,888
65567,1586
65570,730
65571,1927
65580,667
65582,2121
65583,14462
65584,10922
65586,122
65588,2025
65589,47
65590,1820
65591,1828
65601,518
65603,113
65604,3909
65605,11611
65606,2540
65608,8478
65609,814
65610,5475
65611,1784
65612,1908
65613,18081
65614,465
65616,28295
65617,1737
65618,175
65619,9207
65620,171
65622,7591
65623,46
65624,1722
65625,7186
65626,1977
65627,950
65629,558
65630,518
65631,6175
65632,2616
65633,3940
65634,609
65635,665
65637,942
65638,641
65640,1373
65641,814
65644,1965
65646,1812
65647,3152
65648,6298
65649,2152
65650,1340
65652,5014
65653,5956
65654,246
65655,2313
65656,5224
65657,362
65658,1204
65660,193
65661,2385
65662,1167
65663,2606
65664,51
65666,0
65667,3318
65668,1692
65669,2827
65672,8512
65674,2760
65675,37
65676,432
65679,2738
65680,1156
65681,1869
65682,2079
65685,1026
65686,4487
65688,50
65689,4273
65690,120
65692,1001
65702,235
65704,4587
65705,4703
65706,17479
65707,2263
65708,12690
65710,1333
65711,8690
65712,8910
65713,2208
65714,35243
65715,84
65717,2777
65720,465
65721,34112
65722,1404
65723,3093
65724,1728
65725,2692
65726,1038
65727,132
65728,28
65729,105
65730,8
65731,129
65732,1263
65733,725
65734,3852
65735,157
65737,8279
65738,21117
65739,891
65740,3495
65741,0
65742,13747
65744,154
65745,3230
65746,8302
65747,3957
65752,339
65753,5120
65754,561
65755,660
65756,775
65757,8030
65759,1033
65760,617
65761,1383
65762,469
65764,1684
65766,65
65767,1860
65768,201
65769,2459
65770,2593
65771,1458
65772,2578
65773,257
65774,1036
65775,24950
65777,135
65778,432
65779,1132
65781,9160
65783,190
65784,18
65785,5538
65786,1835
65787,1253
65788,312
65789,1813
65790,925
65791,4172
65793,5679
65801,0
65802,46005
65803,43159
65804,40271
65806,14049
65807,56680
65809,11228
65810,22109
65897,2922
66002,13197
66006,7843
66007,10060
66008,177
66010,539
66012,10301
66013,2976
66014,778
66015,650
66016,700
66017,224
66018,6537
66020,1763
66021,2792
66023,954
66024,684
66025,7858
66026,833
66027,7249
66030,25964
66031,651
66032,5133
66033,547
66035,1388
66039,661
66040,3527
66041,820
66042,1052
66043,10821
66044,29052
66045,1707
66046,19972
66047,20344
66048,35551
66049,31351
66050,1777
66052,2104
66053,7744
66054,2653
66056,1428
66058,354
66060,1255
66061,67510
66062,77794
66064,5617
66066,2750
66067,16146
66070,1974
66071,12425
66072,1201
66073,2381
66075,2305
66076,2231
66078,766
66079,678
66080,928
66083,12832
66085,11412
66086,10935
66087,2035
66088,2723
66090,2513
66091,406
66092,4211
66093,664
66094,411
66095,1024
66097,939
66101,12463
66102,30062
66103,12841
66104,26820
66105,2388
66106,23762
66109,27715
66111,10449
66112,12968
66115,0
66118,0
66160,37
66202,17321
66203,19195
66204,18557
66205,13728
66206,12030
66207,15149
66208,21754
66209,20201
66210,20303
66211,5550
66212,32804
66213,30024
66214,12261
66215,26291
66216,24955
66217,5302
66218,8796
66219,13410
66220,8166
66221,24835
66223,25050
66224,12184
66226,16189
66227,8897
66251,6
66401,1928
66402,3044
66403,803
66404,453
66406,406
66407,309
66408,250
66409,3478
66411,1195
66412,583
66413,1697
66414,2349
66415,763
66416,509
66417,478
66418,430
66419,305
66422,1183
66423,830
66424,531
66425,391
66427,1241
66428,242
66429,381
66431,717
66432,554
66434,4738
66436,5666
66438,189
66439,2585
66440,1924
66441,25654
66442,16876
66449,981
66451,1809
66501,356
66502,43247
66503,17272
66506,3189
66507,1239
66508,4020
66509,2426
66510,619
66512,3476
66514,1658
66515,336
66516,311
66517,1628
66518,203
66520,681
66521,1444
66522,136
66523,3873
66524,2371
66526,818
66527,196
66528,876
66531,1348
66532,500
66533,1609
66534,3720
66535,3729
66536,4103
66537,1309
66538,3577
66539,2723
66540,668
66541,259
66542,3039
66543,995
66544,307
66546,1182
66547,8387
66548,924
66549,1311
66550,617
66552,592
66554,744
66603,1304
66604,22876
66605,20592
66606,10177
66607,9873
66608,4789
66609,7912
66610,9728
66611,9912
66612,1994
66614,32586
66615,3144
66616,6065
66617,8748
66618,10113
66619,3069
66621,675
66622,80
66701,11075
66710,763
66711,550
66712,1471
66713,5560
66714,132
66716,953
66717,534
66720,10913
66724,986
66725,5102
66732,272
66733,1966
66734,321
66735,800
66736,3517
66738,223
66739,5240
66740,268
66741,165
66742,31
66743,4384
66746,206
66748,2864
66749,7452
66751,503
66753,1013
66754,421
66755,825
66756,1137
66757,3225
66758,220
66760,12
66761,268
66762,24814
66763,3381
66767,390
66769,606
66770,860
66771,1077
66772,270
66773,654
66775,216
66776,1457
66777,568
66778,0
66779,955
66780,624
66781,1155
66782,165
66783,2117
66801,27348
66830,254
66833,576
66834,1030
66835,1369
66838,130
66839,3904
66840,554
66842,432
66843,148
66845,1136
66846,3331
66849,443
66850,177
66851,645
66852,519
66853,318
66854,953
66856,1739
66857,807
66858,404
66859,186
66860,1391
66861,2929
66862,93
66863,39
66864,387
66865,1189
66866,1714
66868,671
66869,599
66870,145
66871,1257
66872,885
66873,260
66901,6134
66930,119
66932,118
66933,299
66935,2415
66936,299
66937,919
66938,1248
66939,322
66940,308
66941,108
66942,332
66943,582
66944,330
66945,987
66946,113
66948,601
66949,521
66951,826
66952,363
66953,611
66955,40
66956,1190
66958,272
66959,386
66960,125
66961,6
66962,223
66963,247
66964,174
66966,620
66967,2003
66968,1435
66970,55
67001,2394
67002,16753
67003,2529
67004,781
67005,15336
67008,632
67009,754
67010,13576
67012,40
67013,2671
67016,489
67017,2058
67018,59
67019,962
67020,1440
67021,28
67022,1579
67023,118
67024,928
67025,3943
67026,5068
67028,188
67029,954
67030,2820
67031,2527
67035,839
67036,165
67037,30108
67038,699
67039,2936
67041,287
67042,17486
67045,3119
67047,513
67049,12
67050,2008
67051,363
67052,8610
67053,541
67054,1272
67055,56
67056,2988
67057,280
67058,1893
67059,849
67060,14004
67061,227
67062,4005
67063,3546
67065,176
67066,266
67067,2326
67068,3881
67070,890
67071,123
67072,277
67073,303
67074,1309
67101,6110
67102,146
67103,141
67104,2087
67105,156
67106,472
67107,2565
67108,1554
67109,360
67110,8222
67111,278
67112,278
67114,21102
67117,2152
67118,856
67119,1238
67120,807
67122,303
67123,783
67124,7822
67127,637
67131,317
67132,367
67133,7052
67134,375
67135,3550
67137,478
67138,438
67140,995
67142,322
67143,38
67144,2775
67146,2076
67147,11193
67149,1245
67150,12
67151,514
67152,9199
67154,1561
67155,101
67156,14183
67159,199
67202,2102
67203,30869
67204,22913
67205,20600
67206,17468
67207,27721
67208,18078
67209,13613
67210,9178
67211,18691
67212,43278
67213,20702
67214,15553
67215,6468
67216,22529
67217,32529
67218,22945
67219,12093
67220,14779
67221,382
67223,773
67226,21441
67227,240
67228,2529
67230,11822
67232,445
67235,15442
67260,366
67301,12996
67330,1548
67332,200
67333,2534
67334,108
67335,3300
67336,1186
67337,10944
67340,262
67341,817
67342,675
67344,735
67345,152
67346,351
67347,367
67349,764
67351,387
67352,475
67353,489
67354,630
67355,209
67356,2693
67357,11786
67360,325
67361,1797
67363,27
67364,191
67401,50272
67410,10177
67416,782
67417,116
67418,185
67420,3824
67422,1419
67423,325
67425,593
67427,380
67428,1137
67430,508
67431,1963
67432,5536
67436,446
67437,907
67438,246
67439,3412
67441,1041
67442,179
67443,2028
67444,604
67445,467
67446,678
67447,291
67448,1123
67449,2756
67450,468
67451,915
67452,337
67454,640
67455,1609
67456,5170
67457,655
67458,379
67459,334
67460,15933
67464,1091
67466,665
67467,2701
67468,244
67470,459
67473,1837
67474,168
67475,148
67476,8
67478,149
67480,1535
67481,738
67482,94
67483,550
67484,995
67485,349
67487,1503
67490,991
67491,362
67492,179
67501,24589
67502,23617
67505,2836
67510,232
67511,142
67512,174
67513,111
67514,639
67515,36
67516,563
67518,17
67519,178
67520,335
67521,147
67522,1988
67523,456
67524,560
67525,816
67526,2569
67529,336
67530,17979
67543,2029
67544,2875
67545,182
67546,2759
67547,1658
67548,1290
67550,5137
67552,683
67553,85
67554,4122
67556,185
67557,678
67559,64
67560,1394
67561,1569
67563,378
67564,280
67565,469
67566,798
67567,755
67568,301
67570,1452
67572,403
67573,187
67574,154
67575,466
67576,2010
67578,1033
67579,2971
67581,340
67583,799
67584,150
67601,24279
67621,322
67622,586
67623,224
67625,162
67626,238
67627,252
67628,154
67629,57
67631,104
67632,226
67634,220
67635,134
67637,2809
67638,111
67639,185
67640,532
67642,1779
67643,197
67644,212
67645,489
67646,704
67647,241
67648,574
67649,202
67650,249
67651,493
67653,270
67654,4209
67656,251
67657,303
67658,132
67659,70
67660,40
67661,2890
67663,2449
67664,281
67665,4893
67667,228
67669,1815
67671,1369
67672,2111
67673,41
67674,70
67675,127
67701,6166
67730,1828
67731,880
67732,698
67733,97
67734,129
67735,5203
67736,124
67737,462
67738,614
67739,224
67740,1642
67741,533
67743,178
67744,99
67745,348
67747,142
67748,2695
67749,2152
67751,169
67752,1603
67753,422
67756,1707
67757,481
67758,1059
67761,221
67762,248
67764,334
67801,30993
67831,1048
67834,866
67835,2660
67836,77
67837,957
67838,1084
67839,941
67840,89
67841,372
67842,389
67843,127
67844,726
67846,34276
67849,322
67850,560
67851,3271
67853,885
67854,1028
67855,1835
67857,174
67859,648
67860,2646
67861,2002
67862,179
67863,233
67864,1701
67865,903
67867,1566
67868,181
67869,1518
67870,1425
67871,5067
67876,1588
67877,2287
67878,2341
67879,1293
67880,7316
67882,107
67901,20754
67950,1786
67951,4610
67952,494
67953,93
67954,797
68001,61
68002,2432
68003,4953
68004,993
68005,21912
68007,18360
68008,12906
68010,763
68014,313
68015,1232
68016,415
68017,2239
68018,620
68019,441
68020,655
68022,33702
68023,2711
68025,31201
68028,17248
68029,814
68030,641
68031,1720
68033,296
68034,612
68036,480
68037,2471
68038,1267
68039,1153
68040,366
68041,939
68042,115
68044,741
68045,2191
68046,34110
68047,1900
68048,13833
68050,618
68055,333
68056,13
68057,1435
68058,352
68059,3354
68061,2249
68062,364
68063,240
68064,3924
68065,1292
68066,5725
68067,1191
68068,178
68069,3100
68070,963
68071,1779
68072,67
68073,2733
68102,9311
68104,37003
68105,21933
68106,21928
68107,30993
68108,14036
68110,9403
68111,25118
68112,12345
68113,774
68114,17364
68116,34209
68117,8499
68118,9327
68122,12514
68123,34098
68124,15630
68127,20588
68128,18994
68130,21428
68131,13928
68132,14245
68133,13411
68134,30231
68135,30009
68136,21265
68137,24294
68138,11638
68142,4692
68144,25468
68147,12738
68152,6766
68154,23232
68157,5345
68164,28764
68178,2301
68182,759
68183,0
68301,1388
68303,208
68304,412
68305,4338
68307,391
68309,107
68310,14381
68313,866
68314,451
68315,58
68316,502
68317,1963
68318,439
68319,607
68320,340
68321,404
68322,520
68323,282
68324,96
68325,109
68326,313
68327,356
68328,439
68329,589
68330,53
68331,1072
68332,106
68333,9257
68335,466
68336,631
68337,401
68338,198
68339,993
68340,1003
68341,744
68342,525
68343,992
68344,472
68345,253
68346,508
68347,2209
68348,366
68349,1247
68350,221
68351,747
68352,4897
68354,803
68355,4872
68357,325
68358,1660
68359,1512
68360,394
68361,2448
68362,25
68364,250
68365,314
68366,943
68367,335
68368,407
68370,1953
68371,1199
68372,4187
68375,104
68376,1127
68377,346
68378,713
68379,42
68380,44
68381,135
68382,56
68401,1073
68402,1282
68403,209
68404,1048
68405,3511
68406,451
68407,863
68409,656
68410,8946
68413,477
68414,160
68415,564
68416,236
68417,319
68418,1201
68419,223
68420,1230
68421,1019
68422,797
68423,739
68424,747
68428,1370
68429,68
68430,1661
68431,228
68433,220
68434,9032
68436,535
68437,222
68438,140
68439,700
68440,116
68441,178
68442,232
68443,1146
68444,38
68445,172
68446,2871
68447,464
68448,263
68450,3111
68452,88
68453,233
68454,641
68455,844
68456,1392
68457,527
68458,238
68460,665
68461,732
68462,4864
68463,1667
68464,489
68465,2682
68466,1675
68467,9688
68502,25571
68503,15625
68504,17396
68505,18185
68506,27909
68507,16481
68508,17444
68510,19534
68512,13668
68514,265
68516,47389
68517,462
68520,2491
68521,38386
68522,14330
68523,1951
68524,6049
68526,7767
68527,2238
68528,6955
68531,202
68532,728
68588,0
68601,30619
68620,2927
68621,164
68622,382
68623,408
68624,971
68626,511
68627,679
68628,844
68629,1211
68631,344
68632,3877
68633,1005
68634,688
68635,449
68636,1237
68637,228
68638,1810
68640,1045
68641,986
68642,1704
68643,1055
68644,771
68647,695
68648,274
68649,1831
68651,1293
68652,663
68653,620
68654,528
68655,115
68658,628
68659,217
68660,993
68661,7368
68662,1126
68663,734
68664,345
68665,767
68666,1598
68667,136
68669,480
68701,31172
68710,802
68711,77
68713,2453
68714,1139
68715,1892
68716,926
68717,238
68718,1691
68719,164
68720,219
68722,478
68723,633
68724,294
68725,643
68726,669
68727,634
68728,232
68729,1701
68730,2112
68731,3691
68732,141
68733,1196
68734,105
68735,843
68736,581
68739,2766
68740,981
68741,691
68742,195
68743,796
68745,1747
68746,277
68747,185
68748,2698
68749,63
68751,58
68752,609
68753,59
68755,319
68756,1932
68757,779
68758,1307
68759,381
68760,1141
68761,416
68763,4536
68764,748
68765,1158
68766,383
68767,3389
68768,707
68769,1685
68770,1387
68771,1380
68773,283
68774,336
68776,15034
68777,549
68778,635
68779,2416
68780,960
68781,1388
68783,898
68784,1685
68785,254
68786,1009
68787,6816
68788,4531
68789,78
68790,872
68791,1998
68792,359
68801,30305
68803,25620
68810,937
68812,642
68813,517
68814,919
68815,698
68816,149
68817,357
68818,5596
68820,266
68821,85
68822,4573
68823,2087
68824,1585
68825,983
68826,3976
68827,737
68828,232
68831,768
68832,2077
68833,153
68834,197
68835,489
68836,1829
68837,70
68838,238
68840,2626
68841,777
68842,523
68843,875
68844,243
68845,21012
68846,315
68847,17911
68849,1347
68850,12394
68852,588
68853,1309
68854,679
68855,393
68856,690
68858,362
68859,435
68860,298
68861,116
68862,2940
68863,1222
68864,1065
68865,1050
68866,1114
68869,2158
68870,516
68871,297
68872,1005
68873,3710
68874,738
68875,627
68876,1887
68878,542
68879,366
68881,23
68882,391
68883,2486
68901,26208
68920,1475
68922,1222
68923,117
68924,1403
68925,370
68926,668
68927,1129
68928,331
68929,140
68930,1238
68932,361
68933,860
68934,126
68935,772
68936,235
68937,1769
68938,455
68939,1094
68940,476
68941,829
68942,559
68943,215
68944,1230
68945,162
68946,34
68947,681
68948,353
68949,6695
68950,269
68952,76
68954,43
68955,2282
68956,1108
68957,495
68958,589
68959,3966
68960,190
68961,615
68964,125
68966,459
68967,962
68970,1243
68971,346
68972,221
68973,438
68974,280
68975,86
68976,233
68977,273
68978,2382
68979,1645
68980,452
68981,172
68982,617
69001,9059
69020,764
69021,1360
69022,1548
69023,327
69024,1088
69025,1011
69026,123
69027,20
69028,757
69029,293
69030,243
69032,455
69033,2633
69034,893
69036,48
69037,43
69038,399
69039,91
69040,574
69041,108
69042,12
69043,499
69044,602
69045,788
69046,180
69101,27572
69120,1145
69121,381
69122,669
69123,888
69125,315
69127,751
69128,412
69129,1241
69130,5056
69131,805
69132,98
69133,354
69134,338
69135,38
69138,4304
69140,1755
69141,399
69142,122
69143,1675
69144,127
69145,2583
69146,241
69147,553
69148,57
69149,715
69150,379
69151,884
69152,707
69153,5968
69154,1077
69155,1077
69156,622
69157,91
69161,52
69162,7169
69163,914
69165,1894
69166,620
69167,372
69168,255
69169,465
69170,289
69171,0
69201,4034
69210,2076
69211,305
69212,347
69214,175
69216,226
69217,523
69218,368
69219,58
69220,71
69221,68
69301,9525
69331,8
69333,267
69334,2360
69335,30
69336,1949
69337,6445
69339,1509
69340,126
69341,10721
69343,2475
69345,448
69346,475
69347,1410
69348,1355
69350,350
69351,183
69352,672
69353,57
69354,141
69355,149
69356,2301
69357,3563
69358,1976
69360,1099
69361,16965
69365,20
69366,359
69367,122
70001,39193
70002,19240
70003,39714
70005,23257
70006,16013
70030,4028
70031,1473
70032,4436
70036,688
70037,16792
70038,29
70039,2248
70040,978
70041,2092
70043,22461
70047,13354
70049,1521
70050,0
70051,1913
70052,2931
70053,16409
70056,42471
70057,4475
70058,39690
70062,17765
70065,48979
70067,2687
70068,33041
70070,13873
70071,3123
70072,55641
70075,5349
70076,132
70079,2822
70080,744
70082,552
70083,2456
70084,5273
70085,4952
70086,1516
70087,6939
70090,7471
70091,361
70092,6784
70094,32031
70112,3646
70113,9888
70114,22132
70115,31737
70116,10377
70117,26250
70118,36061
70119,36167
70121,10853
70122,35318
70123,27209
70124,20840
70125,18422
70126,28690
70127,24769
70128,22973
70129,10219
70130,12883
70131,25460
70139,0
70148,203
70163,0
70301,48820
70310,383
70339,4510
70340,123
70341,3857
70342,4732
70343,5271
70344,5151
70345,8678
70346,9831
70352,435
70353,522
70354,3547
70355,1040
70356,1473
70357,2401
70358,644
70359,9472
70360,28810
70363,24668
70364,28990
70372,1846
70373,5700
70374,6506
70375,158
70377,3386
70380,21043
70390,7397
70391,73
70392,8158
70393,154
70394,13683
70395,4266
70397,867
70401,21901
70402,1859
70403,30835
70420,7965
70422,13670
70426,5880
70427,17564
70431,5150
70433,41770
70435,21525
70436,405
70437,7696
70438,19935
70441,6074
70442,189
70443,8359
70444,9307
70445,9421
70446,6871
70447,17473
70448,25851
70449,3005
70450,2785
70451,73
70452,13290
70453,1053
70454,33220
70455,2456
70456,2587
70457,131
70458,39385
70460,21880
70461,33572
70462,5428
70463,74
70464,210
70465,495
70466,9815
70471,23745
70501,26956
70503,28883
70506,41550
70507,19215
70508,39364
70510,23909
70512,10703
70513,12
70514,1757
70515,4182
70516,1225
70517,26570
70518,16667
70519,87
70520,20134
70522,429
70523,444
70524,262
70525,15333
70526,16740
70528,2692
70529,13557
70531,1369
70532,2653
70533,6793
70534,630
70535,17813
70537,366
70538,12561
70541,885
70542,3499
70543,4233
70544,10407
70546,15821
70548,9077
70549,3580
70550,38
70551,1030
70552,1112
70554,5028
70555,8657
70556,570
70558,24
70559,2853
70560,37589
70563,19947
70570,37188
70575,59
70576,1214
70577,3808
70578,16279
70580,224
70581,1317
70582,19159
70583,8670
70584,6865
70585,263
70586,18939
70589,3138
70591,5635
70592,31608
70601,31843
70605,40715
70607,28285
70609,412
70611,20681
70615,13521
70629,0
70630,2027
70631,326
70632,92
70633,8178
70634,25038
70637,1185
70638,615
70639,603
70640,212
70643,177
70644,279
70645,830
70646,304
70647,12056
70648,6994
70650,175
70651,364
70652,2559
70653,3297
70654,164
70655,2892
70656,3488
70657,4807
70658,896
70659,1543
70660,1883
70661,1712
70662,551
70663,29511
70665,12891
70668,6347
70669,9183
70706,22621
70710,7052
70711,5621
70712,4256
70714,17449
70715,895
70719,4317
70721,368
70722,4596
70723,1115
70725,995
70726,61965
70729,1201
70730,3520
70732,1098
70733,1497
70734,9880
70736,308
70737,47971
70739,13714
70740,883
70743,756
70744,5857
70747,743
70748,7016
70749,1768
70750,1108
70752,582
70753,582
70754,12153
70755,1500
70756,1066
70757,2204
70759,996
70760,6119
70761,551
70762,1028
70763,4539
70764,15046
70767,15116
70769,48074
70770,3279
70772,1083
70773,14
70774,10093
70775,10709
70776,6304
70777,4487
70778,2879
70780,1017
70782,115
70783,2797
70785,22863
70786,0
70787,239
70788,3967
70789,768
70791,30097
70801,243
70802,23964
70803,3448
70805,24145
70806,28551
70807,15574
70808,36513
70809,25649
70810,42585
70811,13178
70812,11124
70813,1829
70814,11424
70815,31924
70816,45207
70817,33237
70818,10403
70819,4781
70820,22397
70825,0
70836,546
71001,4209
71002,141
71003,753
71004,408
71006,15341
71007,1403
71008,359
71009,95
71016,1761
71018,1350
71019,7366
71021,512
71023,3020
71024,1143
71027,986
71028,1585
71029,149
71030,1848
71031,736
71032,2298
71033,3366
71034,272
71037,21834
71038,3797
71039,2165
71040,7705
71043,425
71044,748
71045,510
71046,791
71047,10874
71048,114
71049,3366
71051,2683
71052,8827
71055,17406
71060,2496
71061,1834
71063,698
71064,3993
71065,988
71066,9
71067,3245
71068,3325
71069,492
71070,1382
71071,2184
71072,1376
71073,2686
71075,5417
71078,7713
71079,236
71082,3774
71101,6174
71103,6142
71104,12579
71105,20351
71106,33651
71107,31807
71108,19012
71109,17292
71110,2828
71111,43302
71112,32975
71115,15034
71118,24994
71119,10364
71129,12395
71201,21084
71202,26791
71203,38770
71209,1366
71212,0
71218,0
71219,1141
71220,20426
71222,2621
71223,377
71225,7450
71226,1806
71227,4099
71229,1462
71230,0
71232,6003
71233,201
71234,5237
71235,3979
71237,1268
71238,2399
71241,7773
71242,89
71243,193
71245,4176
71247,1225
71250,40
71251,7724
71253,362
71254,6500
71256,699
71259,1713
71260,3232
71261,1429
71263,6241
71264,1167
71266,1783
71268,2262
71269,12475
71270,32747
71272,2035
71275,2565
71276,223
71277,1792
71279,68
71280,4999
71282,8998
71286,436
71291,35345
71292,21866
71295,14008
71301,17266
71302,14128
71303,24532
71316,42
71320,108
71322,5257
71323,1103
71325,1132
71326,751
71327,6100
71328,8081
71330,49
71331,765
71333,412
71334,9382
71336,1404
71339,0
71340,1970
71341,2901
71342,7389
71343,6571
71345,35
71346,2700
71350,4556
71351,11494
71353,1609
71354,1382
71355,2192
71356,585
71357,1448
71358,1006
71359,293
71360,35649
71362,2315
71366,1454
71367,2007
71368,1313
71369,2255
71371,1963
71373,5754
71375,1090
71378,2187
71401,44
71403,3792
71404,742
71405,5384
71406,87
71407,1293
71409,5672
71410,83
71411,2467
71414,203
71415,310
71416,680
71417,4681
71418,5351
71419,1865
71422,1751
71423,5058
71424,1401
71425,10
71426,123
71427,232
71428,0
71429,3101
71430,2527
71432,824
71433,3984
71434,91
71435,3533
71438,877
71439,1715
71441,812
71446,22047
71447,1092
71449,8818
71450,828
71452,78
71454,2922
71455,214
71456,796
71457,25485
71459,10090
71461,2253
71462,1562
71463,9007
71465,3446
71466,323
71467,8087
71468,451
71469,2914
71472,3
71473,478
71474,373
71475,0
71479,743
71480,1186
71483,9360
71485,2929
71486,5042
71497,1729
71601,13981
71602,15922
71603,29274
71630,487
71631,508
71635,10368
71638,3313
71639,5385
71640,2190
71642,834
71643,5241
71644,450
71646,6683
71647,1430
71651,46
71652,1014
71653,4765
71654,4290
71655,13892
71658,398
71659,20
71660,913
71661,121
71662,81
71663,507
71665,4889
71666,15
71667,6927
71670,1031
71671,8788
71674,545
71675,1846
71676,523
71677,138
71678,29
71701,17883
71720,2306
71721,0
71722,64
71724,258
71725,253
71726,1011
71728,43
71730,29187
71740,1595
71742,4424
71743,3252
71744,2961
71745,82
71747,657
71748,89
71749,2994
71751,540
71752,638
71753,16089
71758,85
71759,350
71762,3019
71763,1543
71764,1405
71765,2206
71766,534
71770,3379
71772,21
71801,14907
71820,57
71822,7830
71823,101
71825,392
71826,870
71827,819
71831,116
71832,10178
71833,1830
71834,1708
71835,1127
71836,3327
71837,4850
71838,1244
71839,543
71841,655
71842,2018
71845,1722
71846,2900
71847,341
71851,1822
71852,10088
71853,225
71854,35487
71855,203
71857,5569
71858,1686
71859,179
71860,1966
71861,2330
71862,699
71864,81
71865,197
71866,323
71901,29719
71909,18427
71913,46853
71921,3591
71922,167
71923,14374
71929,4673
71933,1162
71935,711
71937,2012
71940,1219
71941,2240
71942,137
71943,3708
71944,924
71945,1455
71949,1075
71950,860
71952,45
71953,13412
71956,1274
71957,2868
71958,2324
71959,828
71960,1202
71961,1203
71962,825
71964,4891
71965,268
71968,4578
71969,228
71970,665
71971,558
71972,435
71973,1259
71998,731
71999,561
72001,599
72002,21386
72003,859
72004,691
72005,58
72006,2111
72007,9945
72010,5283
72011,4635
72012,13663
72013,1681
72014,47
72015,27902
72016,3067
72017,269
72019,30030
72020,3126
72021,3583
72022,18350
72023,36813
72024,4142
72025,732
72026,200
72027,1181
72028,24
72029,1650
72030,560
72031,7108
72032,35120
72034,49420
72035,2086
72036,538
72038,79
72039,1977
72040,2432
72041,1228
72042,4956
72044,1286
72045,935
72046,4128
72047,815
72048,57
72051,604
72052,132
72053,0
72055,567
72057,1245
72058,18250
72059,17
72060,593
72061,295
72063,1613
72064,2883
72065,5796
72066,245
72067,2881
72068,759
72069,941
72070,1854
72072,295
72073,862
72074,139
72075,12
72076,38647
72079,302
72080,516
72081,7505
72082,2006
72083,300
72084,1132
72085,199
72086,12250
72087,1588
72088,2264
72099,664
72101,3192
72102,2508
72103,14160
72104,23222
72106,5719
72107,136
72108,0
72110,11016
72111,1270
72112,11092
72113,25648
72114,10451
72116,21090
72117,14339
72118,23540
72119,0
72120,33393
72121,2975
72122,1226
72123,273
72125,949
72126,3310
72127,2718
72128,749
72129,1489
72130,308
72131,4099
72132,3377
72133,0
72134,543
72135,3442
72136,2519
72137,2151
72139,265
72140,325
72141,543
72142,2101
72143,35523
72150,12476
72152,351
72153,3982
72156,793
72157,1339
72160,8895
72165,40
72166,219
72167,1567
72168,1789
72169,84
72170,176
72173,10122
72175,425
72176,8895
72178,50
72179,471
72180,89
72181,36
72182,41
72183,838
72199,16
72201,721
72202,9648
72204,31219
72205,22275
72206,22640
72207,10735
72209,33200
72210,14544
72211,22836
72212,13400
72223,25706
72227,11800
72301,24182
72311,53
72313,0
72315,20100
72320,1499
72322,89
72324,1951
72325,5
72326,2030
72327,1268
72328,47
72329,0
72330,490
72331,2102
72332,130
72333,264
72335,16514
72338,8
72339,143
72340,43
72341,162
72342,3971
72346,399
72347,877
72348,2198
72350,1091
72351,796
72352,8
72353,54
72354,2431
72355,1935
72358,1363
72359,201
72360,5173
72364,16434
72365,2542
72366,1637
72367,0
72368,1175
72369,0
72370,7282
72372,1696
72373,856
72374,614
72376,1594
72377,33
72379,32
72383,49
72384,668
72386,1385
72387,0
72389,429
72390,7080
72391,45
72392,496
72394,396
72395,1273
72396,12854
72401,42065
72404,29722
72405,18238
72410,429
72411,3072
72412,449
72413,556
72414,289
72415,1136
72416,5458
72417,5655
72419,1452
72421,688
72422,4302
72424,87
72425,416
72426,161
72427,50
72428,85
72429,220
72430,607
72431,363
72432,6537
72433,2648
72434,2206
72435,219
72436,844
72437,3386
72438,2118
72440,166
72441,41
72442,4641
72443,2573
72444,1670
72445,61
72447,1987
72449,163
72450,40464
72453,191
72454,4699
72455,13572
72456,610
72457,170
72458,619
72459,1351
72460,794
72461,3684
72462,356
72464,13
72466,1610
72467,975
72469,1002
72470,316
72471,1339
72472,8868
72473,1907
72476,7565
72478,184
72479,1017
72482,1481
72501,25988
72512,2458
72513,2858
72515,0
72517,65
72519,2897
72520,332
72521,5176
72522,195
72523,793
72524,335
72526,108
72527,674
72528,264
72529,5090
72530,1863
72531,719
72532,1039
72533,337
72534,1767
72536,476
72537,564
72538,738
72539,160
72540,62
72542,3829
72543,12642
72544,965
72546,9
72550,797
72553,83
72554,2749
72555,240
72556,3846
72560,7650
72561,844
72562,2626
72564,525
72565,1253
72566,501
72567,278
72568,1741
72569,673
72571,365
72572,337
72573,460
72576,3748
72577,787
72578,126
72579,1351
72581,821
72583,1688
72584,424
72585,243
72587,11
72601,30180
72611,1783
72615,33
72616,11046
72617,449
72619,1671
72623,556
72624,351
72626,1360
72628,811
72629,353
72630,123
72631,4084
72632,4550
72633,1976
72634,4755
72635,3637
72636,2
72638,7068
72639,659
72640,488
72641,2063
72642,1724
72644,2640
72645,1329
72648,502
72650,4462
72651,1422
72653,28906
72655,353
72658,1853
72660,612
72661,757
72662,2935
72663,463
72666,133
72668,627
72669,195
72670,181
72672,289
72675,1286
72677,845
72679,115
72680,959
72682,276
72683,365
72685,1349
72686,128
72687,6724
72701,48964
72703,35964
72704,29475
72712,38072
72713,26293
72714,14108
72715,16920
72717,1042
72718,5528
72719,18896
72721,888
72722,2920
72727,6459
72729,121
72730,11068
72732,5493
72734,8385
72736,7519
72738,2181
72739,494
72740,10226
72742,481
72744,5314
72745,14521
72747,19
72749,389
72751,9324
72752,199
72753,10425
72756,41278
72758,47781
72760,207
72761,23703
72762,47402
72764,57468
72768,1320
72769,910
72773,1463
72774,7298
72776,538
72801,18823
72802,23104
72821,2022
72823,5980
72824,2085
72826,7
72827,86
72828,78
72829,0
72830,15962
72832,677
72833,3432
72834,9908
72835,829
72837,8498
72838,235
72839,449
72840,2399
72841,216
72842,1000
72843,2258
72845,882
72846,3874
72847,3256
72851,687
72852,145
72853,2460
72854,582
72855,6462
72856,498
72857,1138
72858,2917
72860,259
72863,1678
72865,1101
72901,19966
72903,26318
72904,22627
72905,0
72908,14003
72916,11087
72921,12827
72923,4971
72926,838
72927,8314
72928,660
72930,216
72932,1804
72933,5207
72934,893
72935,487
72936,14182
72937,3546
72938,1177
72940,1936
72941,4775
72943,2511
72944,2669
72945,541
72946,4085
72947,3874
72948,372
72949,9474
72950,492
72951,561
72952,2021
72955,1296
72956,34102
72958,6566
72959,2957
73001,67
73002,1123
73003,22573
73004,812
73005,7760
73006,2463
73007,2945
73008,21469
73009,761
73010,21127
73011,562
73012,44385
73013,58368
73014,1303
73015,2365
73016,2572
73017,1318
73018,20393
73019,0
73020,25351
73021,280
73022,0
73024,672
73025,16401
73026,11131
73027,1324
73028,3484
73029,1449
73030,4359
73031,47
73032,219
73033,529
73034,47868
73036,20777
73038,1442
73040,1334
73041,296
73042,1071
73043,176
73044,25268
73045,11542
73047,6402
73048,2260
73049,7123
73050,1455
73051,10079
73052,6289
73053,597
73054,4562
73055,9639
73056,511
73057,2210
73058,249
73059,2809
73061,1693
73062,1077
73063,857
73064,27620
73065,11136
73066,279
73067,1778
73068,12003
73069,28314
73070,126
73071,43105
73072,50500
73073,616
73074,1147
73075,9478
73077,6235
73078,12807
73079,615
73080,10289
73082,2836
73084,6296
73086,8504
73089,13977
73090,820
73092,688
73093,3817
73095,2003
73096,14282
73097,179
73098,3382
73099,86749
73102,3590
73103,5354
73104,3746
73105,5810
73106,13019
73107,25995
73108,15239
73109,20904
73110,32693
73111,11216
73112,30422
73114,18235
73115,20407
73116,10016
73117,5873
73118,14118
73119,30307
73120,34651
73121,2935
73122,12689
73127,26830
73128,7011
73129,19730
73130,21093
73131,3427
73132,27768
73134,6874
73135,22206
73139,18084
73141,2771
73142,16364
73145,3685
73149,6043
73150,5701
73151,2145
73159,32172
73160,62205
73162,28610
73165,8226
73169,3432
73170,41746
73173,4529
73179,7502
73401,36228
73425,119
73430,1501
73432,940
73433,2647
73434,547
73435,31
73436,155
73437,25
73438,3055
73439,7011
73440,260
73441,113
73442,276
73443,3343
73444,135
73446,8414
73447,1104
73448,5767
73449,3063
73450,1397
73453,579
73455,598
73456,1659
73458,881
73459,1584
73460,4355
73461,662
73463,3902
73481,924
73487,178
73488,21
73491,763
73501,20215
73503,11433
73505,47822
73507,21500
73520,102
73521,20352
73523,222
73526,1939
73527,4907
73528,605
73529,4757
73530,309
73531,372
73532,421
73533,27935
73537,503
73538,6923
73539,157
73540,307
73541,3624
73542,4167
73543,1884
73544,172
73546,1159
73547,1775
73548,421
73549,331
73550,2139
73551,10
73552,1367
73553,12
73554,3361
73555,235
73556,121
73557,222
73559,404
73560,738
73562,605
73564,369
73565,886
73566,1502
73567,766
73568,931
73569,406
73570,940
73571,112
73572,3194
73573,2356
73601,9489
73620,1531
73622,317
73624,1968
73625,364
73626,1071
73627,495
73628,1625
73632,3041
73638,159
73639,734
73641,487
73642,130
73644,13687
73645,1090
73646,226
73647,691
73650,983
73651,4070
73654,749
73655,898
73658,248
73659,223
73660,351
73661,769
73662,7031
73663,1162
73664,1115
73666,345
73667,483
73668,14
73669,1596
73673,357
73701,25313
73703,29722
73705,344
73716,564
73717,6800
73718,449
73719,98
73720,218
73722,504
73724,746
73726,445
73727,101
73728,1708
73729,657
73730,619
73731,103
73733,205
73734,719
73735,727
73736,652
73737,3618
73738,931
73739,407
73741,1595
73742,3808
73743,77
73744,184
73746,12
73747,243
73749,447
73750,7078
73753,402
73754,1109
73755,737
73756,344
73757,113
73758,260
73759,1352
73760,352
73761,302
73762,2179
73763,1746
73764,202
73766,1097
73768,1400
73770,15
73771,355
73772,3440
73773,1537
73801,14912
73832,1012
73834,1587
73835,289
73838,634
73840,464
73841,1055
73842,381
73843,896
73844,302
73848,1609
73851,99
73852,2509
73853,405
73855,204
73857,1031
73858,1425
73859,1574
73860,1259
73901,166
73931,536
73932,1930
73933,1469
73937,265
73938,710
73939,1621
73942,13659
73944,459
73945,2258
73946,24
73947,420
73949,1472
73950,1342
73951,1240
73960,4
74001,281
74002,1884
74003,14128
74006,27550
74008,32433
74010,10328
74011,33191
74012,63899
74014,43072
74015,8653
74016,5787
74017,28901
74019,20633
74020,7365
74021,23504
74022,1710
74023,12097
74026,888
74027,848
74028,1574
74029,5270
74030,2978
74032,1675
74033,13371
74034,111
74035,4031
74036,7456
74037,24244
74038,2204
74039,3961
74041,2867
74042,376
74044,8255
74045,273
74046,71
74047,7451
74048,5592
74050,420
74051,1923
74052,992
74053,5541
74054,853
74055,49895
74056,4874
74058,3558
74059,5854
74060,368
74061,2379
74062,770
74063,31007
74066,31953
74068,39
74070,15169
74071,125
74072,1657
74073,5610
74074,31934
74075,26693
74077,1608
74078,441
74079,4592
74080,2810
74081,2008
74082,357
74083,773
74084,389
74085,2391
74103,2419
74104,12434
74105,27249
74106,15974
74107,19086
74108,7530
74110,15185
74112,21416
74114,16756
74115,23657
74116,3503
74117,21
74119,3541
74120,5065
74126,10144
74127,15990
74128,13586
74129,18764
74130,2217
74131,2317
74132,10629
74133,48686
74134,22856
74135,19737
74136,31682
74137,28398
74145,17955
74146,16133
74171,2204
74301,11126
74330,2471
74331,7110
74332,1808
74333,1140
74337,4874
74338,5306
74339,2293
74340,180
74342,2092
74343,3245
74344,14386
74346,8244
74347,2513
74349,833
74350,689
74352,5825
74354,16972
74358,227
74359,298
74360,9
74361,17582
74363,2646
74364,1716
74365,4473
74366,1319
74367,578
74368,88
74369,1729
74370,3678
74401,16015
74403,29199
74421,4393
74422,953
74423,824
74425,1067
74426,9482
74427,1332
74428,730
74429,16351
74430,587
74431,869
74432,9793
74434,9691
74435,3004
74436,4831
74437,9058
74438,415
74441,5700
74442,721
74445,3027
74446,496
74447,15500
74450,1720
74451,3816
74452,306
74454,3013
74455,2717
74456,104
74457,241
74458,112
74459,49
74460,381
74462,7096
74463,2032
74464,30990
74467,14166
74468,248
74469,2138
74470,1362
74471,1499
74472,638
74477,8
74501,28687
74521,59
74522,169
74523,5632
74525,10420
74528,157
74530,186
74531,900
74533,902
74534,141
74535,94
74536,1411
74538,3933
74540,136
74543,414
74546,600
74547,3014
74549,110
74552,918
74553,1374
74554,1822
74555,537
74556,283
74557,624
74558,388
74560,396
74561,1860
74562,716
74563,1887
74565,399
74567,80
74569,610
74570,1212
74571,3291
74572,806
74574,1084
74576,195
74577,252
74578,5721
74601,19011
74604,12369
74630,822
74631,6795
74632,469
74633,618
74636,263
74637,1501
74640,240
74641,599
74643,508
74644,567
74646,263
74647,3405
74650,568
74651,780
74652,807
74653,3689
74701,26548
74720,417
74721,0
74722,143
74723,1311
74724,111
74726,1792
74727,2040
74728,11177
74729,2705
74730,5790
74731,1640
74733,3212
74734,879
74735,2075
74736,898
74737,22
74738,385
74740,1953
74741,898
74743,8046
74745,9756
74747,381
74748,693
74750,167
74753,0
74754,534
74755,177
74756,752
74759,1126
74760,94
74761,37
74764,3368
74766,1087
74801,21804
74804,22405
74820,31679
74824,1448
74825,1763
74826,1213
74827,284
74829,1652
74830,204
74831,713
74832,864
74833,539
74834,7551
74836,163
74837,116
74839,675
74840,1993
74842,196
74843,299
74844,276
74845,365
74848,7965
74849,2775
74850,262
74851,11161
74852,1581
74854,1833
74855,4292
74856,794
74857,9902
74859,5824
74860,1674
74864,4803
74865,2019
74866,62
74867,550
74868,12451
74869,538
74871,2174
74872,3102
74873,11033
74875,997
74878,1677
74880,1920
74881,5273
74883,2339
74884,5558
74901,2001
74902,4359
74930,1697
74931,1134
74932,2550
74935,179
74936,1338
74937,5185
74939,1234
74940,2494
74941,2452
74942,152
74943,99
74944,1152
74945,161
74946,35
74947,106
74948,11946
74949,239
74951,1559
74953,12284
74954,5066
74955,14299
74956,1959
74957,905
74959,6156
74960,11964
74962,4323
74963,632
74964,2110
74965,4964
74966,3540
75001,16808
75002,73295
75006,47648
75007,55050
75009,30257
75010,31687
75013,48557
75019,44707
75020,24185
75021,9307
75022,26691
75023,48878
75024,45051
75025,53352
75028,48636
75032,37895
75033,50292
75034,51059
75035,86135
75036,32726
75038,33097
75039,22450
75040,64205
75041,31981
75042,38040
75043,63733
75044,46847
75048,29600
75050,44402
75051,40263
75052,95485
75054,17517
75056,67978
75057,16836
75058,3614
75060,47170
75061,55839
75062,52756
75063,45486
75065,13046
75067,68451
75068,70562
75069,39332
75070,59859
75071,69396
75072,55997
75074,53146
75075,38041
75076,7907
75077,40883
75078,46857
75080,52746
75081,36065
75082,29458
75087,41786
75088,27128
75089,35400
75090,26273
75092,27372
75093,46491
75094,23669
75098,67513
75101,786
75102,1722
75103,16222
75104,49425
75105,132
75109,5115
75110,31003
75114,7664
75115,55997
75116,19780
75117,5005
75119,30809
75124,5799
75125,7154
75126,77116
75127,1753
75132,0
75134,18305
75135,10265
75137,19998
75140,8596
75141,4686
75142,23301
75143,14676
75144,3798
75146,25804
75147,8403
75148,5944
75149,58849
75150,63023
75152,5563
75153,530
75154,50178
75155,3034
75156,15742
75157,161
75158,6168
75159,22993
75160,26145
75161,6910
75163,2569
75164,669
75165,51203
75166,6679
75167,13231
75169,15744
75172,5873
75173,9284
75180,27006
75181,28018
75182,8069
75189,44348
75201,18078
75202,2744
75203,15710
75204,33552
75205,25537
75206,38795
75207,7850
75208,29310
75209,14359
75210,7458
75211,72389
75212,28010
75214,35006
75215,18840
75216,54556
75217,84578
75218,22028
75219,25001
75220,39809
75223,11875
75224,35452
75225,22383
75226,5010
75227,57087
75228,69288
75229,33924
75230,26695
75231,37695
75232,32967
75233,15775
75234,32998
75235,19067
75236,19522
75237,18744
75238,33439
75240,24718
75241,33598
75243,63907
75244,13105
75246,2487
75247,833
75248,37644
75249,17043
75251,3529
75252,28500
75253,23822
75254,24737
75261,0
75270,0
75287,52727
75390,0
75401,21904
75402,19848
75407,28931
75409,24381
75410,3920
75411,898
75412,459
75413,138
75414,3417
75415,323
75416,2987
75417,2204
75418,14685
75420,1390
75421,984
75422,2913
75423,3088
75424,3908
75426,4199
75428,11587
75429,0
75431,1924
75432,3299
75433,3133
75434,0
75435,1056
75436,2387
75437,1124
75438,1279
75439,1016
75440,7480
75441,87
75442,10567
75446,3653
75447,1041
75448,683
75449,1000
75450,409
75451,1496
75452,4949
75453,2832
75454,20137
75455,26863
75457,6115
75459,6620
75460,23717
75462,11651
75468,1133
75469,438
75470,158
75471,1483
75472,4290
75473,3645
75474,16813
75475,183
75476,1203
75477,868
75478,855
75479,2090
75480,1787
75481,417
75482,26086
75486,2821
75487,1110
75488,1080
75489,716
75490,3024
75491,5428
75492,348
75493,777
75494,11685
75495,10451
75496,3066
75497,3794
75501,34656
75503,27207
75550,506
75551,10768
75554,2282
75555,1508
75556,1110
75558,2160
75559,5276
75560,1007
75561,4954
75562,15
75563,3967
75564,24
75565,250
75566,953
75567,3762
75568,2271
75569,3601
75570,11047
75571,2345
75572,2942
75573,246
75574,1286
75601,15653
75602,20394
75603,6458
75604,31714
75605,34584
75630,2693
75631,2644
75633,12999
75638,5363
75639,2698
75640,6338
75641,77
75642,50
75643,2072
75644,12785
75645,10511
75647,13457
75650,10233
75651,2231
75652,14782
75654,12184
75656,4657
75657,6842
75658,24
75659,47
75661,2692
75662,24570
75667,1310
75668,2409
75669,1044
75670,18549
75671,0
75672,16636
75680,0
75681,2475
75682,713
75683,3713
75684,7655
75686,13427
75687,0
75689,71
75691,4673
75692,5255
75693,5915
75694,0
75701,35804
75702,28095
75703,44912
75704,9280
75705,1471
75706,10975
75707,16355
75708,10001
75709,5237
75711,159
75750,3246
75751,18377
75752,7391
75754,7297
75755,4863
75756,4569
75757,13977
75758,10357
75759,197
75760,2114
75762,14897
75763,6319
75764,170
75765,8195
75766,25988
75770,2736
75771,21146
75773,14311
75778,2987
75779,51
75780,391
75782,98
75783,8011
75784,539
75785,10769
75788,52
75789,8332
75790,3790
75791,15320
75792,3934
75801,16891
75803,21390
75831,4769
75833,3143
75835,11805
75838,283
75839,6577
75840,6993
75844,5004
75845,2287
75846,2561
75847,1441
75848,88
75849,76
75850,1407
75851,4292
75852,3166
75853,1008
75855,2779
75856,172
75858,84
75859,2468
75860,6451
75861,1225
75862,10030
75865,0
75884,3126
75886,2722
75901,28602
75903,107
75904,33578
75925,3079
75926,1373
75928,936
75929,1440
75930,2381
75931,2209
75932,1339
75933,1506
75934,108
75935,12651
75936,677
75937,1179
75938,2456
75939,4974
75941,8712
75942,0
75943,1044
75944,894
75946,3536
75948,5218
75949,9041
75951,15267
75954,2976
75956,7085
75959,842
75960,1041
75961,14875
75962,3205
75964,21019
75965,18350
75966,4773
75968,1966
75969,4606
75972,5896
75973,2564
75974,2744
75975,3873
75976,1201
75977,529
75979,11465
75980,2309
76001,38177
76002,32990
76005,6165
76006,23594
76008,24699
76009,21130
76010,55610
76011,22297
76012,28043
76013,35910
76014,32987
76015,18540
76016,31191
76017,47020
76018,26887
76020,32866
76021,35437
76022,13790
76023,7192
76028,78699
76031,18697
76033,28246
76034,25995
76035,3247
76036,34145
76039,40664
76040,31172
76041,661
76043,7286
76044,8759
76048,26301
76049,30911
76050,7178
76051,50514
76052,31569
76053,31377
76054,11840
76055,3719
76058,21531
76059,5333
76060,8808
76061,0
76063,81758
76064,2803
76065,44614
76066,5615
76067,20906
76070,956
76071,4723
76073,7267
76077,809
76078,10200
76082,24338
76084,13645
76085,11083
76086,22900
76087,33353
76088,15748
76092,31344
76093,4193
76102,11783
76103,16769
76104,20694
76105,22550
76106,36374
76107,31112
76108,44762
76109,26000
76110,32089
76111,20823
76112,44379
76114,26665
76115,21044
76116,49685
76117,32086
76118,17486
76119,53062
76120,20031
76123,42777
76126,25920
76127,1839
76129,1722
76131,53194
76132,26432
76133,53825
76134,29207
76135,18903
76137,59384
76140,31693
76148,23608
76155,6301
76164,13134
76177,24141
76179,76468
76180,37900
76182,30771
76201,29832
76203,1060
76205,19651
76207,18252
76208,27186
76209,27859
76210,46790
76225,3311
76226,40516
76227,55437
76228,1320
76230,9885
76233,3604
76234,20912
76238,504
76239,1201
76240,29271
76241,0
76244,75149
76245,1778
76247,18360
76248,40389
76249,10069
76250,973
76251,704
76252,2836
76253,236
76255,5725
76258,8042
76259,5628
76261,203
76262,43589
76263,30
76264,1020
76265,1634
76266,18246
76267,76
76268,248
76270,2252
76271,1864
76272,4947
76273,11019
76301,15727
76302,11949
76305,4929
76306,14487
76308,21267
76309,13344
76310,19362
76311,6381
76351,1481
76354,11822
76357,452
76360,2692
76363,137
76364,222
76365,4668
76366,2096
76367,14013
76370,464
76371,1801
76372,1024
76373,159
76374,3915
76377,470
76379,623
76380,3484
76384,12239
76388,215
76389,1475
76401,30873
76402,769
76424,8626
76426,11065
76427,1125
76429,157
76430,2383
76431,4480
76432,1376
76433,2018
76435,732
76436,87
76437,5895
76439,0
76442,7082
76443,1812
76444,4235
76445,363
76446,8144
76448,4920
76449,2157
76450,12890
76452,138
76453,1474
76454,1396
76455,675
76457,4449
76458,6103
76459,87
76460,453
76462,4920
76463,489
76464,463
76466,620
76469,41
76470,3161
76471,1530
76472,1343
76474,421
76475,1037
76476,3638
76481,206
76483,675
76484,1000
76486,1375
76487,3799
76490,40
76491,861
76501,17223
76502,51175
76504,24856
76511,2473
76513,44855
76518,1290
76519,672
76520,8098
76522,41895
76523,402
76524,3855
76525,1210
76527,4686
76528,18490
76530,2704
76531,4673
76534,2812
76537,12526
76538,996
76539,8642
76541,18571
76542,53631
76543,33713
76544,26896
76548,33071
76549,56083
76550,13699
76554,2199
76556,1928
76557,5341
76559,6896
76561,1070
76565,0
76566,387
76567,8457
76569,2946
76570,2506
76571,9454
76573,22
76574,19746
76577,3297
76578,1561
76579,5729
76596,1066
76597,3333
76598,452
76599,1906
76621,1033
76622,1497
76623,102
76624,2679
76626,1219
76627,1399
76628,101
76629,1812
76630,1688
76631,471
76632,1464
76633,6037
76634,7483
76635,1382
76636,1678
76637,463
76638,3395
76639,2005
76640,2958
76641,2094
76642,6226
76643,16244
76645,11321
76648,2922
76649,919
76650,86
76651,4071
76652,954
76653,1133
76654,168
76655,9572
76656,2478
76657,12770
76660,480
76661,7266
76664,3425
76665,2643
76666,245
76667,10494
76670,1921
76671,1976
76673,1178
76676,353
76678,119
76679,1158
76680,194
76681,760
76682,3559
76685,52
76686,275
76687,1875
76689,4421
76690,1280
76691,6288
76692,9662
76693,1966
76701,1732
76704,7387
76705,31750
76706,40668
76707,16602
76708,27679
76710,23270
76711,9631
76712,28719
76798,2903
76801,25152
76802,5317
76820,128
76821,4572
76823,2911
76824,0
76825,6595
76827,615
76828,196
76831,0
76832,517
76834,4861
76836,3
76837,1946
76841,201
76842,188
76844,3202
76845,172
76848,53
76849,3488
76852,276
76853,1653
76854,483
76856,3525
76857,2118
76858,251
76859,1666
76861,2145
76862,240
76864,802
76865,237
76866,918
76869,11
76870,66
76871,560
76872,662
76873,89
76874,0
76875,498
76877,4527
76878,1797
76880,0
76882,266
76884,94
76885,92
76887,76
76888,119
76890,812
76901,31581
76902,0
76903,31181
76904,36444
76905,13761
76908,1566
76909,420
76930,107
76932,3239
76933,1467
76934,1172
76935,1638
76936,2399
76937,267
76939,0
76940,68
76941,1216
76943,2772
76945,1706
76950,3490
76951,1389
76953,40
76955,187
76957,203
76958,289
77002,19616
77003,9721
77004,35866
77005,28231
77006,23927
77007,45337
77008,40155
77009,36107
77010,620
77011,15681
77012,16780
77013,17680
77014,36314
77015,58822
77016,29480
77017,30797
77018,29595
77019,23662
77020,25583
77021,24884
77022,26135
77023,24962
77024,37647
77025,29177
77026,20536
77027,19269
77028,18379
77029,15931
77030,12976
77031,15740
77032,13536
77033,28079
77034,37185
77035,34849
77036,71036
77037,17806
77038,31271
77039,28335
77040,50446
77041,33180
77042,40725
77043,26343
77044,55746
77045,32482
77046,1873
77047,35248
77048,20430
77049,40373
77050,5854
77051,18506
77053,30256
77054,26696
77055,44088
77056,23314
77057,45394
77058,18572
77059,18386
77060,44920
77061,24238
77062,24892
77063,39994
77064,48924
77065,38393
77066,38315
77067,31800
77068,12289
77069,20935
77070,57645
77071,26794
77072,58681
77073,43684
77074,37467
77075,41012
77076,32641
77077,63421
77078,14705
77079,35540
77080,49064
77081,51366
77082,57269
77083,74843
77084,109115
77085,16947
77086,28623
77087,35192
77088,54115
77089,56607
77090,41843
77091,29135
77092,36185
77093,46091
77094,10718
77095,69912
77096,33991
77098,16318
77099,49271
77204,4056
77301,36835
77302,19787
77303,26324
77304,42277
77306,17695
77316,31917
77318,19820
77320,37458
77326,240
77327,37574
77328,17816
77331,7348
77334,211
77335,2945
77336,12510
77338,47335
77339,43364
77340,35439
77341,0
77342,0
77345,27574
77346,75577
77350,321
77351,35828
77354,40501
77355,31727
77356,31069
77357,34770
77358,5565
77359,727
77360,6130
77362,7474
77363,3246
77364,1835
77365,43025
77367,634
77368,0
77369,607
77371,7548
77372,14088
77373,68273
77374,334
77375,71198
77376,575
77377,39154
77378,17576
77379,83163
77380,31151
77381,35184
77382,40170
77384,24148
77385,26889
77386,69549
77388,52910
77389,44545
77396,58893
77401,17125
77406,65716
77407,81459
77412,10
77414,23879
77415,178
77417,3232
77418,10467
77419,778
77420,2461
77422,14548
77423,16689
77426,2193
77428,126
77429,95938
77430,1916
77431,204
77432,0
77433,112211
77434,4037
77435,4376
77436,0
77437,18886
77440,169
77441,32905
77442,1434
77443,123
77444,793
77445,14943
77446,6060
77447,22766
77448,88
77449,123042
77450,73226
77451,510
77453,93
77454,180
77455,1593
77456,1447
77457,460
77458,13
77459,81251
77460,96
77461,12397
77464,457
77465,7267
77466,258
77467,22
77468,0
77469,65159
77470,381
77471,45078
77473,32
77474,14846
77475,413
77476,341
77477,32722
77478,22699
77479,92355
77480,8252
77481,128
77482,2047
77483,337
77484,13772
77485,3865
77486,7330
77488,14129
77489,39054
77493,62264
77494,137213
77498,53092
77502,36126
77503,23899
77504,25758
77505,23686
77506,35243
77507,578
77510,13938
77511,51984
77514,5213
77515,33092
77517,5665
77518,9935
77519,556
77520,35724
77521,65920
77523,28411
77530,32065
77531,16260
77532,31778
77533,1133
77534,3406
77535,38037
77536,32421
77538,818
77539,47164
77541,16574
77545,25863
77546,54082
77547,9380
77550,23542
77551,22031
77554,9973
77555,2
77560,1095
77561,20
77562,9805
77563,10212
77564,1876
77565,6583
77566,30057
77568,21118
77571,37659
77573,97871
77575,16617
77577,1288
77578,27195
77580,0
77581,50240
77582,278
77583,47646
77584,90979
77585,1123
77586,24019
77587,16058
77590,33145
77591,16840
77597,507
77598,26638
77611,9550
77612,9152
77613,686
77614,512
77615,256
77616,859
77617,38
77619,17021
77622,1799
77623,595
77624,706
77625,9384
77627,21951
77629,524
77630,29744
77632,22166
77640,17480
77642,38051
77650,2362
77651,13627
77655,266
77656,17132
77657,21691
77659,5847
77660,1141
77661,393
77662,25193
77663,309
77664,2590
77665,7751
77701,12328
77702,3497
77703,11640
77705,37988
77706,30754
77707,17538
77708,12398
77713,15373
77801,15253
77802,25303
77803,31923
77807,13068
77808,14334
77830,2907
77831,3163
77833,28234
77835,3036
77836,12469
77837,1347
77840,55186
77843,7905
77845,74612
77852,18
77853,1052
77855,142
77856,4832
77857,1261
77859,7516
77861,2785
77863,370
77864,7635
77865,1818
77866,0
77867,181
77868,18863
77871,2744
77872,2304
77873,1179
77875,0
77876,144
77878,706
77879,4775
77880,2954
77882,34
77901,39965
77904,29989
77905,16346
77950,197
77951,1442
77954,11007
77957,8919
77960,0
77961,40
77962,3325
77963,5109
77964,8061
77968,3022
77969,158
77970,281
77971,716
77973,28
77974,670
77975,1782
77976,15
77977,503
77978,498
77979,16179
77982,698
77983,2707
77984,4630
77986,0
77987,207
77988,360
77990,783
77991,564
77993,304
77994,513
77995,10244
78001,0
78002,7482
78003,9594
78004,541
78005,1330
78006,42200
78007,229
78008,378
78009,9494
78010,3819
78011,1386
78012,364
78013,5305
78014,5542
78015,23548
78016,11302
78017,6160
78019,1575
78021,19
78022,4694
78023,28585
78024,1157
78025,5060
78026,6438
78027,576
78028,40829
78029,0
78039,2311
78040,36115
78041,47089
78043,44044
78044,364
78045,67185
78046,71965
78050,697
78052,6221
78055,1918
78056,2431
78057,509
78058,948
78059,6139
78061,9968
78062,0
78063,10594
78064,16420
78065,11835
78066,387
78067,719
78069,6904
78070,19836
78071,3478
78072,277
78073,9510
78074,60
78075,304
78076,13085
78101,8272
78102,27000
78104,112
78107,294
78108,48458
78109,56372
78111,0
78112,9959
78113,3258
78114,23975
78116,252
78117,756
78118,4097
78119,7023
78121,15001
78122,313
78123,2271
78124,6907
78125,26
78130,95787
78132,40383
78133,21830
78140,3190
78141,908
78142,31
78143,177
78144,0
78145,48
78146,740
78147,1646
78148,22630
78150,0
78151,1513
78152,3958
78154,40898
78155,53449
78159,604
78160,4705
78161,602
78162,240
78163,17455
78164,3418
78201,43426
78202,9952
78203,4845
78204,11944
78205,1653
78207,54128
78208,3877
78209,43363
78210,34740
78211,30589
78212,26670
78213,41603
78214,21884
78215,3258
78216,42044
78217,33959
78218,38291
78219,16946
78220,18497
78221,41580
78222,25008
78223,57298
78224,20671
78225,13188
78226,6907
78227,44091
78228,55474
78229,35195
78230,42070
78231,9966
78232,36277
78233,47659
78234,6281
78235,2440
78236,7629
78237,36930
78238,26250
78239,29855
78240,57014
78242,35976
78243,251
78244,37861
78245,91388
78247,51979
78248,14127
78249,61772
78250,57849
78251,61683
78252,18256
78253,67578
78254,78865
78255,18107
78256,12014
78257,10390
78258,51672
78259,26931
78260,37389
78261,27060
78263,4514
78264,11702
78266,7274
78330,429
78332,27281
78336,12146
78338,0
78339,362
78340,405
78341,1518
78342,338
78343,4565
78344,419
78347,112
78349,538
78351,633
78352,51
78353,481
78355,6843
78357,2726
78358,633
78359,2230
78360,33
78361,4764
78362,10929
78363,28820
78368,9474
78369,252
78370,5155
78371,108
78372,5066
78373,3314
78374,20152
78375,2827
78376,122
78377,3376
78379,1800
78380,23752
78382,20043
78383,4306
78384,5656
78385,52
78387,9604
78389,2036
78390,5620
78391,141
78393,1932
78401,4668
78402,392
78404,13607
78405,14442
78406,1934
78407,1937
78408,9631
78409,2504
78410,29121
78411,24061
78412,39728
78413,35103
78414,51435
78415,41869
78416,13116
78417,4462
78418,30201
78419,693
78501,59095
78503,22566
78504,61816
78516,34960
78520,63337
78521,87860
78526,59719
78535,435
78536,345
78537,51346
78538,10740
78539,38162
78540,0
78541,49395
78542,86111
78543,8608
78545,490
78547,398
78548,1456
78549,876
78550,54169
78552,41277
78557,14250
78558,905
78559,12752
78560,4618
78561,1005
78562,3146
78563,62
78564,51
78565,63
78566,24927
78567,405
78569,4079
78570,33596
78572,78197
78573,42874
78574,62852
78575,4728
78576,13902
78577,79903
78578,10231
78579,2548
78580,13568
78582,44883
78583,5472
78584,17823
78585,0
78586,49103
78588,246
78589,39958
78590,449
78591,163
78592,600
78593,5030
78594,1303
78595,5958
78596,38942
78597,2881
78598,157
78599,35400
78602,35786
78605,7632
78606,6977
78607,228
78608,454
78609,1826
78610,46685
78611,14463
78612,19830
78613,89162
78614,324
78615,1540
78616,10008
78617,28932
78618,292
78619,6896
78620,20624
78621,27860
78622,353
78623,1575
78624,23610
78626,45020
78628,44821
78629,12380
78631,3357
78632,1391
78633,28877
78634,43466
78635,83
78636,3842
78638,2064
78639,8517
78640,71460
78641,93399
78642,24146
78643,6837
78644,20599
78645,15042
78648,8022
78650,2679
78652,5012
78653,35417
78654,19946
78655,3687
78656,2953
78657,7061
78658,70
78659,2898
78660,118437
78661,658
78662,3147
78663,607
78664,62272
78665,64087
78666,87775
78669,11980
78670,178
78671,399
78672,679
78674,195
78675,158
78676,15896
78677,49
78681,58531
78701,11114
78702,26495
78703,22484
78704,50479
78705,32937
78712,206
78717,36085
78719,1556
78721,10728
78722,6576
78723,36307
78724,29326
78725,10810
78726,14117
78727,30894
78728,26776
78729,30440
78730,9669
78731,27136
78732,20646
78733,9339
78734,22091
78735,20112
78736,9849
78737,26413
78738,28790
78739,20850
78741,45274
78742,638
78744,51069
78745,61122
78746,28268
78747,21757
78748,54942
78749,34939
78750,29322
78751,16027
78752,22261
78753,58449
78754,31410
78756,9844
78757,24327
78758,50592
78759,44882
78801,21487
78802,0
78827,749
78828,27
78829,1033
78830,471
78832,3140
78833,1173
78834,7204
78836,83
78837,137
78838,124
78839,7333
78840,47053
78841,0
78842,0
78843,383
78850,935
78851,47
78852,56933
78860,0
78861,13715
78870,1225
78871,33
78872,1166
78873,1498
78877,837
78879,171
78880,1164
78881,1288
78883,184
78884,1033
78885,49
78886,499
78931,204
78932,501
78933,1211
78934,6833
78935,650
78938,245
78940,2284
78941,3334
78942,9858
78943,230
78944,672
78945,10459
78946,760
78947,5110
78948,599
78949,628
78950,2244
78951,0
78953,958
78954,1378
78956,5494
78957,10282
78959,1401
78962,5245
78963,470
79001,181
79002,16
79003,118
79005,1519
79007,13927
79008,0
79009,1795
79010,569
79011,208
79012,0
79013,3022
79014,3252
79015,23217
79016,598
79018,405
79019,1745
79021,55
79022,10764
79024,351
79025,0
79027,4789
79029,15095
79031,1213
79032,220
79033,14
79034,468
79035,5356
79036,4957
79039,686
79040,2076
79041,2511
79042,1181
79043,1511
79044,644
79045,18441
79046,545
79051,3
79052,1064
79053,89
79054,507
79056,99
79057,1075
79058,0
79059,669
79061,282
79062,367
79063,594
79064,2191
79065,19569
79066,11
79068,3124
79070,9655
79072,25596
79073,0
79078,153
79079,2406
79080,498
79081,3224
79082,401
79083,1776
79084,1425
79085,0
79086,3433
79087,776
79088,5315
79091,0
79092,1187
79093,114
79094,9
79095,2569
79096,2022
79097,1319
79098,535
79101,2458
79102,8822
79103,11591
79104,7236
79106,27900
79107,36425
79108,10979
79109,42410
79110,18514
79111,1537
79118,27412
79119,23202
79121,5879
79124,11800
79201,6817
79220,221
79223,119
79225,922
79226,2873
79227,1155
79229,284
79230,34
79231,29
79233,65
79234,119
79235,3111
79236,179
79237,470
79239,100
79240,86
79241,2088
79243,24
79244,777
79245,2291
79247,29
79248,1124
79250,1089
79251,29
79252,2642
79255,448
79256,342
79257,727
79258,8
79259,25
79261,351
79311,3533
79312,1114
79313,1537
79314,120
79316,9907
79322,1945
79323,7115
79324,37
79325,2204
79326,71
79329,3549
79330,113
79331,11751
79336,15265
79339,6707
79342,282
79343,1309
79344,0
79345,1085
79346,1788
79347,7264
79350,291
79351,1047
79353,31
79355,1642
79356,5362
79357,1883
79358,1458
79359,3465
79360,17284
79363,5831
79364,7135
79366,1081
79367,602
79369,41
79370,1217
79371,1464
79372,1472
79373,3021
79376,10
79377,294
79378,306
79379,680
79380,89
79381,1457
79382,10300
79383,47
79401,8641
79402,0
79403,15941
79404,8686
79406,7738
79407,22467
79410,10425
79411,6380
79412,15275
79413,23464
79414,17471
79415,16765
79416,36461
79423,44357
79424,52336
79501,2635
79502,1123
79503,187
79504,2995
79505,236
79506,491
79508,982
79510,8135
79511,1739
79512,7672
79517,114
79518,115
79519,101
79520,2576
79521,3470
79525,2926
79526,978
79527,179
79528,568
79529,1052
79530,436
79532,1014
79533,525
79534,322
79535,133
79536,6080
79537,60
79538,227
79539,218
79540,82
79541,1432
79543,1138
79544,440
79545,1778
79546,1662
79547,869
79548,153
79549,15505
79553,3071
79556,12593
79560,23
79561,556
79562,4567
79563,925
79565,351
79566,195
79567,2924
79601,26917
79602,26588
79603,23876
79605,28257
79606,29428
79607,3636
79699,121
79701,27678
79703,20638
79705,44516
79706,32605
79707,39881
79713,962
79714,18518
79718,589
79719,193
79720,30432
79721,466
79730,127
79731,4319
79733,439
79734,1616
79735,12962
79738,426
79739,862
79741,215
79742,593
79743,278
79744,1630
79745,6160
79748,387
79749,557
79752,1880
79754,54
79755,37
79756,9558
79758,2568
79759,0
79761,30243
79762,40141
79763,34878
79764,26805
79765,24125
79766,10712
79769,0
79770,0
79772,12547
79776,0
79777,101
79778,1299
79780,70
79781,107
79782,3831
79783,46
79785,34
79788,789
79789,1380
79821,6550
79830,7672
79832,233
79834,373
79835,12289
79836,7481
79837,203
79838,4813
79839,1163
79842,273
79843,2578
79845,3326
79846,139
79847,181
79848,804
79849,13582
79851,1386
79852,614
79853,2964
79854,124
79855,2159
79901,8321
79902,18529
79903,15120
79904,33022
79905,22062
79906,6061
79907,47850
79908,4253
79911,9107
79912,79126
79915,34731
79916,3109
79918,268
79920,28
79922,7162
79924,60399
79925,40241
79927,43126
79928,82792
79930,25484
79932,29524
79934,27347
79935,19073
79936,104427
79938,97851
80002,20975
80003,35381
80004,34580
80005,28883
80007,18290
80010,42010
80011,53334
80012,51389
80013,74732
80014,39277
80015,72155
80016,66479
80017,39553
80018,17129
80019,6141
80020,53589
80021,35562
80022,59556
80023,26466
80024,36
80025,101
80026,32549
80027,33998
80030,15945
80031,36350
80033,26841
80045,1615
80101,449
80102,5994
80103,3505
80104,36461
80105,2023
80106,4450
80107,14976
80108,35485
80109,27795
80110,23775
80111,31817
80112,36687
80113,22619
80116,5393
80117,2516
80118,5950
80120,29992
80121,17929
80122,31575
80123,45364
80124,22472
80125,13876
80126,44482
80127,43826
80128,36859
80129,29495
80130,25293
80131,258
80132,29379
80133,2480
80134,77814
80135,4333
80136,5965
80137,2015
80138,35942
80202,18233
80203,22355
80204,35518
80205,33856
80206,24555
80207,22382
80209,26794
80210,39155
80211,37441
80212,20426
80214,26759
80215,19684
80216,16610
80218,19364
80219,60095
80220,36311
80221,40938
80222,23298
80223,19624
80224,19265
80226,32237
80227,34946
80228,34677
80229,57274
80230,10811
80231,35297
80232,22398
80233,47692
80234,29573
80235,8374
80236,17207
80237,22764
80238,29448
80239,44077
80241,33393
80246,13028
80247,29453
80249,41209
80260,34861
80264,0
80266,0
80290,452
80293,0
80294,0
80301,25252
80302,29751
80303,24934
80304,25634
80305,16101
80310,7530
80401,43429
80403,20789
80419,0
80420,958
80421,8601
80422,4373
80423,81
80424,10044
80425,325
80426,47
80427,625
80428,635
80430,131
80432,309
80433,8392
80434,32
80435,8447
80436,343
80438,720
80439,24877
80440,3071
80442,2591
80443,3941
80444,1082
80446,3550
80447,1992
80448,0
80449,1024
80451,1030
80452,3160
80453,306
80454,1320
80455,378
80456,396
80457,298
80459,2691
80461,7049
80463,105
80465,16277
80466,3469
80467,2411
80468,311
80469,407
80470,3888
80471,0
80473,60
80474,294
80475,9
80476,243
80478,1604
80479,21
80480,1199
80481,477
80482,1237
80483,404
80487,18378
80498,9192
80501,43591
80503,36206
80504,61305
80510,705
80512,1702
80513,16997
80514,6419
80515,786
80516,37107
80517,10093
80520,1684
80521,38217
80524,39111
80525,55541
80526,44423
80528,24233
80530,6097
80532,162
80534,19696
80535,2238
80536,2358
80537,44505
80538,49183
80540,4620
80542,5552
80543,9342
80544,0
80545,913
80546,171
80547,8040
80549,14132
80550,44224
80601,41301
80602,42237
80603,16105
80610,4175
80611,586
80612,435
80615,9242
80620,20776
80621,14542
80622,256
80623,987
80624,707
80631,53920
80634,63553
80640,14073
80642,4449
80643,4257
80644,2266
80645,4970
80646,0
80648,1423
80649,294
80650,1992
80651,4552
80652,492
80653,904
80654,3216
80701,16800
80705,1064
80720,2248
80721,285
80722,481
80723,6761
80726,453
80727,527
80728,975
80729,384
80731,1484
80732,34
80733,545
80734,2976
80735,360
80736,561
80737,1541
80740,136
80741,870
80742,215
80743,1415
80744,543
80745,46
80746,60
80747,463
80749,257
80750,160
80751,17207
80754,156
80755,123
80757,219
80758,3496
80759,4684
80801,88
80802,207
80804,376
80805,391
80807,4121
80808,6670
80809,892
80810,1169
80812,218
80813,1691
80814,4041
80815,895
80816,6372
80817,31101
80818,462
80819,882
80820,537
80821,1250
80822,239
80823,190
80824,352
80825,299
80826,1049
80827,842
80828,2434
80829,5574
80830,154
80831,33287
80832,987
80833,1107
80834,348
80835,791
80836,1113
80840,6701
80860,589
80861,281
80862,55
80863,12823
80864,1411
80902,11917
80903,17045
80904,21369
80905,17269
80906,37403
80907,27135
80908,23358
80909,36171
80910,31840
80911,34296
80913,6873
80914,519
80915,23570
80916,40579
80917,30988
80918,48291
80919,27539
80920,38154
80921,25207
80922,30388
80923,32333
80924,17043
80925,17016
80926,1706
80927,6957
80928,691
80929,85
80930,1692
80938,1345
80939,0
80951,4669
81001,31448
81003,14820
81004,26362
81005,31104
81006,11153
81007,34992
81008,11728
81019,1418
81020,807
81021,17
81022,1351
81023,1568
81024,191
81025,787
81027,114
81029,287
81030,153
81033,199
81036,994
81039,1686
81040,328
81041,660
81043,54
81044,134
81045,56
81046,3
81047,1565
81049,155
81050,9774
81052,9010
81054,4760
81055,1582
81057,399
81058,967
81059,49
81062,1818
81063,3060
81064,304
81067,5590
81069,1940
81071,299
81073,1880
81076,618
81077,636
81081,81
81082,11750
81084,39
81087,206
81089,4810
81090,765
81091,1201
81092,840
81101,15454
81120,1976
81121,361
81122,8921
81123,726
81124,332
81125,3526
81126,491
81128,18
81129,144
81130,786
81131,1059
81132,3309
81133,1056
81136,318
81137,5662
81138,27
81140,1973
81141,1195
81143,737
81144,6677
81146,779
81147,12923
81148,368
81149,995
81151,1445
81152,1203
81154,1259
81155,218
81201,9561
81210,423
81211,8191
81212,32355
81220,218
81221,360
81222,276
81223,2175
81224,3439
81225,829
81226,7933
81227,0
81228,0
81230,10956
81232,0
81233,1159
81235,845
81236,1290
81237,168
81239,106
81240,4533
81241,166
81242,890
81243,137
81244,659
81248,241
81251,362
81252,4413
81253,516
81301,29892
81303,9696
81320,434
81321,14278
81323,5193
81324,1639
81325,86
81326,2651
81327,527
81328,4159
81330,132
81331,423
81332,452
81334,1411
81335,106
81401,23719
81403,11955
81410,1557
81411,11
81413,5543
81415,1859
81416,14219
81418,1761
81419,3223
81422,520
81423,1462
81424,1166
81425,5139
81426,144
81427,1251
81428,3767
81429,115
81430,755
81431,647
81432,3150
81433,626
81434,85
81435,5626
81501,24142
81503,16132
81504,31949
81505,11959
81506,11840
81507,16093
81520,13454
81521,16861
81522,24
81523,839
81524,2556
81525,1194
81526,5397
81527,1340
81601,16268
81610,794
81611,9232
81612,50
81615,3048
81620,11085
81621,6349
81623,16349
81624,1487
81625,12242
81630,1052
81631,8676
81632,10527
81633,0
81635,7155
81637,10344
81638,94
81639,2617
81640,132
81641,3578
81642,12
81643,957
81645,1024
81646,207
81647,7037
81648,2832
81649,283
81650,14071
81652,6356
81653,0
81654,1495
81655,231
81656,508
81657,4971
82001,37955
82005,477
82007,21800
82009,35355
82050,293
82051,59
82052,86
82053,1566
82054,871
82055,364
82058,18
82059,279
82060,384
82061,0
82063,58
82070,20149
82072,16438
82073,45
82081,30
82082,1675
82083,326
82084,162
82190,739
82201,6615
82210,248
82212,741
82213,680
82214,908
82215,272
82217,42
82218,14
82219,55
82221,540
82222,146
82223,695
82224,1
82225,1746
82227,320
82229,75
82240,9547
82242,161
82243,332
82244,544
82301,8267
82310,0
82321,694
82322,158
82323,316
82324,160
82325,793
82327,839
82329,336
82331,2446
82332,42
82334,551
82335,0
82336,206
82401,7053
82410,1901
82411,507
82412,571
82414,16381
82420,938
82421,364
82422,58
82423,224
82426,3123
82428,122
82430,68
82431,3227
82432,280
82433,1071
82434,69
82435,12259
82440,72
82441,188
82442,783
82443,4534
82450,161
82501,18946
82510,1113
82512,290
82513,1622
82514,1294
82515,386
82516,311
82520,13385
82523,993
82601,26945
82604,27584
82609,18759
82620,235
82630,0
82633,9511
82635,78
82636,3856
82637,4178
82638,116
82639,649
82640,142
82642,53
82643,218
82644,1890
82646,0
82648,20
82649,1075
82701,5411
82710,394
82711,11
82712,293
82714,179
82716,17091
82718,26197
82720,952
82721,2963
82723,118
82725,18
82727,1818
82729,2357
82730,1346
82731,204
82732,1559
82801,25727
82831,275
82832,1319
82833,268
82834,7699
82835,376
82836,1134
82837,32
82838,442
82839,1421
82842,749
82844,11
82845,100
82901,27471
82922,260
82923,619
82925,373
82929,19
82930,14836
82932,911
82933,769
82934,220
82935,12135
82936,29
82937,3236
82938,325
82939,1296
82941,4592
82942,9
82943,96
82944,476
82945,236
83001,17458
83011,354
83012,94
83013,425
83014,2807
83025,999
83101,3576
83110,5166
83111,307
83112,956
83113,2693
83114,734
83115,269
83116,603
83118,367
83119,34
83120,289
83121,0
83122,962
83123,594
83124,125
83126,798
83127,3726
83128,1973
83201,39552
83202,23543
83203,41
83204,18400
83209,1042
83210,3661
83211,6543
83212,456
83213,1328
83214,631
83215,14
83217,871
83218,520
83220,80
83221,29244
83223,257
83226,2149
83227,115
83228,1120
83232,567
83233,172
83234,1646
83235,80
83236,1929
83237,1373
83238,118
83239,805
83241,2385
83243,19
83244,463
83245,2539
83246,846
83250,1936
83251,1322
83252,4648
83253,98
83254,3774
83255,1173
83261,634
83262,989
83263,9888
83271,368
83272,263
83274,11284
83276,3993
83277,169
83278,443
83281,171
83283,217
83285,69
83286,1550
83287,256
83301,61968
83302,259
83311,628
83312,152
83313,4033
83314,728
83316,10075
83318,19319
83320,1562
83321,424
83322,60
83323,1856
83324,771
83325,712
83327,1047
83328,6459
83330,7120
83332,2608
83333,12096
83334,2428
83335,2288
83336,5968
83337,13
83338,21830
83340,5379
83341,9445
83342,1584
83344,1286
83346,1346
83347,3284
83348,88
83349,1311
83350,12905
83352,3143
83353,1374
83354,9
83355,5451
83401,47170
83402,29683
83404,26103
83406,19991
83414,693
83420,2611
83421,346
83422,3779
83423,668
83424,75
83425,634
83427,2819
83428,589
83429,742
83431,1066
83433,34
83434,1754
83435,431
83436,839
83438,349
83440,50669
83442,24829
83443,1227
83444,1267
83445,7514
83446,33
83448,3074
83449,253
83450,1239
83451,902
83452,2150
83454,386
83455,6097
83460,35
83462,426
83463,78
83464,294
83465,78
83466,83
83467,6874
83468,191
83469,36
83501,37478
83520,180
83522,2620
83523,777
83524,937
83525,372
83526,288
83530,6216
83533,182
83535,1028
83536,4227
83537,975
83539,2324
83540,2080
83541,1059
83542,102
83543,735
83544,6476
83545,440
83546,527
83547,322
83548,159
83549,630
83552,849
83553,1045
83554,343
83555,493
83602,0
83604,592
83605,41155
83607,33804
83610,1050
83611,2997
83612,2173
83615,1460
83616,34736
83617,17333
83619,8445
83622,2131
83623,1637
83624,1437
83626,1754
83627,426
83628,4848
83629,1829
83631,1737
83632,482
83633,604
83634,35506
83636,566
83637,250
83638,7507
83639,3298
83641,3991
83642,58049
83643,165
83644,15418
83645,887
83646,74522
83647,22580
83648,3198
83650,550
83651,36997
83654,1654
83655,5666
83656,687
83657,297
83660,6401
83661,10788
83666,37
83669,15728
83670,848
83672,8929
83676,5109
83677,369
83686,59532
83687,40299
83702,23981
83703,17566
83704,41406
83705,27542
83706,36183
83709,58631
83712,9312
83713,29992
83714,26989
83716,21091
83720,0
83725,0
83801,7285
83802,150
83803,624
83804,1806
83805,8909
83806,178
83808,123
83809,467
83810,1369
83811,1660
83812,13
83813,1282
83814,26640
83815,39993
83821,241
83822,2511
83823,1549
83824,398
83825,130
83826,66
83827,161
83830,293
83832,2056
83833,1414
83834,194
83835,23581
83836,1059
83837,3258
83839,1248
83840,649
83841,459
83842,103
83843,25372
83844,3545
83845,2223
83846,785
83847,1475
83848,275
83849,2057
83850,2555
83851,1925
83852,1438
83854,53152
83855,1701
83856,6913
83857,1496
83858,19315
83860,7953
83861,7167
83864,19773
83866,288
83867,606
83868,853
83869,5278
83870,340
83871,2279
83872,893
83873,1729
83874,115
83876,1467
84001,661
84002,306
84003,55259
84004,10272
84005,49116
84006,865
84007,452
84008,0
84009,42091
84010,46666
84013,719
84014,16571
84015,70730
84017,4420
84018,338
84020,50159
84021,3127
84022,516
84023,84
84024,134
84025,25055
84026,645
84027,664
84028,667
84029,14159
84031,190
84032,25328
84033,1002
84034,144
84035,515
84036,8781
84037,39316
84038,589
84039,585
84040,28269
84041,54750
84042,11570
84043,81839
84044,29488
84045,43369
84046,651
84047,36573
84049,6926
84050,12247
84051,452
84052,1183
84053,693
84054,22201
84055,1805
84056,3644
84057,37620
84058,34706
84059,16419
84060,8575
84061,315
84062,47489
84063,264
84064,890
84065,50284
84066,14626
84067,38795
84069,425
84070,30348
84071,2339
84072,411
84073,189
84074,57470
84075,34118
84076,477
84078,30669
84080,414
84081,52168
84082,815
84083,1264
84084,31389
84085,233
84086,442
84087,17028
84088,38915
84092,28162
84093,23998
84094,28277
84095,38240
84096,71115
84097,22024
84098,20311
84101,8329
84102,19145
84103,23796
84104,24057
84105,22963
84106,33791
84107,37548
84108,21951
84109,25879
84111,12446
84112,2738
84113,256
84114,0
84115,28411
84116,37136
84117,24873
84118,41969
84119,50745
84120,50589
84121,39204
84123,36913
84124,22992
84128,32072
84129,38128
84138,0
84150,7
84180,0
84301,863
84302,26711
84304,108
84305,612
84306,362
84307,1377
84308,253
84309,791
84310,5002
84311,902
84312,5070
84313,29
84314,1011
84315,9694
84316,323
84317,2814
84318,5468
84319,10490
84320,2773
84321,49811
84322,0
84324,1642
84325,2311
84326,2041
84327,1026
84328,1768
84329,99
84330,411
84331,242
84332,8680
84333,3095
84334,234
84335,16278
84336,520
84337,15452
84338,534
84339,5992
84340,3386
84341,25791
84401,46784
84403,37244
84404,65875
84405,34931
84408,150
84414,33288
84501,13002
84511,4248
84512,799
84513,1463
84515,0
84516,94
84518,623
84520,991
84521,591
84522,521
84523,1569
84525,871
84526,4267
84528,2955
84529,175
84530,276
84531,640
84532,10648
84533,103
84534,2410
84535,2669
84536,1391
84537,1281
84539,485
84540,0
84542,1526
84601,32871
84602,2115
84604,43749
84606,35931
84620,1061
84621,30
84622,1312
84623,336
84624,5956
84626,617
84627,6151
84628,991
84629,3243
84630,570
84631,3072
84632,1558
84633,833
84634,3690
84635,897
84636,452
84637,674
84638,325
84639,886
84640,260
84642,3424
84643,583
84644,275
84645,2982
84646,1654
84647,4578
84648,7289
84649,770
84651,29502
84652,838
84653,11531
84654,2551
84655,17157
84656,435
84657,596
84660,47004
84662,1544
84663,35889
84664,12340
84665,572
84667,345
84701,8756
84710,308
84711,849
84712,119
84713,4381
84714,1078
84715,439
84716,544
84718,226
84719,49
84720,24323
84721,29635
84722,773
84723,431
84724,1207
84725,1665
84726,792
84728,63
84729,488
84730,744
84731,36
84732,39
84733,252
84734,211
84735,184
84736,292
84737,23477
84738,9607
84739,596
84740,305
84741,6145
84742,416
84743,329
84744,298
84745,4429
84746,1251
84747,765
84749,251
84750,560
84751,1776
84752,979
84753,0
84754,4252
84755,28
84756,253
84757,1388
84758,837
84759,2209
84760,1023
84761,3127
84762,111
84763,169
84764,304
84765,7891
84766,110
84767,620
84770,47226
84772,208
84773,406
84774,2115
84775,473
84776,537
84779,734
84780,30709
84781,372
84782,562
84783,1019
84784,1301
84790,54353
85003,10155
85004,11178
85006,22081
85007,13555
85008,60499
85009,52116
85012,8880
85013,20947
85014,26215
85015,42444
85016,36857
85017,44336
85018,38268
85019,26974
85020,33934
85021,40026
85022,52488
85023,34635
85024,25674
85026,0
85027,38986
85028,18952
85029,49433
85031,30681
85032,70447
85033,58234
85034,4825
85035,52002
85037,53041
85040,33325
85041,63881
85042,45575
85043,39603
85044,40419
85045,7457
85048,34113
85050,32669
85051,45484
85053,29719
85054,10159
85083,21225
85085,30132
85086,43369
85087,9835
85118,13955
85119,25611
85120,29308
85121,2210
85122,58328
85123,8828
85128,18582
85131,18156
85132,38809
85135,412
85137,2533
85138,52342
85139,19522
85140,51078
85141,370
85142,87201
85143,41517
85145,3243
85147,4701
85172,1342
85173,2534
85191,19
85192,1831
85193,4900
85194,7966
85201,52484
85202,39292
85203,37435
85204,65018
85205,44704
85206,36896
85207,50135
85208,37840
85209,42171
85210,39941
85212,50427
85213,37323
85215,16600
85224,48304
85225,73316
85226,40974
85233,37841
85234,49040
85236,0
85248,37461
85249,48018
85250,14904
85251,39976
85253,17202
85254,46655
85255,45136
85256,3768
85257,29055
85258,25524
85259,22156
85260,39842
85262,13919
85263,3335
85264,1329
85266,12510
85268,23895
85281,70726
85282,54501
85283,46789
85284,19696
85286,49870
85295,54697
85296,52058
85297,35535
85298,43536
85301,66970
85302,40329
85303,34769
85304,29745
85305,16471
85306,24696
85307,13290
85308,65159
85309,965
85310,19612
85320,315
85321,4313
85322,493
85323,46604
85324,2297
85325,1123
85326,73912
85328,213
85329,2429
85331,31866
85332,1777
85333,403
85334,946
85335,35823
85336,7884
85337,2396
85338,64448
85339,53972
85340,38873
85341,38
85342,1639
85343,79
85344,9069
85345,61822
85346,2358
85347,566
85348,2201
85349,28810
85350,19273
85351,27562
85352,335
85353,44995
85354,7731
85355,13341
85356,3789
85357,415
85360,101
85361,8107
85362,586
85363,6985
85364,72125
85365,53149
85367,21356
85371,280
85373,20885
85374,40955
85375,27185
85377,3452
85378,9401
85379,49735
85381,26895
85382,43109
85383,72101
85387,19140
85388,35003
85390,9881
85392,39203
85395,38701
85396,38489
85501,12353
85530,2063
85531,273
85532,374
85533,2340
85534,3088
85535,0
85536,319
85539,3066
85540,3887
85541,23323
85542,2868
85543,4878
85544,2780
85545,669
85546,20735
85550,5619
85551,416
85552,6619
85553,1629
85554,361
85601,494
85602,9860
85603,6798
85605,728
85606,1012
85607,17009
85608,2944
85609,546
85610,708
85611,1413
85613,5125
85614,24696
85615,9713
85616,4845
85617,1098
85618,1347
85619,22
85620,1105
85621,21512
85622,6345
85623,5235
85624,1342
85625,1959
85626,1211
85627,389
85629,30989
85630,1942
85631,3283
85632,873
85633,32
85634,5667
85635,34958
85637,1133
85638,1621
85639,358
85640,162
85641,31665
85643,8524
85645,1317
85646,1280
85648,21844
85650,14154
85653,22796
85654,0
85658,16255
85701,5169
85704,34608
85705,54853
85706,56022
85707,599
85708,4279
85709,0
85710,55004
85711,41201
85712,31964
85713,45615
85714,14286
85715,19526
85716,33447
85718,27721
85719,49609
85721,0
85723,243
85724,0
85726,0
85730,39065
85734,5028
85735,10893
85736,4249
85737,22951
85739,18749
85741,33332
85742,30198
85743,30627
85745,37788
85746,44030
85747,26808
85748,20526
85749,18257
85750,24435
85755,18231
85756,36716
85757,20304
85901,18821
85902,3
85911,2334
85912,130
85920,570
85922,139
85923,303
85924,2336
85925,4366
85926,824
85927,168
85928,376
85929,7280
85930,1436
85931,225
85932,972
85933,3989
85934,609
85935,4744
85936,3966
85937,9975
85938,2079
85939,3729
85940,1278
85941,10333
85942,0
86001,36900
86003,96
86004,36893
86005,17165
86011,4081
86015,1447
86016,41
86017,752
86018,1022
86020,1879
86021,4619
86022,1565
86023,2044
86024,1059
86025,5189
86028,43
86029,77
86030,696
86031,1938
86032,2065
86033,8245
86034,1758
86035,1784
86036,203
86038,210
86039,1373
86040,10627
86042,1868
86043,2337
86044,3090
86045,10691
86046,6669
86047,13913
86052,215
86053,2204
86054,1460
86301,26204
86303,19611
86305,19430
86313,167
86314,40109
86315,9179
86320,2482
86321,3087
86322,12885
86323,19297
86324,4646
86325,5195
86326,25476
86327,12081
86329,1261
86331,329
86332,2193
86333,6425
86334,4309
86335,4744
86336,11223
86337,1827
86338,556
86343,140
86351,6560
86401,29071
86403,18399
86404,18866
86406,24587
86409,30868
86411,533
86413,12075
86426,15520
86429,8695
86431,167
86432,3647
86433,98
86434,1476
86435,0
86436,1319
86437,84
86438,692
86440,8403
86441,1491
86442,34327
86443,0
86444,1633
86445,332
86502,904
86503,10122
86504,5905
86505,6978
86506,1343
86507,2143
86508,504
86510,3843
86511,3440
86512,2391
86514,2762
86515,3198
86520,2185
86535,1116
86538,1545
86540,1087
86544,1587
86545,821
86547,918
86556,2894
87001,3551
87002,21375
87004,11274
87005,30
87006,1075
87007,2213
87008,2338
87010,1147
87011,5
87012,290
87013,5314
87014,309
87015,14476
87016,2897
87017,420
87018,556
87020,11874
87021,3164
87022,721
87023,222
87024,2792
87025,1338
87026,3465
87027,226
87028,139
87029,326
87031,46211
87032,119
87034,3044
87035,6847
87036,2052
87037,1661
87038,591
87040,325
87041,848
87042,3456
87043,4375
87044,252
87045,2439
87046,122
87047,5166
87048,9173
87049,4
87051,393
87052,3108
87053,983
87056,975
87059,10012
87060,11
87061,285
87062,1792
87063,262
87064,146
87068,5554
87070,11
87072,599
87083,453
87101,0
87102,20258
87104,13369
87105,54215
87106,26815
87107,26993
87108,35985
87109,39323
87110,40142
87111,57219
87112,42523
87113,16369
87114,70064
87116,3953
87117,24
87120,65477
87121,76135
87122,18776
87123,43515
87124,58402
87144,49976
87151,1231
87301,21981
87305,1844
87310,1003
87311,4941
87312,724
87313,5140
87315,130
87316,1721
87317,2079
87319,3205
87320,666
87321,2401
87322,649
87323,3702
87325,2231
87326,2224
87327,7344
87328,3017
87347,158
87357,1162
87364,1573
87365,12
87375,4547
87401,45020
87402,10997
87410,14372
87412,1422
87413,14966
87415,2277
87416,4354
87417,6507
87418,947
87419,426
87420,11048
87421,1588
87455,1522
87461,1374
87499,829
87501,15409
87505,32189
87506,16055
87507,51109
87508,18745
87510,1034
87511,2700
87512,174
87513,1078
87514,1485
87515,245
87516,104
87517,150
87518,0
87519,760
87520,1088
87521,846
87522,2937
87523,418
87524,498
87525,39
87527,1444
87528,3236
87529,4872
87530,961
87531,116
87532,19522
87535,1603
87537,2030
87538,538
87539,168
87540,876
87543,446
87544,13806
87547,5568
87548,921
87549,1400
87551,317
87552,2175
87553,1470
87554,0
87556,2433
87557,4512
87558,1050
87560,1804
87562,555
87564,116
87565,327
87566,2623
87567,1029
87569,395
87571,12544
87573,7
87575,1131
87577,577
87578,278
87579,1328
87580,263
87581,0
87582,1003
87583,276
87701,17864
87710,1472
87711,821
87712,185
87713,190
87714,811
87715,272
87718,318
87722,777
87723,565
87724,10
87728,464
87729,99
87730,35
87731,515
87732,969
87733,81
87734,378
87735,0
87736,71
87740,7055
87742,343
87743,466
87745,1060
87746,142
87747,1941
87749,0
87750,0
87752,706
87753,0
87801,9309
87820,238
87821,834
87823,558
87824,67
87825,2550
87827,300
87828,801
87829,840
87830,589
87831,211
87832,166
87901,6459
87930,775
87931,512
87933,0
87935,1848
87936,249
87937,3341
87939,194
87940,431
87941,899
87942,1114
87943,217
88001,38972
88002,1577
88003,447
88004,974
88005,27017
88007,25750
88008,11776
88009,27
88011,31143
88012,32888
88020,741
88021,16102
88022,872
88023,2370
88024,546
88025,98
88026,1636
88027,589
88028,247
88029,1150
88030,24270
88034,30
88038,592
88039,817
88040,13
88041,1352
88042,372
88043,1218
88044,2684
88045,3320
88046,725
88047,1410
88048,3325
88049,586
88051,320
88052,151
88053,149
88055,0
88056,172
88061,17546
88063,11282
88065,664
88072,2689
88081,18334
88101,45157
88103,18
88112,312
88113,166
88114,30
88115,11
88116,394
88118,245
88119,1467
88120,283
88121,143
88124,907
88125,5
88126,11
88130,17865
88132,360
88134,51
88135,1393
88136,94
88201,27715
88203,28637
88210,18542
88220,40151
88230,4639
88231,3360
88232,2713
88240,41612
88242,7684
88244,1101
88250,122
88252,2069
88253,915
88254,21
88255,61
88256,1813
88260,15410
88262,4
88263,63
88264,10
88265,437
88267,1437
88268,0
88301,1269
88310,36737
88311,696
88312,3178
88314,9
88316,2319
88317,2633
88318,344
88321,430
88323,0
88324,117
88325,1523
88330,4052
88336,399
88337,1945
88338,254
88339,664
88340,3577
88341,696
88342,9
88343,172
88344,55
88345,7747
88346,3087
88347,18
88348,270
88349,0
88350,406
88351,128
88352,4211
88353,583
88354,116
88355,258
88401,6689
88410,66
88411,104
88414,148
88415,3143
88416,182
88417,92
88418,493
88419,106
88421,22
88422,154
88424,75
88426,997
88427,118
88430,241
88431,168
88434,279
88435,3413
88436,63
88439,0
89001,1045
89002,37238
89003,637
89004,270
89005,14925
89007,1119
89008,792
89010,355
89011,35910
89012,38081
89013,234
89014,42138
89015,43762
89017,9
89018,753
89019,2355
89020,1854
89021,3079
89022,0
89025,1060
89026,56
89027,18398
89029,8954
89030,52545
89031,75097
89032,48055
89034,2916
89039,326
89040,3842
89042,1334
89043,1272
89044,28319
89045,1851
89046,383
89047,226
89048,25473
89049,2711
89052,59542
89054,367
89060,12783
89061,7835
89070,5148
89074,51843
89081,41055
89084,37097
89085,4618
89086,8714
89101,44199
89102,37540
89103,49546
89104,39883
89106,26440
89107,37087
89108,74566
89109,6924
89110,67259
89113,37313
89115,66773
89117,55832
89118,23299
89119,50585
89120,23797
89121,67090
89122,53075
89123,57693
89124,711
89128,39397
89129,54575
89130,35152
89131,50578
89134,23503
89135,31432
89138,23650
89139,44501
89141,41181
89142,35298
89143,13456
89144,19949
89145,26675
89146,20727
89147,56108
89148,64013
89149,45009
89156,31026
89158,593
89161,312
89166,30206
89169,21203
89178,43155
89179,11971
89183,42050
89191,486
89301,6795
89310,173
89311,174
89314,132
89315,133
89316,951
89317,370
89318,1043
89319,266
89402,135
89403,17391
89404,26
89405,0
89406,25536
89408,24025
89409,158
89410,10970
89411,1264
89412,100
89413,734
89414,228
89415,3357
89418,168
89419,5043
89420,95
89421,405
89422,129
89423,10828
89424,368
89425,372
89426,227
89427,976
89428,124
89429,7949
89430,84
89431,40772
89433,23385
89434,27798
89436,48221
89437,0
89438,0
89439,2071
89440,828
89441,13854
89442,827
89444,3198
89445,17188
89446,93
89447,8410
89448,1961
89449,2785
89450,0
89451,9165
89460,14389
89496,78
89501,3641
89502,45708
89503,30740
89506,45349
89508,14595
89509,35877
89510,1570
89511,30214
89512,28133
89519,8718
89521,40537
89523,37167
89557,707
89701,28400
89703,10939
89704,4843
89705,5100
89706,20724
89801,26070
89815,15707
89820,5579
89821,699
89822,2071
89823,596
89825,1429
89826,0
89828,321
89830,114
89831,26
89832,1006
89833,317
89834,91
89835,1481
89883,4649
90001,56403
90002,52735
90003,71708
90004,58844
90005,38747
90006,55192
90007,39253
90008,33443
90010,4478
90011,102784
90012,37463
90013,14891
90014,9540
90015,25257
90016,46102
90017,28981
90018,48812
90019,59288
90020,38361
90021,3152
90022,61638
90023,44608
90024,50830
90025,45238
90026,62902
90027,46049
90028,31441
90029,33830
90031,36881
90032,43724
90033,46540
90034,55120
90035,27851
90036,38784
90037,67895
90038,27807
90039,28572
90040,11683
90041,27351
90042,58344
90043,43548
90044,95859
90045,42352
90046,48905
90047,50925
90048,20796
90049,36735
90052,0
90056,8908
90057,45548
90058,3409
90059,38015
90061,28478
90062,32110
90063,50536
90064,26494
90065,45075
90066,54975
90067,3165
90068,21569
90069,20318
90071,304
90073,1053
90077,8158
90079,0
90089,4777
90094,12127
90095,0
90201,93783
90210,19652
90211,8871
90212,10834
90220,49156
90221,50782
90222,32173
90230,31570
90232,16804
90240,25326
90241,45484
90242,40983
90245,16863
90247,47303
90248,11144
90249,25967
90250,94991
90254,19248
90255,70363
90260,32379
90262,64918
90263,1895
90265,15914
90266,34584
90270,24522
90272,21438
90274,24988
90275,41367
90277,35391
90278,42536
90280,91719
90290,5948
90291,25738
90292,23684
90293,12784
90301,36428
90302,28871
90303,23169
90304,26215
90305,14612
90401,7925
90402,11178
90403,25087
90404,22881
90405,26809
90501,41319
90502,18114
90503,43764
90504,33321
90505,35605
90506,0
90601,30472
90602,25823
90603,20361
90604,39378
90605,39224
90606,31881
90620,46992
90621,35735
90623,15369
90630,49565
90631,68615
90638,45714
90639,1714
90640,61615
90650,100808
90660,60821
90670,18255
90680,31949
90701,16044
90703,48607
90704,3764
90706,77396
90710,26777
90712,30672
90713,28583
90715,20668
90716,13743
90717,21319
90720,24021
90723,52546
90731,62452
90732,23104
90740,24382
90742,385
90743,478
90744,53678
90745,57952
90746,27465
90747,17
90755,11654
90802,39859
90803,31804
90804,38306
90805,94631
90806,39972
90807,33320
90808,39351
90810,35648
90813,51689
90814,20676
90815,43461
90822,93
90831,0
90840,0
91001,36402
91006,32106
91007,33141
91008,754
91010,27245
91011,20094
91016,41710
91020,7265
91024,11020
91030,26297
91040,21436
91042,27055
91046,142
91101,20814
91103,24910
91104,35595
91105,12546
91106,23217
91107,32944
91108,12464
91125,968
91201,22261
91202,22258
91203,16482
91204,18847
91205,34890
91206,32330
91207,10626
91208,15467
91210,334
91214,31707
91301,24477
91302,26205
91303,29522
91304,53794
91306,48177
91307,25823
91311,40557
91316,29246
91320,43628
91321,32668
91324,29510
91325,35116
91326,37068
91330,2591
91331,98820
91335,74802
91340,33750
91342,93513
91343,61607
91344,53248
91345,18282
91350,43621
91351,33553
91352,46153
91354,33059
91355,28777
91356,30809
91360,42315
91361,18728
91362,36205
91364,28662
91367,45427
91371,0
91377,13656
91381,21857
91384,27278
91387,46283
91390,18722
91401,39011
91402,66710
91403,25566
91405,54887
91406,52661
91411,23520
91423,32536
91436,16424
91501,19343
91502,11732
91504,27268
91505,31843
91506,18773
91601,37033
91602,19760
91604,32118
91605,52086
91606,43202
91607,30918
91608,38
91701,38597
91702,61766
91706,71620
91708,17308
91709,78200
91710,80186
91711,37538
91722,34087
91723,18200
91724,28113
91730,71692
91731,28122
91732,58056
91733,41716
91737,22797
91739,41722
91740,26160
91741,26166
91744,78253
91745,54996
91746,28256
91748,43137
91750,33267
91752,37551
91754,33176
91755,26413
91759,290
91761,62506
91762,63656
91763,37515
91764,55412
91765,44779
91766,68673
91767,50308
91768,34921
91770,58893
91773,33917
91775,23776
91776,37769
91780,35136
91784,26900
91786,55519
91789,40933
91790,44791
91791,33321
91792,30921
91801,53730
91803,27803
91901,18300
91902,17445
91905,1466
91906,3375
91910,77957
91911,84619
91913,57067
91914,17036
91915,35385
91916,1757
91917,889
91931,735
91932,25897
91934,1265
91935,9466
91941,33706
91942,40920
91945,27531
91948,123
91950,57173
91962,2457
91963,617
91977,62957
91978,10511
91980,157
92003,4978
92004,3030
92007,11764
92008,27707
92009,45778
92010,17300
92011,23715
92014,13260
92019,45801
92020,58490
92021,69306
92024,50030
92025,50046
92026,53041
92027,55232
92028,50905
92029,20296
92036,3128
92037,39284
92040,45978
92054,37546
92055,11181
92056,53265
92057,57994
92058,49189
92059,1449
92060,591
92061,1693
92064,48555
92065,37397
92066,314
92067,8245
92069,46825
92070,749
92071,59739
92075,11996
92078,53542
92081,29596
92082,20596
92083,37957
92084,49533
92086,1410
92091,1215
92092,985
92093,4090
92096,0
92101,48163
92102,39001
92103,34817
92104,46912
92105,71284
92106,20863
92107,29789
92108,24401
92109,44456
92110,31186
92111,45888
92113,49047
92114,64820
92115,64011
92116,31484
92117,52645
92118,18495
92119,24868
92120,31797
92121,4157
92122,45437
92123,32999
92124,31032
92126,77239
92127,50711
92128,48492
92129,53080
92130,59768
92131,35831
92132,0
92134,295
92135,1013
92136,8774
92139,34780
92140,2490
92145,2583
92147,172
92154,82832
92155,141
92161,24
92173,26507
92179,3034
92182,0
92201,66364
92203,33381
92210,4830
92211,27375
92220,33428
92222,0
92223,62797
92225,21101
92227,28147
92230,2105
92231,38547
92233,6837
92234,52047
92236,42884
92239,167
92240,40918
92241,8624
92242,1203
92243,48556
92249,7308
92250,7854
92251,27197
92252,7916
92253,38281
92254,10779
92256,3907
92257,2185
92258,508
92259,237
92260,30751
92262,26064
92264,20250
92266,152
92267,0
92268,315
92270,17375
92273,1551
92274,17909
92275,1410
92276,7662
92277,27742
92278,3839
92280,0
92281,1904
92282,1494
92283,1795
92284,25782
92285,2914
92301,38651
92304,0
92305,371
92307,40666
92308,42402
92309,490
92310,8791
92311,33982
92313,13069
92314,10410
92315,5215
92316,31909
92317,708
92320,10680
92321,828
92322,605
92324,57049
92325,9689
92327,706
92328,872
92332,106
92333,403
92335,95295
92336,103393
92337,36944
92338,0
92339,1277
92341,299
92342,6677
92344,20671
92345,87906
92346,56956
92347,630
92350,394
92352,6496
92354,23076
92356,6665
92358,712
92359,9394
92363,5392
92364,15
92365,2514
92368,925
92369,3305
92371,21678
92372,4854
92373,34816
92374,44287
92376,84161
92377,21685
92378,445
92382,5301
92384,18
92385,186
92386,2037
92389,169
92391,2192
92392,64352
92394,39230
92395,49323
92397,5699
92398,1657
92399,55029
92401,2283
92404,63067
92405,31207
92407,69191
92408,13880
92410,48286
92411,27157
92415,0
92501,22079
92503,88242
92504,57085
92505,53063
92506,44311
92507,61920
92508,36777
92509,80149
92518,1236
92521,0
92530,60877
92532,27268
92536,2749
92539,3480
92543,39878
92544,51694
92545,45771
92548,6435
92549,3823
92551,36190
92553,73189
92555,45751
92557,55749
92561,1891
92562,65116
92563,77860
92567,10697
92570,57336
92571,60153
92582,22732
92583,33685
92584,57551
92585,29500
92586,19391
92587,18382
92590,5108
92591,41673
92592,80933
92595,34505
92596,36725
92602,27358
92603,19264
92604,27750
92606,24499
92610,13182
92612,33706
92614,29617
92617,22172
92618,62296
92620,61744
92624,6685
92625,12328
92626,50569
92627,60751
92629,26198
92630,66461
92637,17342
92646,55814
92647,58794
92648,45521
92649,35504
92651,23477
92653,29596
92655,8101
92656,52645
92657,10224
92660,34788
92661,3095
92662,2285
92663,21584
92672,37470
92673,29828
92675,34998
92676,1967
92677,64023
92678,668
92679,30966
92683,90140
92688,43937
92691,46618
92692,46568
92694,35019
92697,0
92701,48272
92703,62223
92704,80408
92705,48680
92706,37191
92707,59213
92708,56358
92780,54495
92782,29947
92801,61218
92802,43698
92804,83435
92805,74336
92806,40528
92807,37270
92808,20829
92821,42196
92823,5141
92831,35831
92832,26364
92833,52038
92835,26753
92840,54475
92841,33514
92843,46553
92844,22719
92845,15484
92860,25268
92861,5776
92865,20897
92866,14776
92867,44003
92868,27390
92869,36684
92870,52384
92879,48756
92880,75453
92881,29986
92882,69385
92883,39071
92886,49919
92887,19985
93001,31885
93003,52511
93004,31326
93010,46715
93012,36007
93013,16348
93015,18917
93021,37702
93022,5929
93023,21559
93030,58573
93033,80482
93035,26476
93036,47938
93040,1904
93041,23179
93042,107
93043,549
93060,34640
93063,56110
93064,0
93065,72585
93066,2979
93067,993
93101,30496
93103,19803
93105,25055
93106,5613
93108,11664
93109,11069
93110,16385
93111,18234
93117,52225
93201,1146
93202,4014
93203,20571
93204,13441
93205,2191
93206,1953
93207,247
93208,175
93210,18975
93212,23407
93215,53627
93218,779
93219,9708
93220,0
93221,14399
93222,2538
93223,10359
93224,430
93225,4532
93226,64
93227,177
93230,69130
93234,6477
93235,4408
93237,89
93238,726
93239,1349
93240,5622
93241,15571
93242,2611
93243,900
93244,123
93245,37443
93246,1024
93247,17967
93249,2164
93250,15451
93251,280
93252,1429
93254,794
93255,739
93256,5900
93257,79340
93258,1241
93260,151
93261,2197
93262,15
93263,23423
93265,3532
93266,1672
93267,5879
93268,16956
93270,5703
93271,2218
93272,4359
93274,79154
93276,175
93277,53406
93280,27266
93283,2129
93285,2415
93286,10516
93287,134
93291,63049
93292,45523
93301,14026
93304,51457
93305,36998
93306,73370
93307,88233
93308,55788
93309,63989
93311,52505
93312,58265
93313,60331
93314,34997
93401,29995
93402,15085
93405,23856
93407,348
93408,8
93409,2687
93410,7038
93420,32016
93422,33512
93424,1026
93426,1509
93427,5866
93428,6269
93429,129
93430,3257
93432,1229
93433,12684
93434,8451
93436,55834
93437,3688
93440,896
93441,990
93442,11336
93444,21495
93445,6812
93446,45859
93449,8024
93450,740
93451,5007
93452,301
93453,2003
93454,41710
93455,44350
93458,59126
93460,6425
93461,1353
93463,8099
93465,10248
93501,5944
93505,14767
93510,7562
93512,297
93513,1525
93514,14961
93516,2742
93517,513
93518,1115
93519,0
93522,74
93523,3681
93524,63
93526,912
93527,1801
93528,77
93529,209
93530,21
93531,497
93532,2762
93534,42290
93535,80478
93536,72013
93541,889
93543,12217
93544,1201
93545,1394
93546,8803
93549,244
93550,79929
93551,54956
93552,43903
93553,1349
93554,102
93555,33629
93558,0
93560,21537
93561,31179
93562,1822
93563,218
93581,3447
93591,7531
93601,1248
93602,3091
93603,177
93604,518
93605,83
93606,1031
93608,879
93609,5071
93610,24088
93611,46631
93612,37790
93614,11144
93615,5665
93616,2173
93618,32223
93619,53381
93620,10173
93621,345
93622,9683
93623,4
93624,764
93625,8889
93626,3039
93627,295
93628,397
93630,21352
93631,16656
93633,32
93634,25
93635,49232
93636,14777
93637,42278
93638,51502
93640,14507
93641,271
93643,2778
93644,6490
93645,1082
93646,10047
93647,11370
93648,15108
93650,2969
93651,1441
93652,314
93653,1314
93654,31905
93656,6224
93657,36536
93660,4062
93662,29499
93664,328
93665,422
93666,696
93667,2118
93668,806
93669,297
93670,106
93673,354
93675,3739
93701,10258
93702,45241
93703,34166
93704,29172
93705,37940
93706,40635
93710,32579
93711,39360
93720,49463
93721,7606
93722,84500
93723,14158
93725,25520
93726,44766
93727,83630
93728,18077
93730,13021
93737,6360
93740,1166
93741,69
93901,29480
93905,64596
93906,64592
93907,24922
93908,12517
93920,1564
93921,2459
93923,12377
93924,6046
93925,1320
93926,8998
93927,21131
93928,1084
93930,17124
93932,431
93933,27617
93940,30951
93943,11
93944,2719
93950,15003
93953,3576
93954,269
93955,32253
93960,25736
93962,189
94002,27730
94005,4718
94010,42794
94014,46269
94015,64121
94018,3404
94019,14754
94020,1745
94021,332
94022,19993
94024,23673
94025,40230
94027,7030
94028,6645
94030,22589
94037,2897
94038,3016
94040,35581
94041,15841
94043,32042
94044,37540
94060,1389
94061,37369
94062,25944
94063,34695
94065,11620
94066,42875
94070,30696
94074,92
94080,65036
94085,23159
94086,48956
94087,58126
94089,23214
94102,34983
94103,33524
94104,478
94105,14890
94107,30190
94108,11008
94109,54397
94110,66687
94111,4553
94112,80133
94114,33627
94115,32715
94116,42523
94117,37575
94118,39275
94121,42987
94122,57369
94123,24518
94124,36226
94127,20710
94128,0
94129,3808
94130,2829
94131,27809
94132,27406
94133,24753
94134,40142
94158,11206
94188,0
94301,17126
94303,47123
94304,4731
94305,17912
94306,27527
94401,35628
94402,25498
94403,43459
94404,35950
94501,63517
94502,13359
94503,21852
94505,15316
94506,27261
94507,14546
94508,3298
94509,71013
94510,26879
94511,2144
94512,134
94513,68160
94514,2044
94515,6921
94516,208
94517,12164
94518,27743
94519,19918
94520,36767
94521,41118
94523,34789
94525,3665
94526,33085
94528,1000
94530,26229
94531,44746
94533,78537
94534,41122
94535,3863
94536,70707
94538,67704
94539,52609
94541,67785
94542,14729
94544,76739
94545,33186
94546,45848
94547,26245
94548,637
94549,28247
94550,49610
94551,38739
94552,14359
94553,48600
94555,37500
94556,15922
94558,64552
94559,27828
94560,47145
94561,45386
94562,0
94563,19409
94564,18835
94565,99933
94566,44782
94567,673
94568,70542
94569,194
94571,10973
94572,8712
94573,81
94574,7646
94575,1005
94576,130
94577,47533
94578,41567
94579,19955
94580,28866
94582,47182
94583,39418
94585,29290
94586,1011
94587,68141
94588,34423
94589,30199
94590,37401
94591,58516
94592,922
94595,17051
94596,23592
94597,24235
94598,26293
94599,3388
94601,52289
94602,31450
94603,36440
94605,44168
94606,38746
94607,27891
94608,33998
94609,24854
94610,32675
94611,39240
94612,17663
94613,529
94618,16845
94619,28044
94621,34658
94702,17073
94703,20874
94704,24427
94705,14149
94706,20486
94707,12728
94708,11967
94709,12179
94710,8144
94720,5649
94801,33564
94803,27588
94804,44679
94805,15356
94806,61749
94901,41095
94903,31135
94904,13043
94920,12682
94922,312
94923,1457
94924,1217
94925,10101
94928,46463
94929,224
94930,8564
94931,9320
94933,1255
94937,916
94938,540
94939,7372
94940,275
94941,32349
94945,17280
94946,727
94947,24360
94949,18357
94950,29
94951,3628
94952,33339
94954,38000
94956,1158
94957,2151
94960,15891
94963,562
94964,2115
94965,12160
94970,372
94971,315
94972,153
94973,1652
95002,1639
95003,24708
95004,3917
95005,7150
95006,8433
95007,335
95008,48415
95010,8697
95012,11147
95013,42
95014,61109
95017,738
95018,6377
95019,6235
95020,67945
95023,58374
95030,12969
95032,27682
95033,9884
95035,78479
95037,51517
95039,1279
95041,846
95043,673
95045,4291
95046,6766
95050,39827
95051,61345
95053,3153
95054,25196
95060,46024
95062,36047
95064,9883
95065,8031
95066,15369
95070,31383
95073,11487
95075,575
95076,82409
95110,19444
95111,58885
95112,56766
95113,2443
95116,48816
95117,27798
95118,31831
95119,10449
95120,38103
95121,35722
95122,52206
95123,70279
95124,51991
95125,53934
95126,38239
95127,61091
95128,33585
95129,40896
95130,13491
95131,30745
95132,39605
95133,28561
95134,30255
95135,20503
95136,47157
95138,19513
95139,7113
95140,41
95148,45392
95202,6426
95203,16628
95204,31028
95205,39154
95206,67501
95207,52441
95209,46567
95210,42103
95211,1190
95212,28013
95215,26032
95219,31200
95220,7958
95221,164
95222,5666
95223,2934
95224,265
95225,1224
95226,0
95227,1036
95228,4880
95230,495
95231,4339
95232,151
95233,204
95236,4506
95237,3753
95240,50682
95242,27860
95245,3227
95246,1701
95247,3682
95248,66
95249,4696
95251,684
95252,13851
95253,526
95254,316
95255,1755
95257,427
95258,3868
95301,42374
95303,876
95304,14818
95305,203
95306,869
95307,46209
95309,0
95310,1783
95311,2282
95312,193
95313,1114
95315,13006
95316,7594
95317,936
95318,572
95319,1580
95320,13511
95321,3870
95322,9013
95323,1409
95324,7862
95325,0
95326,10662
95327,8799
95328,3939
95329,2339
95330,33015
95333,3203
95334,17198
95335,82
95336,49357
95337,46157
95338,10164
95340,38045
95341,34956
95345,318
95346,807
95348,36663
95350,55984
95351,47232
95354,26587
95355,60470
95356,33025
95357,14283
95358,30994
95360,13690
95361,35024
95363,30407
95364,0
95365,4009
95366,18440
95367,25303
95368,14457
95369,802
95370,28373
95372,1825
95374,1652
95375,65
95376,54853
95377,36182
95379,3821
95380,43731
95382,39320
95383,3663
95385,671
95386,10410
95387,1187
95388,13005
95389,2067
95391,25193
95401,36842
95403,45570
95404,37317
95405,22811
95407,42135
95409,25960
95410,642
95412,227
95415,1296
95417,208
95419,160
95420,349
95421,1453
95422,17101
95423,3432
95425,11410
95426,1265
95427,609
95428,2667
95429,108
95430,0
95431,47
95432,771
95435,340
95436,5999
95437,15106
95439,708
95441,1842
95442,2986
95443,70
95444,748
95445,2102
95446,4808
95448,15868
95449,1828
95450,215
95451,12793
95452,1388
95453,11888
95454,1676
95456,965
95457,3036
95458,3365
95459,718
95460,2144
95461,3720
95462,1122
95463,14
95464,2417
95465,1154
95466,582
95467,5721
95468,1992
95469,1503
95470,6122
95471,604
95472,28588
95476,35139
95480,9
95482,33396
95485,2900
95486,15
95488,309
95490,14627
95492,27455
95493,91
95494,169
95497,1200
95501,22972
95503,24442
95511,77
95514,81
95519,18792
95521,21684
95524,1770
95525,1443
95526,887
95527,708
95528,1415
95531,22491
95536,3360
95537,512
95538,1065
95540,14641
95542,2831
95543,401
95545,335
95546,2436
95547,1144
95548,934
95549,1090
95550,206
95551,1870
95552,433
95553,734
95554,352
95555,349
95556,854
95558,244
95559,0
95560,1350
95562,3384
95563,584
95564,477
95565,891
95567,2349
95568,201
95569,190
95570,2480
95571,112
95573,990
95585,598
95587,0
95589,1467
95595,307
95601,358
95602,19248
95603,28195
95604,24
95605,14711
95606,230
95607,271
95608,63052
95610,46759
95612,1519
95613,0
95614,4504
95615,978
95616,51863
95618,27007
95619,6362
95620,22367
95621,41747
95623,4725
95624,68036
95625,248
95626,4974
95627,3935
95628,43783
95629,1047
95630,77952
95631,6934
95632,31889
95633,2653
95634,3792
95635,1424
95636,1387
95637,374
95638,2295
95639,286
95640,12811
95641,2086
95642,7350
95645,1363
95646,406
95648,56597
95650,13314
95651,623
95652,1665
95653,682
95655,5029
95658,6197
95659,673
95660,35668
95661,32599
95662,31895
95663,3126
95664,1261
95665,4903
95666,6089
95667,36286
95668,540
95669,2359
95670,59314
95671,4188
95672,5630
95673,16935
95674,992
95675,345
95676,91
95677,28873
95678,45744
95679,113
95680,10
95681,1525
95682,29249
95683,6128
95684,2637
95685,4611
95686,1123
95687,69741
95688,39216
95689,1065
95690,1793
95691,39894
95692,4966
95693,7623
95694,10156
95695,38787
95697,264
95698,255
95699,86
95701,1077
95703,2099
95709,5844
95713,10471
95714,383
95715,85
95717,111
95720,52
95721,0
95722,4439
95726,8229
95728,593
95735,54
95736,187
95742,16287
95746,22549
95747,78987
95757,54535
95758,65999
95762,47262
95765,43225
95776,27189
95811,8487
95814,12355
95815,26511
95816,19079
95817,14123
95818,22798
95819,20173
95820,35359
95821,38372
95822,46269
95823,83254
95824,32432
95825,37077
95826,40500
95827,21032
95828,60532
95829,31370
95830,592
95831,44366
95832,12973
95833,40205
95834,35062
95835,41678
95837,263
95838,40295
95841,21232
95842,35031
95843,48321
95864,25137
95901,36807
95903,2072
95910,35
95912,5048
95913,266
95914,459
95915,0
95916,765
95917,3561
95918,1842
95919,1110
95920,171
95922,495
95923,60
95925,219
95926,42143
95928,37533
95929,0
95930,412
95932,7672
95934,57
95935,564
95936,191
95937,996
95938,4327
95939,323
95941,342
95942,2190
95943,536
95944,91
95945,27675
95946,9448
95947,1105
95948,11118
95949,20709
95950,452
95951,2743
95953,10945
95954,8488
95955,1311
95956,486
95957,770
95958,0
95959,18017
95960,568
95961,33439
95962,1136
95963,16483
95965,20854
95966,29335
95968,1346
95969,7804
95970,494
95971,6288
95972,0
95973,37977
95974,93
95975,1615
95977,1738
95978,283
95979,475
95981,60
95982,2971
95983,360
95984,209
95986,110
95987,6489
95988,9060
95991,42490
95993,38957
96001,34109
96002,34023
96003,44068
96006,513
96007,25009
96008,1086
96009,380
96010,119
96011,157
96013,3929
96014,285
96015,523
96016,297
96017,132
96019,10413
96020,2404
96021,15076
96022,16497
96023,1128
96024,1029
96025,2150
96027,1872
96028,1667
96029,117
96031,70
96032,2629
96033,245
96034,325
96035,3968
96037,131
96038,399
96039,647
96040,88
96041,3413
96044,1181
96046,410
96047,857
96048,1197
96050,369
96051,885
96052,2817
96054,242
96055,3404
96056,1535
96057,1076
96058,706
96059,731
96061,38
96062,1074
96063,107
96064,4696
96065,346
96067,7800
96068,152
96069,1371
96071,17
96073,5633
96074,225
96075,330
96076,140
96078,95
96080,31149
96084,760
96085,65
96086,307
96087,819
96088,4552
96090,395
96091,761
96092,511
96093,3626
96094,6674
96096,717
96097,10220
96101,4868
96103,1301
96104,883
96105,493
96106,359
96107,668
96108,103
96109,1182
96110,82
96111,22
96112,172
96113,2310
96114,2797
96115,109
96116,0
96117,249
96118,1492
96119,28
96120,1273
96121,169
96122,4492
96123,77
96124,253
96125,226
96126,233
96128,642
96129,411
96130,20892
96132,17
96133,242
96134,2347
96135,114
96136,74
96137,2717
96140,1099
96141,621
96142,821
96143,2852
96145,3291
96146,1120
96148,462
96150,29527
96155,0
96161,19231
96701,40504
96703,3453
96704,7975
96705,2376
96706,83467
96707,49316
96708,11452
96710,209
96712,8099
96713,1053
96714,1438
96716,2329
96717,4396
96719,1537
96720,50971
96722,2061
96725,4672
96726,22
96727,4759
96728,370
96729,1576
96730,1427
96731,2827
96732,25889
96734,50985
96737,3781
96738,7407
96740,40805
96741,6283
96742,43
96743,13326
96744,56245
96746,20566
96747,1361
96748,5168
96749,19449
96750,3137
96751,104
96752,3552
96753,29249
96754,4172
96755,3548
96756,6110
96757,800
96759,202
96760,4144
96761,21766
96762,5699
96763,3333
96764,570
96765,516
96766,16924
96768,18782
96769,295
96770,548
96771,7736
96772,2556
96773,185
96774,490
96776,1629
96777,1838
96778,14225
96779,2906
96780,425
96781,1993
96782,37740
96783,1701
96785,4224
96786,41293
96789,54608
96790,9463
96791,6434
96792,49879
96793,32647
96795,10315
96796,2070
96797,72717
96813,26059
96814,23739
96815,27146
96816,50711
96817,55213
96818,55107
96819,51961
96820,0
96821,19831
96822,44551
96825,30904
96826,29718
96848,531
96850,0
96853,513
96857,4352
96858,327
96859,0
96860,4414
96863,2436
97001,373
97002,6468
97003,27791
97004,4105
97005,27812
97006,45556
97007,48081
97008,29183
97009,7877
97011,769
97013,24094
97014,1617
97015,24166
97016,6568
97017,3449
97018,1806
97019,3332
97020,1242
97021,1457
97022,3172
97023,11608
97024,11702
97026,3898
97027,12413
97028,150
97029,336
97030,38471
97031,19145
97032,4810
97033,126
97034,21119
97035,25875
97037,857
97038,17100
97039,469
97040,1877
97041,3284
97042,3330
97045,57432
97048,7096
97049,2015
97050,225
97051,17589
97053,3401
97054,1404
97055,20131
97056,12794
97057,15
97058,20540
97060,21788
97062,28620
97063,1064
97064,3730
97065,752
97067,2285
97068,30254
97070,26363
97071,31847
97078,25813
97080,47548
97086,33685
97089,14906
97101,3945
97102,378
97103,17738
97106,5009
97107,2158
97108,492
97109,487
97110,1128
97111,4285
97112,2108
97113,15621
97114,5136
97115,3916
97116,29598
97117,787
97118,769
97119,5154
97121,1643
97122,563
97123,48622
97124,54351
97125,61
97127,4428
97128,38625
97130,902
97131,2442
97132,31715
97133,5662
97134,152
97135,1505
97136,2422
97137,1126
97138,11724
97140,27999
97141,12734
97144,88
97145,307
97146,7614
97147,469
97148,3125
97149,679
97201,17229
97202,44107
97203,33159
97204,932
97205,9232
97206,50258
97208,0
97209,21727
97210,11331
97211,33713
97212,27573
97213,31238
97214,28128
97215,17849
97216,16735
97217,34756
97218,14704
97219,43111
97220,27810
97221,13118
97222,36643
97223,50226
97224,36015
97225,25802
97227,6378
97229,75626
97230,41682
97231,4304
97232,15152
97233,37518
97236,37864
97239,18224
97258,0
97266,35992
97267,31160
97301,56274
97302,40954
97303,40893
97304,34846
97305,45044
97306,34160
97310,1144
97317,26165
97321,30996
97322,36288
97324,1129
97325,7154
97326,931
97327,3046
97329,39
97330,44464
97331,3675
97333,23655
97335,261
97336,95
97338,22977
97341,3194
97342,144
97343,550
97344,1464
97345,321
97346,970
97347,1483
97348,2103
97350,188
97351,11384
97352,6635
97355,33236
97357,206
97358,2502
97360,2362
97361,13953
97362,3952
97364,637
97365,10905
97366,2169
97367,11280
97368,2768
97369,327
97370,9443
97371,445
97373,135
97374,5135
97375,1204
97376,1226
97377,677
97378,9613
97380,2116
97381,15404
97383,9616
97384,9
97385,3876
97386,15509
97388,954
97389,1706
97390,708
97391,5944
97392,6999
97394,5251
97396,3447
97401,48186
97402,54199
97403,14508
97404,33356
97405,46870
97406,449
97408,15297
97410,389
97411,7629
97412,640
97413,757
97414,367
97415,14271
97416,1342
97417,2462
97419,916
97420,27579
97423,5799
97424,18881
97426,10384
97429,946
97430,407
97431,2115
97432,314
97434,799
97435,2383
97436,698
97437,2462
97438,1218
97439,15643
97441,351
97442,1908
97443,3122
97444,5794
97446,4997
97447,636
97448,14629
97449,2200
97450,921
97451,461
97452,1640
97453,940
97454,1284
97455,2326
97456,3278
97457,10158
97458,4790
97459,15328
97461,635
97462,4027
97463,3820
97465,1777
97466,1152
97467,5300
97469,2541
97470,18951
97471,32439
97473,332
97476,261
97477,37837
97478,39267
97479,10479
97480,325
97481,608
97484,277
97486,725
97487,9546
97488,662
97489,896
97490,476
97492,1058
97493,466
97494,42
97495,1569
97496,7557
97497,1172
97498,2141
97499,1836
97501,45008
97502,29583
97503,14119
97504,50471
97520,26983
97522,584
97523,7162
97524,15072
97525,4732
97526,36109
97527,36756
97530,9157
97531,98
97532,2146
97534,1028
97535,4766
97536,1230
97537,6656
97538,1831
97539,3349
97540,8475
97541,1373
97543,732
97544,2040
97601,22751
97603,32212
97604,0
97620,70
97621,268
97622,276
97623,2954
97624,3756
97625,139
97626,238
97627,445
97630,5484
97632,1473
97633,1456
97634,370
97635,323
97636,354
97637,82
97638,531
97639,9
97640,160
97641,1250
97701,42543
97702,53114
97703,34476
97707,6506
97709,0
97710,53
97711,30
97712,55
97720,4456
97721,262
97722,54
97730,298
97731,218
97732,186
97733,592
97734,3647
97735,130
97736,86
97737,525
97738,2187
97739,13178
97741,13750
97750,458
97751,13
97752,0
97753,3041
97754,22469
97756,44287
97758,44
97759,7500
97760,8185
97761,3080
97801,21930
97810,826
97812,996
97813,1366
97814,12829
97817,34
97818,5402
97819,16
97820,1417
97823,984
97824,1923
97825,348
97826,1154
97827,2557
97828,3369
97830,621
97833,806
97834,1298
97835,545
97836,2279
97837,71
97838,27979
97839,236
97840,135
97841,428
97842,85
97843,725
97844,3569
97845,2326
97846,2259
97848,217
97850,16545
97856,455
97857,597
97859,136
97862,12538
97864,303
97865,968
97867,1057
97868,1531
97869,919
97870,529
97873,119
97874,351
97875,2522
97876,1092
97877,325
97880,367
97882,8043
97883,2634
97884,91
97885,1222
97886,1185
97901,762
97902,26
97903,29
97904,187
97905,45
97906,286
97907,775
97908,20
97909,19
97910,675
97911,41
97913,5544
97914,19879
97917,50
97918,4358
97920,25
98001,36041
98002,37284
98003,52210
98004,39435
98005,21929
98006,40770
98007,26838
98008,27138
98010,6351
98011,28250
98012,76123
98014,7681
98019,11712
98020,19064
98021,35445
98022,22135
98023,49593
98024,4632
98025,51
98026,38985
98027,28335
98028,23594
98029,30930
98030,38492
98031,40898
98032,40150
98033,40662
98034,51836
98036,42016
98037,30574
98038,37868
98039,2889
98040,25282
98042,48594
98043,21417
98045,15705
98047,6900
98050,87
98051,3555
98052,79074
98053,22838
98055,24851
98056,36872
98057,12151
98058,41980
98059,41639
98065,16061
98068,442
98070,10424
98072,24922
98074,30850
98075,25231
98077,14407
98087,40607
98092,50510
98101,16396
98102,26583
98103,51988
98104,15870
98105,49229
98106,28889
98107,28390
98108,24430
98109,32552
98110,24607
98112,23961
98115,54248
98116,28091
98117,35147
98118,49560
98119,26390
98121,20904
98122,42001
98125,43807
98126,22433
98133,52620
98134,779
98136,17299
98144,33048
98146,28182
98148,10399
98154,0
98155,35906
98158,0
98164,235
98166,22001
98168,34814
98174,0
98177,20506
98178,25929
98188,26769
98195,2471
98198,39815
98199,22751
98201,31212
98203,35356
98204,43961
98207,958
98208,60616
98220,558
98221,23211
98222,126
98223,46225
98224,192
98225,50355
98226,45739
98229,33919
98230,18757
98232,3938
98233,17703
98235,515
98236,7052
98237,5110
98238,44
98239,7492
98240,3208
98241,2412
98243,337
98244,3080
98245,4206
98247,8924
98248,28061
98249,4531
98250,9127
98251,4782
98252,10487
98253,2141
98255,201
98256,409
98257,4448
98258,52005
98260,5480
98261,3030
98262,1020
98263,201
98264,22365
98266,4198
98267,275
98270,53744
98271,30561
98272,32055
98273,30078
98274,19247
98275,21312
98276,1547
98277,40338
98278,2178
98279,650
98280,427
98281,1275
98282,17535
98283,342
98284,26970
98286,135
98288,201
98290,39732
98292,26713
98294,7838
98295,3135
98296,27201
98297,48
98303,1341
98304,867
98305,311
98310,22170
98311,27947
98312,34273
98314,1358
98315,5931
98320,1313
98321,17601
98323,712
98325,1654
98326,1159
98327,9952
98328,11222
98329,11379
98330,24
98331,5526
98332,19784
98333,3365
98335,27956
98336,805
98337,7872
98338,32726
98339,3480
98340,2834
98342,1398
98345,272
98346,9337
98349,5021
98350,367
98351,1832
98353,0
98354,8432
98355,699
98356,2227
98357,1528
98358,982
98359,4691
98360,14986
98361,388
98362,23907
98363,14644
98364,0
98365,5178
98366,37692
98367,32203
98368,17401
98370,32997
98371,23989
98372,26662
98373,29062
98374,47645
98375,32195
98376,2018
98377,2555
98380,5187
98381,213
98382,31225
98383,22047
98385,609
98387,49940
98388,7054
98390,11497
98391,57691
98392,3412
98394,1036
98396,871
98402,7500
98403,8586
98404,35829
98405,25306
98406,23642
98407,21210
98408,20469
98409,27298
98416,877
98418,10475
98421,249
98422,22126
98424,11871
98430,569
98433,20888
98438,568
98439,5389
98443,5787
98444,35660
98445,33578
98446,14241
98447,964
98465,7489
98466,30622
98467,15241
98498,28940
98499,33694
98501,46937
98502,35043
98503,42189
98505,636
98506,18763
98512,31291
98513,37953
98516,28286
98520,25072
98524,4585
98526,176
98527,321
98528,12398
98530,511
98531,27356
98532,26531
98533,774
98535,598
98536,28
98537,2902
98538,333
98539,185
98541,10285
98542,686
98544,8
98546,2288
98547,1206
98548,2336
98550,12274
98552,207
98555,213
98556,402
98557,3949
98558,61
98559,0
98560,132
98562,98
98563,7630
98564,3205
98565,484
98566,281
98568,2956
98569,7187
98570,5060
98571,52
98572,806
98575,133
98576,5063
98577,7458
98579,13907
98580,11472
98581,383
98582,366
98583,109
98584,40036
98585,607
98586,1848
98587,947
98588,1797
98589,7296
98590,419
98591,3769
98592,1666
98593,1676
98595,2591
98596,7276
98597,26431
98601,2742
98602,198
98603,1192
98604,38550
98605,1336
98606,9431
98607,35661
98609,0
98610,3004
98611,9367
98612,3325
98613,462
98614,591
98616,81
98617,1105
98619,674
98620,7617
98621,190
98623,43
98624,1645
98625,7020
98626,26948
98628,530
98629,9051
98631,3468
98632,50845
98635,2033
98638,1545
98639,1151
98640,5107
98641,221
98642,26379
98643,514
98644,686
98645,2195
98647,311
98648,3353
98649,980
98650,1332
98651,935
98660,13699
98661,52027
98662,38008
98663,15645
98664,22923
98665,28243
98670,60
98671,23669
98672,7036
98673,418
98674,16765
98675,7494
98682,67297
98683,31613
98684,36486
98685,30044
98686,20553
98801,44422
98802,32170
98811,42
98812,5188
98813,3233
98814,465
98815,8031
98816,7677
98817,141
98819,208
98821,500
98822,2187
98823,12661
98824,239
98826,7817
98827,353
98828,1885
98829,441
98830,564
98831,4020
98832,158
98833,238
98834,228
98836,789
98837,47399
98840,5084
98841,9376
98843,2492
98844,4814
98845,163
98846,1313
98847,2034
98848,13014
98849,1123
98850,1825
98851,4996
98852,30
98853,0
98855,5615
98856,2654
98857,3935
98858,1851
98859,476
98860,245
98862,3089
98901,32080
98902,45377
98903,19010
98908,37921
98921,0
98922,7915
98923,1027
98925,1240
98926,31883
98930,15071
98932,5742
98933,1276
98934,803
98935,4481
98936,8898
98937,4701
98938,1678
98939,90
98940,461
98941,884
98942,18564
98943,707
98944,24048
98946,303
98947,3146
98948,12960
98950,58
98951,12935
98952,1735
98953,6815
99001,8931
99003,4634
99004,22448
99005,10682
99006,14666
99008,341
99009,4525
99011,3016
99012,1125
99013,1694
99014,15
99016,20260
99017,208
99018,308
99019,12092
99020,15
99021,9226
99022,9398
99023,780
99025,5846
99026,9206
99027,5878
99029,1775
99030,616
99031,1434
99032,1022
99033,826
99034,105
99036,1588
99037,16761
99039,163
99040,535
99101,1544
99102,448
99103,534
99105,31
99109,5075
99110,1592
99111,4049
99113,535
99114,12939
99115,1306
99116,1649
99117,578
99118,964
99119,1465
99121,325
99122,4044
99123,952
99124,296
99125,636
99126,926
99128,248
99129,649
99130,847
99131,137
99133,1341
99134,608
99135,441
99136,19
99137,442
99138,1173
99139,980
99140,506
99141,6272
99143,603
99144,13
99146,38
99147,185
99148,2381
99149,102
99150,296
99151,206
99152,139
99153,428
99154,32
99155,996
99156,9323
99157,719
99158,601
99159,1177
99160,69
99161,1478
99163,33692
99166,2879
99167,943
99169,2637
99170,1015
99171,991
99173,1773
99174,70
99176,132
99179,647
99180,613
99181,2004
99185,1518
99201,14432
99202,19956
99203,21921
99204,7519
99205,43340
99206,41442
99207,34766
99208,58834
99212,21549
99216,28056
99217,19893
99218,16920
99223,35848
99224,23599
99251,981
99258,473
99301,86467
99320,10157
99321,905
99322,466
99323,4198
99324,10171
99326,5875
99328,3595
99329,122
99330,1104
99333,104
99335,229
99336,51180
99337,33080
99338,19235
99341,685
99343,3236
99344,19458
99345,169
99346,269
99347,2467
99348,1733
99349,8098
99350,14278
99352,36641
99353,18702
99354,25577
99356,329
99357,3550
99359,107
99360,1299
99361,1800
99362,42794
99363,127
99371,332
99401,349
99402,1628
99403,20483
99501,16563
99502,26110
99503,12944
99504,41684
99505,5425
99506,7051
99507,36300
99508,36660
99513,0
99515,21879
99516,21208
99517,16567
99518,9837
99519,1622
99530,0
99540,354
99546,141
99547,26
99548,31
99549,73
99550,151
99551,629
99552,273
99553,737
99554,997
99555,109
99556,2858
99557,707
99558,85
99559,7272
99561,530
99563,464
99564,28
99565,31
99566,129
99567,6739
99568,498
99569,20
99571,236
99572,244
99573,832
99574,2517
99575,18
99576,2464
99577,27917
99578,332
99579,50
99580,35
99581,945
99583,95
99585,426
99586,430
99587,1857
99588,1138
99589,113
99590,171
99591,59
99602,229
99603,11557
99604,1008
99605,48
99606,236
99607,232
99608,26
99609,692
99610,2307
99611,16028
99612,1204
99613,422
99614,488
99615,12304
99620,1166
99621,852
99622,461
99623,22786
99624,108
99625,18
99626,234
99627,195
99628,693
99630,290
99631,101
99632,872
99633,458
99634,737
99635,106
99636,466
99637,999
99638,1
99639,1244
99640,88
99641,766
99643,186
99644,103
99645,31494
99647,14
99648,95
99649,57
99650,558
99651,25
99652,4066
99653,174
99654,44420
99655,1302
99656,9
99657,280
99658,1009
99659,220
99660,362
99661,1151
99662,491
99663,385
99664,4296
99665,36
99666,0
99667,152
99668,61
99669,15722
99670,66
99671,666
99672,4153
99674,1473
99675,67
99676,1754
99677,23
99678,993
99679,324
99680,616
99681,405
99682,296
99683,584
99684,821
99685,3690
99686,3935
99688,2542
99689,506
99690,67
99691,93
99692,740
99693,489
99694,1406
99695,0
99701,17564
99702,3200
99703,8545
99704,35
99705,22281
99706,31
99707,0
99709,29734
99712,12070
99714,1282
99720,195
99721,277
99722,177
99723,4855
99724,82
99725,494
99726,15
99727,629
99729,121
99730,98
99732,8
99733,48
99734,1424
99736,205
99737,4659
99738,165
99739,278
99740,583
99741,565
99742,464
99743,687
99744,125
99745,32
99746,136
99747,153
99748,146
99749,473
99750,813
99751,125
99752,3129
99753,306
99754,44
99755,964
99756,20
99757,14
99758,190
99759,288
99760,800
99761,700
99762,4154
99763,722
99764,207
99765,284
99766,721
99767,0
99768,180
99769,766
99770,403
99771,293
99772,462
99773,211
99774,7
99775,707
99776,173
99777,309
99778,309
99780,1790
99781,102
99782,612
99783,286
99784,185
99785,691
99786,201
99788,103
99789,529
99790,11
99791,139
99801,29796
99820,467
99824,2163
99825,13
99826,610
99827,2166
99829,894
99830,598
99832,68
99833,3394
99835,8393
99836,26
99840,1308
99841,172
99850,0
99901,13875
99903,1
99918,308
99919,547
99921,1667
99922,297
99923,25
99925,854
99926,1385
99927,18
99929,2105
