request_id,street_1_norm,street_2_norm,city_norm,state_norm,zip_norm,provider_count,geocoding_source,geocoding_status,geocoding_match_count,geocoded_matched_address,provider_latitude,provider_longitude,geocoded_tiger_line_id,geocoded_side
1,# L-3539,,COLUMBUS,OH,43260,1,Census_Geocoder,unmatched,0,,,,,
4,000 UNIVERSITY DRIVE C,132 Y-A,PITTSBURGH,PA,15240,1,Census_Geocoder,unmatched,0,,,,,
5,0610 TERRAPIN TRAIL,UNIVERSITY OF MARYLAND,COLLEGE PARK,MD,20741,1,Census_Geocoder,unmatched,0,,,,,
6,1 AMERICAN SQ,SUITE 185,INDIANAPOLIS,IN,46282,1,Census_Geocoder,unmatched,0,,,,,
7,1 AMERICAN SQ STE 185,,INDIANAPOLIS,IN,46282,1,Census_Geocoder,unmatched,0,,,,,
8,1 AYERS CIRCLE,BLDG H-1 NAVAL BRANCH HEALTH CLINIC,PORTSMOUTH,NH,03804,1,Census_Geocoder,unmatched,0,,,,,
9,1 AYRES CIRCLE,NAVAL BRANCH HEALTH CLINIC BUILDING H-1,PORTSMOUTH,NH,03804,1,Census_Geocoder,unmatched,0,,,,,
10,1 ELIZABETH PL,4TH FLOOR,DAYTON,OH,45408,1,Census_Geocoder,unmatched,0,,,,,
11,1 ELIZABETH PL,SUITE 190,DAYTON,OH,45408,1,Census_Geocoder,unmatched,0,,,,,
12,1 ELIZABETH PLACE,SUITE 300,DAYTON,OH,45408,1,Census_Geocoder,unmatched,0,,,,,
13,1 ELIZABETH PLACE,WEST PAVILION 1ST FLOOR SUITE C,DAYTON,OH,45408,1,Census_Geocoder,unmatched,0,,,,,
14,1 FLETCHER DR,PHARMACY SHCC UNIVERSITY OF FLORIDA,GAINESVILLE,FL,32611,1,Census_Geocoder,unmatched,0,,,,,
15,1 FLETCHER DR,SHCC,GAINESVILLE,FL,32611,2,Census_Geocoder,unmatched,0,,,,,
16,1 FLETCHER DR,STUDENT HEALTH CARE CENTER,GAINESVILLE,FL,32611,2,Census_Geocoder,unmatched,0,,,,,
17,1 FLETCHER DR,UNIVERSITY OF FLORIDA,GAINESVILLE,FL,32611,1,Census_Geocoder,unmatched,0,,,,,
18,1 FLETCHER DR,,GAINESVILLE,FL,32611,3,Census_Geocoder,unmatched,0,,,,,
19,1 FLETCHER DRIVE,SHCC,GAINESVILLE,FL,32611,1,Census_Geocoder,unmatched,0,,,,,
20,1 FLETCHER DRIVE,SHCC RM 245,GAINESVILLE,FL,32611,1,Census_Geocoder,unmatched,0,,,,,
21,1 FLETCHER DRIVE,UF INFIRMARY,GAINESVILLE,FL,32611,1,Census_Geocoder,unmatched,0,,,,,
22,1 FLETCHER DRIVE,UNIVERSITY OF FLORIDA SHCC,GAINESVILLE,FL,32611,1,Census_Geocoder,unmatched,0,,,,,
23,1 FLETCHER DRIVE,,GAINESVILLE,FL,32611,3,Census_Geocoder,unmatched,0,,,,,
24,1 GENERAL ST,,LAWRENCE,MA,01842,1,Census_Geocoder,matched,1,"1 GENERAL ST, LAWRENCE, MA, 01841",42.709078092267,-71.147974288491,86689874,R
25,1 HANSON PL,SUITE 401,BROOKLYN,NY,11243,1,Census_Geocoder,matched,1,"1 HANSON PL, BROOKLYN, NY, 11243",40.685143182338,-73.977831385389,59077659,L
26,1 HANSON PL,SUITE 711,BROOKLYN,NY,11243,1,Census_Geocoder,matched,1,"1 HANSON PL, BROOKLYN, NY, 11243",40.685143182338,-73.977831385389,59077659,L
27,1 HANSON PL STE 710,,BROOKLYN,NY,11243,1,Census_Geocoder,matched,1,"1 HANSON PL, BROOKLYN, NY, 11243",40.685143182338,-73.977831385389,59077659,L
28,1 HOSPITAL DR,,COLUMBIA,MO,65212,24,Census_Geocoder,unmatched,0,,,,,
29,1 HOSPITAL DRIVE,,COLUMBIA,MO,65212,2,Census_Geocoder,unmatched,0,,,,,
30,1 MED CENTER DR,,MORGANTOWN,WV,26507,1,Census_Geocoder,matched,1,"1 MEDICAL CENTER DR, MORGANTOWN, WV, 26506",39.652235753648,-79.959761392189,50775879,L
31,1 MEDICAL CENTER BLVD,,WINSTON SALEM,NC,27157,4,Census_Geocoder,matched,1,"1 MEDICAL CENTER BLVD, WINSTON SALEM, NC, 27103",36.090221391169,-80.271414776911,84648263,L
32,1 MEDICAL CENTER DR,ANESTHESIOLOGY,LEBANON,NH,03756,1,Census_Geocoder,unmatched,0,,,,,
33,1 MEDICAL CENTER DR,CARDIAC ELECTROPHYSIOLOGY,LEBANON,NH,03756,1,Census_Geocoder,unmatched,0,,,,,
34,1 MEDICAL CENTER DR,DARTMOUTH HITCHCOCK - ANESTHESIA,LEBANON,NH,03756,1,Census_Geocoder,unmatched,0,,,,,
35,1 MEDICAL CENTER DR,DARTMOUTH HITCHCOCK - OTOLARYNGOLOGY,LEBANON,NH,03756,1,Census_Geocoder,unmatched,0,,,,,
36,1 MEDICAL CENTER DR,DARTMOUTH HITCHCOCK - RADIOLOGY,LEBANON,NH,03756,1,Census_Geocoder,unmatched,0,,,,,
37,1 MEDICAL CENTER DR,DARTMOUTH-HITCHCOCK CLINIC,LEBANON,NH,03756,2,Census_Geocoder,unmatched,0,,,,,
38,1 MEDICAL CENTER DR,DARTMOUTH-HITCHCOCK MEDICAL CENTER,LEBANON,NH,03756,1,Census_Geocoder,unmatched,0,,,,,
39,1 MEDICAL CENTER DR,DEPARTMENT OF RADIOLOGY,LEBANON,NH,03756,3,Census_Geocoder,unmatched,0,,,,,
40,1 MEDICAL CENTER DR,DEPT OF ANESTH DHMC,LEBANON,NH,03756,1,Census_Geocoder,unmatched,0,,,,,
41,1 MEDICAL CENTER DR,DEPT OF PEDIATRIC ENDOCRINOLOGY,LEBANON,NH,03756,1,Census_Geocoder,unmatched,0,,,,,
42,1 MEDICAL CENTER DR,DH - RADIOLOGY,LEBANON,NH,03756,1,Census_Geocoder,unmatched,0,,,,,
43,1 MEDICAL CENTER DR,DHMC,LEBANON,NH,03756,1,Census_Geocoder,unmatched,0,,,,,
44,1 MEDICAL CENTER DR,DHMC - DEPARTMENT OF VASCULAR SURGERY,LEBANON,NH,03756,1,Census_Geocoder,unmatched,0,,,,,
45,1 MEDICAL CENTER DR,DHMC - DEPT OF NEUROLOGY,LEBANON,NH,03756,1,Census_Geocoder,unmatched,0,,,,,
46,1 MEDICAL CENTER DR,DHMC - OCCUPATIONAL MEDICINE,LEBANON,NH,03756,1,Census_Geocoder,unmatched,0,,,,,
47,1 MEDICAL CENTER DR,DHMC - OPHTHALMOLOGY,LEBANON,NH,03756,1,Census_Geocoder,unmatched,0,,,,,
48,1 MEDICAL CENTER DR,DHMC - ORTHOPAEDICS,LEBANON,NH,03756,1,Census_Geocoder,unmatched,0,,,,,
49,1 MEDICAL CENTER DR,DHMC - SECTION OF UROLOGY,LEBANON,NH,03756,1,Census_Geocoder,unmatched,0,,,,,
50,1 MEDICAL CENTER DR,DHMC - UROLOGY,LEBANON,NH,03756,1,Census_Geocoder,unmatched,0,,,,,
51,1 MEDICAL CENTER DR,DHMC CARDIOLOGY,LEBANON,NH,03756,1,Census_Geocoder,unmatched,0,,,,,
52,1 MEDICAL CENTER DR,DHMC CLINIC 5 L OB-GYN,LEBANON,NH,03756,1,Census_Geocoder,unmatched,0,,,,,
53,1 MEDICAL CENTER DR,DHMC CNM SERVICE,LEBANON,NH,03756,1,Census_Geocoder,unmatched,0,,,,,
54,1 MEDICAL CENTER DR,DHMC DEPARTMENT OF ANESTHESIA,LEBANON,NH,03756,1,Census_Geocoder,unmatched,0,,,,,
55,1 MEDICAL CENTER DR,DHMC DEPARTMENT OF ANESTHESIA PALLIATIVE CARE,LEBANON,NH,03756,1,Census_Geocoder,unmatched,0,,,,,
56,1 MEDICAL CENTER DR,DHMC DEPARTMENT OF ANESTHESIOLOGY,LEBANON,NH,03756,2,Census_Geocoder,unmatched,0,,,,,
57,1 MEDICAL CENTER DR,DHMC DEPARTMENT OF CARDIOLOGY,LEBANON,NH,03756,1,Census_Geocoder,unmatched,0,,,,,
58,1 MEDICAL CENTER DR,DHMC DEPARTMENT OF MEDICINE,LEBANON,NH,03756,1,Census_Geocoder,unmatched,0,,,,,
59,1 MEDICAL CENTER DR,DHMC DEPARTMENT OF NEONATOLOGY,LEBANON,NH,03756,1,Census_Geocoder,unmatched,0,,,,,
60,1 MEDICAL CENTER DR,DHMC DEPARTMENT OF PAIN MEDICINE,LEBANON,NH,03756,1,Census_Geocoder,unmatched,0,,,,,
61,1 MEDICAL CENTER DR,DHMC DEPARTMENT OF PATHOLOGY,LEBANON,NH,03756,1,Census_Geocoder,unmatched,0,,,,,
62,1 MEDICAL CENTER DR,DHMC DEPARTMENT OF RHEUMATOLOGY,LEBANON,NH,03756,1,Census_Geocoder,unmatched,0,,,,,
63,1 MEDICAL CENTER DR,DHMC DEPT OF OPHTHALMOLOGY,LEBANON,NH,03756,1,Census_Geocoder,unmatched,0,,,,,
64,1 MEDICAL CENTER DR,DHMC DEPT OF ORTHOPAEDICS,LEBANON,NH,03756,1,Census_Geocoder,unmatched,0,,,,,
65,1 MEDICAL CENTER DR,DHMC DIVISION OF GASTROENTEROLOGY,LEBANON,NH,03756,1,Census_Geocoder,unmatched,0,,,,,
66,1 MEDICAL CENTER DR,DHMC ORTHOPAEDICS,LEBANON,NH,03756,1,Census_Geocoder,unmatched,0,,,,,
67,1 MEDICAL CENTER DR,DHMC- DEPARTMENT OF NEUROLOGY,LEBANON,NH,03756,1,Census_Geocoder,unmatched,0,,,,,
68,1 MEDICAL CENTER DR,DHMC--DEPT OF PEDIATRICS,LEBANON,NH,03756,1,Census_Geocoder,unmatched,0,,,,,
69,1 MEDICAL CENTER DR,GENERAL INTERNAL MEDICINE,LEBANON,NH,03756,1,Census_Geocoder,unmatched,0,,,,,
70,1 MEDICAL CENTER DR,PEDIATRICS DEPT,LEBANON,NH,03756,1,Census_Geocoder,unmatched,0,,,,,
71,1 MEDICAL CENTER DR,PLASTIC & RECONSTRUCTIVE SURGERY,LEBANON,NH,03756,1,Census_Geocoder,unmatched,0,,,,,
72,1 MEDICAL CENTER DR,SECTION OF HOSPITAL MEDICINE,LEBANON,NH,03756,1,Census_Geocoder,unmatched,0,,,,,
73,1 MEDICAL CENTER DR,SECTION OF UROLOGY,LEBANON,NH,03756,1,Census_Geocoder,unmatched,0,,,,,
74,1 MEDICAL CENTER DR,SLEEP DISORDERS CENTER,LEBANON,NH,03756,1,Census_Geocoder,unmatched,0,,,,,
75,1 MEDICAL CENTER DR,,LEBANON,NH,03756,48,Census_Geocoder,unmatched,0,,,,,
76,1 MEDICAL CENTER DR,,WINSTON SALEM,NC,27157,1,Census_Geocoder,matched,1,"1 MEDICAL CENTER BLVD, WINSTON SALEM, NC, 27103",36.090221391169,-80.271414776911,84648263,L
77,1 MEDICAL CENTER DR # 1000,,LEBANON,NH,03756,1,Census_Geocoder,unmatched,0,,,,,
78,1 MEDICAL DR,,LEBANON,NH,03756,3,Census_Geocoder,unmatched,0,,,,,
79,1 PARK ST,,NEW HAVEN,CT,06504,2,Census_Geocoder,matched,2,"1 PARK ST, NEW HAVEN, CT, 06513",41.325079791165,-72.858684631646,3745262,L
80,1 PARK ST,,NEW HAVEN,CT,06520,1,Census_Geocoder,matched,2,"1 PARK ST, NEW HAVEN, CT, 06513",41.325079791165,-72.858684631646,3745262,L
81,1 ROBERT WOOD JOHNSON PL,MEB 104,NEW BRUNSWICK,NJ,08903,1,Census_Geocoder,unmatched,0,,,,,
82,1 RODGERS DR,WEST VIRGINIA UNIVERSITY,MORGANTOWN,WV,26507,1,Census_Geocoder,matched,1,"1 ROGERS AVE, MORGANTOWN, WV, 26505",39.623787359524,-79.945900496761,50764065,L
83,1 SOUTH MAIN C/O GENESIS COUNSELING SERVICES,,JANESVILLE,WI,53547,1,Census_Geocoder,unmatched,0,,,,,
84,1 STADIUM DRIVE,,MORGANTOWN,WV,26507,1,Census_Geocoder,matched,1,"1 STADIUM DR, MORGANTOWN, WV, 26506",39.652235753648,-79.959761392189,50775879,L
85,1 UNIVERSITY OF NEW MEXICO,1201 CAMINO DE SALUD,ALBUQUERQUE,NM,87131,1,Census_Geocoder,unmatched,0,,,,,
86,1 UNIVERSITY OF NEW MEXICO,MSC 10-5550,ALBUQUERQUE,NM,87131,2,Census_Geocoder,unmatched,0,,,,,
87,1 UNIVERSITY OF NEW MEXICO,MSC 10-5610,ALBUQUERQUE,NM,87131,1,Census_Geocoder,unmatched,0,,,,,
88,1 UNIVERSITY OF NEW MEXICO,MSC06 3870,ALBUQUERQUE,NM,87131,1,Census_Geocoder,unmatched,0,,,,,
89,1 UNIVERSITY OF NEW MEXICO,MSC10 5530,ALBUQUERQUE,NM,87131,1,Census_Geocoder,unmatched,0,,,,,
90,1 UNIVERSITY OF NEW MEXICO,MSC10 5590,ALBUQUERQUE,NM,87131,1,Census_Geocoder,unmatched,0,,,,,
91,1 UNIVERSITY OF NEW MEXICO,MSC10 5590 DEPARTMENT OF PEDIATRICS/NEONATOLOGY,ALBUQUERQUE,NM,87131,1,Census_Geocoder,unmatched,0,,,,,
92,1 UNIVERSITY OF NEW MEXICO,MSC11 6145,ALBUQUERQUE,NM,87131,1,Census_Geocoder,unmatched,0,,,,,
93,1 UNIVERSITY OF NEW MEXICO,,ALBUQUERQUE,NM,87131,1,Census_Geocoder,unmatched,0,,,,,
94,1 UNIVERSITY OF NEW MEXICO DEPT OF,MSC10-5610,ALBUQUERQUE,NM,87131,1,Census_Geocoder,unmatched,0,,,,,
95,1 VETERANS DR,,PARAMUS,NJ,07653,1,Census_Geocoder,matched,1,"1 VETERANS WAY, PARAMUS, NJ, 07652",40.959007450728,-74.063408958285,657056932,R
96,1 W BOYLSTON ST,3RD FLOOR,BOSTON,MA,02241,1,Census_Geocoder,matched,2,"1 BOYLSTON ST, BOSTON, MA, 02116",42.352444314494,-71.062663183573,657546330,R
97,1 WAHOO AVE,,GROTON,CT,06349,3,Census_Geocoder,matched,1,"1 WAHOO AVE, GROTON, CT, 06340",41.400300497799,-72.086884418241,56857986,R
99,10 B FLORIDA PARK DRIVE,,PALM COAST,FL,32135,1,Census_Geocoder,matched,1,"10 FLORIDA PARK DR, PALM COAST, FL, 32137",29.559539546768,-81.208259578813,610650868,L
100,10 TALCOTT NOTCH,,FARMINGTON,CT,06030,4,Census_Geocoder,matched,1,"10 TALCOTT NOTCH RD, FARMINGTON, CT, 06032",41.73929976862,-72.792842351817,3512960,R
101,10 UNION SQUARE EAST,,HARTFORD,CT,06150,1,Census_Geocoder,matched,1,"10 UNION PL, HARTFORD, CT, 06103",41.769639940876,-72.681196784685,3494744,R
102,10 UNION SQUARE EAST,,NEW YORK,NY,10087,1,Census_Geocoder,matched,1,"10 UNION SQ E, NEW YORK, NY, 10003",40.735507996972,-73.989716204347,59653677,R
103,100 AIRPORT RD,,KINSTON,NC,28503,2,Census_Geocoder,matched,1,"100 AIRPORT RD, KINSTON, NC, 28501",35.290132006507,-77.580500725611,13883667,L
104,100 BREWSTER BLVD,NAVAL HOSPITAL,CAMP LEJEUNE,NC,28548,1,Census_Geocoder,unmatched,0,,,,,
105,100 DEAN KEETON STREET,PHYSICAL THERAPY DEPARTMENT,AUSTIN,TX,78713,1,Census_Geocoder,matched,2,"100 E DEAN KEETON ST, AUSTIN, TX, 78712",30.289609283962,-97.737917431494,63945699,L
106,100 EAST 77TH STREET,,NEW YORK,NY,10087,2,Census_Geocoder,matched,1,"100 E 77TH ST, NEW YORK, NY, 10075",40.774242911409,-73.96144674649,59657370,R
107,100 GRAND ST,,NEW BRITAIN,CT,06050,2,Census_Geocoder,matched,1,"100 GRAND ST, NEW BRITAIN, CT, 06052",41.662056596451,-72.785389397826,3510799,L
108,100 GRAND ST,,NEW BRITAN,CT,06050,1,Census_Geocoder,matched,1,"100 GRAND ST, NEW BRITAIN, CT, 06052",41.662056596451,-72.785389397826,3510799,L
109,100 GRAND STREET,HOSPITAL OF CENTRAL CONNECTICUT,NEW BRITAIN,CT,06050,1,Census_Geocoder,matched,1,"100 GRAND ST, NEW BRITAIN, CT, 06052",41.662056596451,-72.785389397826,3510799,L
110,100 GRAND STREET,HOSPITALIST GROUP,NEW BRITAIN,CT,06050,1,Census_Geocoder,matched,1,"100 GRAND ST, NEW BRITAIN, CT, 06052",41.662056596451,-72.785389397826,3510799,L
111,100 GRAND STREET,PHYSICIAN RELATIONS,NEW BRITAIN,CT,06050,1,Census_Geocoder,matched,1,"100 GRAND ST, NEW BRITAIN, CT, 06052",41.662056596451,-72.785389397826,3510799,L
112,100 GRAND STREET DEPT OF PEDIATRICS,HOSPITAL OF CENTRAL CONNECTICUT-NEW BRITAIN,NEW BRITAIN,CT,06050,1,Census_Geocoder,matched,1,"100 GRAND ST, NEW BRITAIN, CT, 06052",41.662056596451,-72.785389397826,3510799,L
113,100 HICKORY STREET,,GREENVILLE,NC,27585,1,Census_Geocoder,matched,1,"100 HICKORY ST, GREENVILLE, NC, 27858",35.610306041422,-77.347789946762,645911776,R
114,100 MADISON AVE,,MORRISTOWN,NJ,07962,1,Census_Geocoder,unmatched,0,,,,,
115,100 PAGE RD,OCCUPATIONAL MEDICINE SQUADRON,ROBINS AIR FORCE BASE,GA,30098,1,Census_Geocoder,unmatched,0,,,,,
116,100 S BROAD ST,SUITE 1309,PHILADELPHIA,PA,19110,1,Census_Geocoder,matched,1,"100 S BROAD ST, PHILADELPHIA, PA, 19110",39.950827560847,-75.164096980095,131407698,R
117,100 S BROAD ST STE 2230,,PHILADELPHIA,PA,19110,1,Census_Geocoder,matched,1,"100 S BROAD ST, PHILADELPHIA, PA, 19110",39.950827560847,-75.164096980095,131407698,R
118,100 SMITH ST,STEGEMAN COLISUEM,ATHENS,GA,30603,1,Census_Geocoder,matched,2,"100 SMITH ST, ATHENS, GA, 30602",33.944419951206,-83.380090495213,4803251,L
119,100 SMITH ST,,ATHENS,GA,30603,1,Census_Geocoder,matched,2,"100 SMITH ST, ATHENS, GA, 30602",33.944419951206,-83.380090495213,4803251,L
120,100 SMITH STREET,UGA SPORTS MEDICINE DEPARTMENT,ATHENS,GA,30603,1,Census_Geocoder,matched,2,"100 SMITH ST, ATHENS, GA, 30602",33.944419951206,-83.380090495213,4803251,L
121,100 TER HEUN DR,,FALMOUTH,MA,02541,1,Census_Geocoder,matched,1,"100 TER HEUN DR, FALMOUTH, MA, 02540",41.565634881235,-70.623035918887,657289048,L
122,100 TILBURY DR,,KEARNY,AZ,85237,2,Census_Geocoder,unmatched,0,,,,,
123,100 W CALIFORNIA BLVD,DEPARTMENT OF EMERGENCY MEDICINE,PASADENA,CA,91109,1,Census_Geocoder,matched,1,"100 W CALIFORNIA BLVD, PASADENA, CA, 91105",34.135704833991,-118.15403359909,141629633,L
124,100 W WALNUT ST STE 375,,PASADENA,CA,91124,1,Census_Geocoder,matched,1,"100 W WALNUT ST, PASADENA, CA, 91124",34.149594082413,-118.152026883607,640415996,L
125,1000,,NOWHERE,CA,94016,1,Census_Geocoder,unmatched,0,,,,,
126,1000 E MOUNTAIN BLVD,DEPT OF ANESTHESIA,WILKES BARRE,PA,18711,3,Census_Geocoder,matched,1,"1000 E MOUNTAIN DR, WILKES BARRE, PA, 18702",41.256885381421,-75.811713320281,604525535,L
127,1000 E MOUNTAIN BLVD,DEPT OF EMERGENCY MEDICINE,WILKES BARRE,PA,18711,3,Census_Geocoder,matched,1,"1000 E MOUNTAIN DR, WILKES BARRE, PA, 18702",41.256885381421,-75.811713320281,604525535,L
128,1000 E MOUNTAIN BLVD,DEPT OF RADIOLOGY,WILKES BARRE,PA,18711,2,Census_Geocoder,matched,1,"1000 E MOUNTAIN DR, WILKES BARRE, PA, 18702",41.256885381421,-75.811713320281,604525535,L
129,1000 E MOUNTAIN BLVD,,WILKES BARRE,PA,18711,36,Census_Geocoder,matched,1,"1000 E MOUNTAIN DR, WILKES BARRE, PA, 18702",41.256885381421,-75.811713320281,604525535,L
130,1000 E MOUNTAIN DR,MC 37-31,WILKES BARRE,PA,18711,1,Census_Geocoder,matched,1,"1000 E MOUNTAIN DR, WILKES BARRE, PA, 18702",41.256885381421,-75.811713320281,604525535,L
131,1000 E MOUNTAIN DR,,WILKES BARRE,PA,18711,5,Census_Geocoder,matched,1,"1000 E MOUNTAIN DR, WILKES BARRE, PA, 18702",41.256885381421,-75.811713320281,604525535,L
132,1000 E MOUNTAIN DRIVE,,WILKESBARRE,PA,18711,1,Census_Geocoder,matched,1,"1000 E MOUNTAIN DR, WILKES BARRE, PA, 18702",41.256885381421,-75.811713320281,604525535,L
133,1000 E UNIVERSITY AVE,DEPARTMENT 3414,LARAMIE,WY,82071,1,Census_Geocoder,unmatched,0,,,,,
134,1000 E UNIVERSITY AVE,DEPT 3068,LARAMIE,WY,82071,1,Census_Geocoder,unmatched,0,,,,,
135,1000 E UNIVERSITY AVE,DEPT 3375,LARAMIE,WY,82071,1,Census_Geocoder,unmatched,0,,,,,
136,1000 E UNIVERSITY AVE,UNIVERSITY OF WYOMING STUDENT HEALTH SER DEPT 3068,LARAMIE,WY,82071,1,Census_Geocoder,unmatched,0,,,,,
137,1000 E UNIVERSITY AVE,,LARAMIE,WY,82071,3,Census_Geocoder,unmatched,0,,,,,
138,1000 E UNIVERSITY AVE # 3068,,LARAMIE,WY,82071,1,Census_Geocoder,unmatched,0,,,,,
139,1000 E UNIVERSITY AVE DEPT 3195,KNIGHT HALL 222,LARAMIE,WY,82071,1,Census_Geocoder,unmatched,0,,,,,
140,1000 EAST MOUNTAIN BLVD,,WILKES BARRE,PA,18711,3,Census_Geocoder,matched,1,"1000 E MOUNTAIN DR, WILKES BARRE, PA, 18702",41.256885381421,-75.811713320281,604525535,L
141,1000 EAST MOUNTAIN BLVD,,WILKES-BARRE,PA,18711,2,Census_Geocoder,matched,1,"1000 E MOUNTAIN DR, WILKES BARRE, PA, 18702",41.256885381421,-75.811713320281,604525535,L
142,1000 MEDICAL CENTER ROAD,,MAMERS,NC,27552,1,Census_Geocoder,unmatched,0,,,,,
143,1000 N VILLAGE AVENUE,,ROCKVILLE CENTRE,NY,11571,6,Census_Geocoder,unmatched,0,,,,,
144,1000 S COLUMBIA RD,,GRAND FORKS,ND,58206,1,Census_Geocoder,matched,1,"1000 S COLUMBIA RD, GRAND FORKS, ND, 58201",47.912065391523,-97.066517349833,171276088,R
145,1000 S FREMONT AVE,EASTERN LOS ANGELES REGIONAL CENTER,ALHAMBRA,CA,91802,1,Census_Geocoder,matched,1,"1000 S FREMONT AVE, ALHAMBRA, CA, 91803",34.082672646631,-118.151837205212,141635573,L
146,1000 SOUTH COLUMBIA ROAD,,GRAND FORKS,ND,58206,2,Census_Geocoder,matched,1,"1000 S COLUMBIA RD, GRAND FORKS, ND, 58201",47.912065391523,-97.066517349833,171276088,R
147,1000 SPRING GARDEN STREET,ANNA GOVE STUDENT HEALTH CENTER,GREENSBORO,NC,27402,1,Census_Geocoder,matched,1,"1000 SPRING GARDEN ST, GREENSBORO, NC, 27412",36.0665587442,-79.805603316727,641627526,R
148,1000 TRENT DR,,DURHAM,NC,27710,2,Census_Geocoder,unmatched,0,,,,,
149,1000 TRENT DRIVE,,DURHAM,NC,27710,2,Census_Geocoder,unmatched,0,,,,,
150,1000 W COLLEGE AVENUE,WNMU ATHLETIC DEPARTMENT,SILVER CITY,NM,88062,1,Census_Geocoder,matched,1,"1000 W COLLEGE AVE, SILVER CITY, NM, 88061",32.775294675662,-108.28374857206,192654243,R
151,10000 BAY PINES BLVD,,BAY PINES,FL,33504,1,Census_Geocoder,matched,1,"10000 BAY PINES BLVD, BAY PINES, FL, 33744",27.813638027827,-82.767959267566,647912015,L
152,1001 S GEORGE ST,,YORK,PA,17405,1,Census_Geocoder,matched,1,"1001 S GEORGE ST, YORK, PA, 17403",39.946642407363,-76.720372343425,637976687,L
153,1001 YALE BLVD NE,,ALBUQUERQUE,NM,87131,1,Census_Geocoder,matched,1,"1001 YALE BLVD NE, ALBUQUERQUE, NM, 87106",35.091945186899,-106.621179228573,637704980,L
154,1003 WILLOW CREEK RD,,PRESCOTT,AZ,86304,1,Census_Geocoder,matched,1,"1003 WILLOW CREEK RD, PRESCOTT, AZ, 86301",34.558351052266,-112.482004743201,657580284,R
155,1005 W H SMITH BLVD,,GREENVILLE,NC,27835,1,Census_Geocoder,matched,1,"1005 W H SMITH BLVD, GREENVILLE, NC, 27834",35.599986402962,-77.402957933024,80044843,R
156,1007 LINCOLNWAY,,LA PORTE,IN,46352,1,Census_Geocoder,matched,1,"1007 LINCOLNWAY, LA PORTE, IN, 46350",41.609636971235,-86.724413236785,637813476,L
157,1007 LINCOLNWAY,,LAPORTE,IN,46352,1,Census_Geocoder,matched,1,"1007 LINCOLNWAY, LAPORTE, IN, 46350",41.609636971235,-86.724413236785,637813476,L
158,101 N COLLEGE STREET,,KILLEEN,TX,76540,1,Census_Geocoder,matched,1,"101 N COLLEGE ST, KILLEEN, TX, 76541",31.119337958203,-97.733239818277,146191193,L
159,101 S NEWELL DRIVE,UNIVERSITY OF FLORIDA,GAINESVILLE,FL,32611,1,Census_Geocoder,unmatched,0,,,,,
160,101 S NEWELL DRIVE,,GAINESVILLE,FL,32611,4,Census_Geocoder,unmatched,0,,,,,
161,101 WEST KIRKWOOD AVE,FOUNTAIN SQUARE SUITE 218,BLOOMINGTON,IN,47402,1,Census_Geocoder,matched,1,"101 W KIRKWOOD AVE, BLOOMINGTON, IN, 47404",39.166524975131,-86.533686038044,42322587,L
162,1014 MADISON ST,,JEFFERSON CITY,MO,65102,1,Census_Geocoder,matched,1,"1014 MADISON ST, JEFFERSON CITY, MO, 65101",38.569364515102,-92.179009855207,606629727,L
163,1016 BUCHANAN ST SE,,WASHINGTON,DC,20374,1,Census_Geocoder,matched,2,"1016 BUCHANAN ST NW, WASHINGTON, DC, 20011",38.946066908745,-77.026830293039,76243581,L
164,1016 N SUPERIOR ST,FRANCIS HOUSE,SPOKANE,WA,99220,1,Census_Geocoder,matched,1,"1016 N SUPERIOR ST, SPOKANE, WA, 99202",47.666567679179,-117.393151372266,189878764,R
165,1020 HITT ST,,COLUMBIA,MO,65212,3,Census_Geocoder,matched,1,"1020 HITT ST, COLUMBIA, MO, 65212",38.93874200298,-92.325307957094,639435568,L
166,1020 HITT STREET,,COLUMBIA,MO,65212,1,Census_Geocoder,matched,1,"1020 HITT ST, COLUMBIA, MO, 65212",38.93874200298,-92.325307957094,639435568,L
167,1030 E COUNTY LINE ROAD SUITE B-2,,INDIANAPOLIS,IN,46277,1,Census_Geocoder,matched,1,"1030 E COUNTY LINE RD, INDIANAPOLIS, IN, 46227",39.63538032226,-86.140476651252,657002938,L
168,10333 EL CAMINO REAL,DEPARTMENT OF STATE HOSPITALS - ATASCADERO,ATASCADERO,CA,93423,1,Census_Geocoder,matched,1,"10333 EL CAMINO REAL, ATASCADERO, CA, 93422",35.460901499029,-120.64420699148,109796674,R
169,10333 EL CAMINO REAL,,ATASCADERO,CA,93423,2,Census_Geocoder,matched,1,"10333 EL CAMINO REAL, ATASCADERO, CA, 93422",35.460901499029,-120.64420699148,109796674,R
170,1035 NIDER BLVD,STE 100,NORFOLK,VA,23521,1,Census_Geocoder,unmatched,0,,,,,
171,1035 NIDER BLVD,SUITE 100,NORFOLK,VA,23521,3,Census_Geocoder,unmatched,0,,,,,
172,1035 NIDER BLVD,,NORFOLK,VA,23521,5,Census_Geocoder,unmatched,0,,,,,
173,1040 DELAWARE AVE,,MARION,OH,43301,1,Census_Geocoder,matched,1,"1040 DELAWARE AVE, MARION, OH, 43302",40.57024938395,-83.122533219314,12713155,R
174,1040 DELAWARE AVENEUE,,MARION,OH,43301,2,Census_Geocoder,unmatched,0,,,,,
175,1040 DELAWARE AVENUE,,MARION,OH,43301,3,Census_Geocoder,matched,1,"1040 DELAWARE AVE, MARION, OH, 43302",40.57024938395,-83.122533219314,12713155,R
176,1044 BELMONT AVE,,YOUNGSTOWN,OH,44501,2,Census_Geocoder,matched,1,"1044 BELMONT AVE, YOUNGSTOWN, OH, 44504",41.11521687158,-80.656139674057,64594093,L
177,1044 BELMONT AVENUE,,YOUNGSTOWN,OH,44501,1,Census_Geocoder,matched,1,"1044 BELMONT AVE, YOUNGSTOWN, OH, 44504",41.11521687158,-80.656139674057,64594093,L
178,1046 WESTERN AVENUE,,W BRATTLEBORO,VT,05303,1,Census_Geocoder,matched,1,"1046 WESTERN AVE, W BRATTLEBORO, VT, 05301",42.856465381273,-72.602539524521,613061285,L
179,105 CHESTNUT,SUITE 26 INTERNISTS ASSOCIATED,NEEDHAM,MA,02192,1,Census_Geocoder,matched,1,"105 CHESTNUT ST, NEEDHAM, MA, 02492",42.278473036899,-71.237314623379,87241390,R
180,10705 MILWAUKEE AVENUE,,LUBBOCK,TX,78424,1,Census_Geocoder,matched,1,"10705 MILWAUKEE AVE, LUBBOCK, TX, 79424",33.49758190288,-101.956920890992,643116194,R
181,10869 E PLEASANT PL,,GOLD CANYON,AZ,85218,1,Census_Geocoder,matched,1,"10869 E PLEASANT PL, GOLD CANYON, AZ, 85118",33.354316202441,-111.429055782823,638559986,L
182,1090 S HIGHWAY 89,,JACKSON,WY,83002,1,Census_Geocoder,matched,1,"1090 US HWY 89, JACKSON, WY, 83001",43.464179965889,-110.793246256173,637492429,R
183,11 DERBY SQUARE,,SALEM,MA,01920,1,Census_Geocoder,matched,1,"11 DERBY SQ, SALEM, MA, 01970",42.521384112382,-70.894550751142,86714832,R
184,11 MEDICAL GROUP,238 BROOKLEY AVENUE,BOLLING AFB,DC,20332,1,Census_Geocoder,unmatched,0,,,,,
185,11 ZACHARY TAYLOR ST,VA CASTLE POINT,CASTLE POINT,NY,12511,1,Census_Geocoder,unmatched,0,,,,,
186,110 BERGEN STREET,NJDS D860,NEWARK,NJ,07101,1,Census_Geocoder,matched,1,"110 BERGEN ST, NEWARK, NJ, 07103",40.742138512956,-74.191403999216,63489268,L
187,110 LIBERTY ST,,BROCKTON,MA,00301,1,Census_Geocoder,matched,1,"110 LIBERTY ST, BROCKTON, MA, 02301",42.056597483729,-71.062449689032,87482545,L
188,110 NE DEADMORE ST,,ABINGDON,VA,24212,1,Census_Geocoder,matched,1,"110 DEADMORE ST NE, ABINGDON, VA, 24210",36.714116974253,-81.964777173503,154339299,R
189,1100 VIRGINIA AVE,,COLUMBIA,MO,65212,3,Census_Geocoder,matched,1,"1100 VIRGINIA AVE, COLUMBIA, MO, 65212",38.936851621661,-92.323710533148,656771775,L
190,1101 HOSPITAL DR,,COLUMBIA,MO,65212,2,Census_Geocoder,unmatched,0,,,,,
191,1101 W UNIVERSITY,ANESTHESIA DEPARTMENT,ROCHESTER,MI,48037,1,Census_Geocoder,matched,1,"1101 W UNIVERSITY DR, ROCHESTER, MI, 48307",42.681719317989,-83.148362868072,638739884,L
193,1110 MEDICAL CAMPUS RD,SUITE 228,HAGERSTOWN,MD,21712,1,Census_Geocoder,unmatched,0,,,,,
194,1111 E END BLVD,,WILKES BARRE,PA,18711,9,Census_Geocoder,matched,1,"1111 E END BLVD, WILKES BARRE, PA, 18702",41.249259316589,-75.836183736026,647565638,R
195,1111 EAST END BLVD,VETERANS AFFAIRS MEDICAL CENTER,WILKES-BARRE,PA,18711,1,Census_Geocoder,matched,1,"1111 E END BLVD, WILKES BARRE, PA, 18702",41.249259316589,-75.836183736026,647565638,R
196,11125 DUNN ROAD SUITE 301,,SAINT LOUIS,MO,63195,1,Census_Geocoder,matched,1,"11125 DUNN RD, SAINT LOUIS, MO, 63136",38.774240493131,-90.240058539974,638470704,L
197,1114 E YUCCA ST,,CASA GRANDE,AZ,85222,1,Census_Geocoder,matched,1,"1114 E YUCCA ST, CASA GRANDE, AZ, 85122",32.917497383095,-111.739140495158,129177993,L
198,1115 W HAR-BER ROAD,,GROVE,OK,74345,1,Census_Geocoder,unmatched,0,,,,,
199,11177 TAMPA AVE,SUITE B,NORTHRIDGE,CA,91226,1,Census_Geocoder,matched,1,"11177 N TAMPA AVE, NORTHRIDGE, CA, 91326",34.273152674635,-118.55648905036,241189593,L
200,111F HUNTER HOLMES MCGUIRE MEDICAL CTR,1201 BROAD ROCK BLVD,RICHMOND,VA,23249,1,Census_Geocoder,unmatched,0,,,,,
201,112 UNIVERSITY DRIVE C,VA PITTSBURGH HEALTHCARE SYSTEM,PITTSBURGH,PA,15240,1,Census_Geocoder,matched,1,"112 UNIVERSITY PL, PITTSBURGH, PA, 15213",40.444007089112,-79.95586042399,51648949,R
202,11200 S W 8TH ST,UNIVERISTY HEALTH SERVICES - FIU,MIAMI,FL,33199,1,Census_Geocoder,matched,1,"11200 SW 8TH ST, MIAMI, FL, 33199",25.761088025072,-80.376252884803,651225927,L
203,11200 SW 8TH ST,,MIAMI,FL,33199,1,Census_Geocoder,matched,1,"11200 SW 8TH ST, MIAMI, FL, 33199",25.761088025072,-80.376252884803,651225927,L
204,11200 SW 8TH ST AHC1 ROOM 435,,MIAMI,FL,33199,1,Census_Geocoder,matched,1,"11200 SW 8TH ST, MIAMI, FL, 33199",25.761088025072,-80.376252884803,651225927,L
205,11201 BENTON ST,VAMC/122,LOMA LINDA,CA,92357,1,Census_Geocoder,matched,1,"11201 BENTON ST, LOMA LINDA, CA, 92357",34.051023792494,-117.252323828809,144660151,L
206,11201 BENTON ST,,LOMA LINDA,CA,92357,7,Census_Geocoder,matched,1,"11201 BENTON ST, LOMA LINDA, CA, 92357",34.051023792494,-117.252323828809,144660151,L
207,11201 BENTON ST # 111C,,LOMA LINDA,CA,92357,1,Census_Geocoder,matched,1,"11201 BENTON ST, LOMA LINDA, CA, 92357",34.051023792494,-117.252323828809,144660151,L
208,11201 BENTON ST # 119,VA LOMA LINDA MEDICAL CENTER (119),LOMA LINDA,CA,92357,1,Census_Geocoder,matched,1,"11201 BENTON ST, LOMA LINDA, CA, 92357",34.051023792494,-117.252323828809,144660151,L
209,11201 BENTON ST / 119,,LOMA LINDA,CA,92357,1,Census_Geocoder,matched,1,"11201 BENTON ST, LOMA LINDA, CA, 92357",34.051023792494,-117.252323828809,144660151,L
210,11201 BENTON STREET,,LOMA LINDA,CA,92357,1,Census_Geocoder,matched,1,"11201 BENTON ST, LOMA LINDA, CA, 92357",34.051023792494,-117.252323828809,144660151,L
211,11202 BENTON ST,,LOMA LINDA,CA,92357,1,Census_Geocoder,matched,1,"11202 BENTON ST, LOMA LINDA, CA, 92354",34.05019756834,-117.252465654614,614822002,R
212,1122 VOLUNTEER BLVD,,KNOXVILLE,TN,37996,1,Census_Geocoder,matched,1,"1122 VOLUNTEER BLVD, KNOXVILLE, TN, 37916",35.954866926984,-83.928729401351,42620717,L
213,1125 MADISON ST,,JEFFERSON CITY,MO,65102,1,Census_Geocoder,matched,1,"1125 MADISON ST, JEFFERSON CITY, MO, 65101",38.566590315266,-92.182004317573,636253553,R
214,11301 WILSHIRE BLVD,117,LOS ANGELES,CA,90074,1,Census_Geocoder,unmatched,0,,,,,
215,1141 BEACH DR E,,RETSIL,WA,98378,4,Census_Geocoder,unmatched,0,,,,,
216,1141 BEACH DRIVE EAST,,RETSIL,WA,98378,1,Census_Geocoder,unmatched,0,,,,,
217,1142 E MCMURRAY BLVD,,CASA GRANDE,AZ,85222,1,Census_Geocoder,matched,1,"1142 E MCMURRAY BLVD, CASA GRANDE, AZ, 85122",32.886920133869,-111.736944875703,129240976,R
218,115 W CENTURY AVE,SUITE B,BISMARK,ND,58803,1,Census_Geocoder,matched,1,"115 W CENTURY AVE, BISMARCK, ND, 58503",46.837978043093,-100.794269784834,198853001,L
219,1150 S FOREST,#334,TEMPE,AZ,85287,2,Census_Geocoder,matched,1,"1150 S FOREST AVE, TEMPE, AZ, 85281",33.416463387118,-111.936668439429,128227212,R
220,1150 S FOREST AVE # 334,,TEMPE,AZ,85287,1,Census_Geocoder,matched,1,"1150 S FOREST AVE, TEMPE, AZ, 85281",33.416463387118,-111.936668439429,128227212,R
221,1155 MILL STREET,,RENO,NV,89520,5,Census_Geocoder,matched,1,"1155 MILL ST, RENO, NV, 89502",39.523945515649,-119.794732375318,657680431,L
222,116 ALFRED RD UNIT 371,,WEST KENNEBUNK,ME,04094,1,Census_Geocoder,matched,1,"116 ALFRED RD, KENNEBUNK, ME, 04043",43.406920786262,-70.574331782221,623996084,L
223,116 MASON STREET,,LAUREL,MS,39442,2,Census_Geocoder,matched,1,"116 MASON ST, LAUREL, MS, 39440",31.689719171258,-89.137176066647,611074457,L
224,116 NATIONWIDE DRIVE,,LYNCHBURG,VA,54502,1,Census_Geocoder,matched,1,"116 NATIONWIDE DR, LYNCHBURG, VA, 24502",37.379308791167,-79.215114912935,655430653,R
225,117 SOUTH 11TH AVENUE,,LAUREL,MS,39441,1,Census_Geocoder,matched,1,"117 S 11TH AVE, LAUREL, MS, 39440",31.689281035267,-89.139914228227,412308,R
226,1175 EAST MOUTAIN BLVD,,WILKES BARRE,PA,18711,1,Census_Geocoder,unmatched,0,,,,,
227,1175 HART ST,MCAS YUMA BRANCH DENTAL CLINIC,YUMA,AZ,85369,1,Census_Geocoder,unmatched,0,,,,,
228,1175 PEACHTREE ST NE,SUITE 1202,ATLANTA,GA,30361,1,Census_Geocoder,matched,1,"1175 PEACHTREE ST, ATLANTA, GA, 30361",33.787129592858,-84.383204138119,648245690,R
229,118 W MAPLE AVE,,BELLEFONTAINE,OH,53311,1,Census_Geocoder,matched,1,"118 MAPLE AVE, BELLEFONTAINE, OH, 43311",40.352115259464,-83.761076288351,656676924,R
230,1187 E COTTONWOOD LN,SUITE B,CASA GRANDE,AZ,85222,1,Census_Geocoder,matched,1,"1187 E COTTONWOOD LN, CASA GRANDE, AZ, 85122",32.894037646469,-111.735903479047,638558995,R
231,12 W CHURCH ST,,REAMSTOWN,PA,17567,1,Census_Geocoder,matched,1,"12 CHURCH ST, ADAMSTOWN, PA, 19501",40.245019997972,-76.051619782895,179646774,L
232,120 BRAEMAR COURT,TURNBERRY WOOD,SOUTHERN PINES,NC,28388,1,Census_Geocoder,unmatched,0,,,,,
233,1200 7TH AVE NORTH,ST ANTHONY'S HEALTH CARE-WOUND HEALING CENTER,ST PETERSBURG,FL,33734,1,Census_Geocoder,unmatched,0,,,,,
234,1200 PARK AVE,,PLAINFIELD,NJ,07061,1,Census_Geocoder,matched,1,"1200 PARK AVE, PLAINFIELD, NJ, 07060",40.607264235352,-74.405642271823,637792020,R
235,1200 SW 8TH STREET,HLS 693,MIAMI,FL,33199,1,Census_Geocoder,unmatched,0,,,,,
236,1201 BROAD ROCK BLVD,(117),RICHMOND,VA,23249,1,Census_Geocoder,unmatched,0,,,,,
237,1201 BROAD ROCK BLVD,171,RICHMOND,VA,23249,1,Census_Geocoder,unmatched,0,,,,,
238,1201 BROAD ROCK BLVD,AUDIOLOGY & SPEECH PATHOLOGY SERVICE,RICHMOND,VA,23249,1,Census_Geocoder,unmatched,0,,,,,
239,1201 BROAD ROCK BLVD,DEPT OF CARDIOLOGY,RICHMOND,VA,23249,1,Census_Geocoder,unmatched,0,,,,,
240,1201 BROAD ROCK BLVD,HUNTER HOLMES MCGUIRE VA MEDICAL CENTER,RICHMOND,VA,23249,1,Census_Geocoder,unmatched,0,,,,,
241,1201 BROAD ROCK BLVD,LAB (113) MCGUIRE VAMC,RICHMOND,VA,23249,1,Census_Geocoder,unmatched,0,,,,,
242,1201 BROAD ROCK BLVD,MCGUIRE VA MEDICAL CENTER (191),RICHMOND,VA,23249,1,Census_Geocoder,unmatched,0,,,,,
243,1201 BROAD ROCK BLVD,MCGUIRE VA MEDICAL CENTER DEPT OF RHEUMATOLOGY (111M),RICHMOND,VA,23249,1,Census_Geocoder,unmatched,0,,,,,
244,1201 BROAD ROCK BLVD,MCGUIRE VAMC,RICHMOND,VA,23249,1,Census_Geocoder,unmatched,0,,,,,
245,1201 BROAD ROCK BLVD,MCGUIRE VAMC PATHOLOGY (113),RICHMOND,VA,23249,1,Census_Geocoder,unmatched,0,,,,,
246,1201 BROAD ROCK BLVD,PRIMARY CARE GROUP PRACTICE B/YELLOW CLINIC,RICHMOND,VA,23249,1,Census_Geocoder,unmatched,0,,,,,
247,1201 BROAD ROCK BLVD,SECTION 111-C,RICHMOND,VA,23249,1,Census_Geocoder,unmatched,0,,,,,
248,1201 BROAD ROCK BLVD,SURGICAL SERVICE,RICHMOND,VA,23249,1,Census_Geocoder,unmatched,0,,,,,
249,1201 BROAD ROCK BLVD,SURGICAL SERVICE (112),RICHMOND,VA,23249,1,Census_Geocoder,unmatched,0,,,,,
250,1201 BROAD ROCK BLVD,VAMC PHARMACY SVC (119),RICHMOND,VA,23249,1,Census_Geocoder,unmatched,0,,,,,
251,1201 BROAD ROCK BLVD,,RICHMOND,VA,23249,19,Census_Geocoder,unmatched,0,,,,,
252,1201 BROAD ROCK BVLD,,RICHMOND,VA,23249,1,Census_Geocoder,unmatched,0,,,,,
253,1201 S MILLER STREET,CENTRAL WASHINGTON HOSPITAL,WENATCHEE,WA,98807,1,Census_Geocoder,matched,1,"1201 N MILLER ST, WENATCHEE, WA, 98801",47.438681583073,-120.324787477061,156974660,L
254,1206 APOLLO RD UNIT 852972,,RICHARDSON,TX,75085,1,Census_Geocoder,matched,1,"1206 APOLLO RD, RICHARDSON, TX, 75081",32.953418930319,-96.705026374334,103163964,R
255,1208 6TH AVE E,,SUPERIOR,MT,59822,1,Census_Geocoder,matched,1,"1208 6TH AVE E, SUPERIOR, MT, 59872",47.185548428958,-114.87752436284,657403088,L
256,12080 LB LINDBECK ROAD,,RADIUM SPRINGS,NM,88054,1,Census_Geocoder,unmatched,0,,,,,
257,121 AURORA PLACE,SUITE B,AIKEN,SC,20596,1,Census_Geocoder,matched,1,"121 AURORA PL, AIKEN, SC, 29801",33.573323869361,-81.760174721529,65030960,R
259,121 E CEDAR ST,4TH AND 5TH FLOOR,FLORENCE,SC,29504,1,Census_Geocoder,matched,1,"121 E CEDAR ST, FLORENCE, SC, 29506",34.188556744675,-79.763328340474,28878926,L
261,121 W FLORENCE BLVD,STE A,CASA GRANDE,AZ,85222,1,Census_Geocoder,matched,1,"121 W FLORENCE BLVD, CASA GRANDE, AZ, 85122",32.879493649413,-111.754191289241,129280467,R
262,1215 4TH AVE,SUITE 1000,SEATTLE,WA,98161,1,Census_Geocoder,matched,1,"1215 4TH AVE, SEATTLE, WA, 98101",47.607618075525,-122.334411151905,186589538,L
263,1215 E MICHIGAN,,LANSING,MI,48909,1,Census_Geocoder,matched,1,"1215 E MICHIGAN AVE, LANSING, MI, 48912",42.733646012574,-84.53543878916,17499613,L
264,1219 OAKLAND STREET,TEXAS WOMAN'S UNIVERSITY,DENTON,TX,76204,1,Census_Geocoder,matched,1,"1219 OAKLAND ST, DENTON, TX, 76201",33.224694080825,-97.130028898917,618992218,R
266,12222 MERIT DR STE 600,,DALLAS,TX,75284,1,Census_Geocoder,matched,1,"12222 MERIT DR, DALLAS, TX, 75251",32.913819448347,-96.772215875662,654552347,R
267,1227 W 27TH ST,,CEDAR FALLS,IA,50614,1,Census_Geocoder,matched,1,"1227 W 27TH ST, CEDAR FALLS, IA, 50614",42.513192686042,-92.463331648319,650824392,R
268,123 17TH STREET BRIGHAM BUILDING,MAIL STOP 316,RENO,NV,89577,1,Census_Geocoder,unmatched,0,,,,,
269,1230 E MAIN ST,MANKATO CLINIC @ MAIN STREET,MANKATO,MN,56002,4,Census_Geocoder,matched,1,"1230 E MAIN ST, MANKATO, MN, 56001",44.161085570581,-93.984101470316,28100954,R
270,1230 E MAIN ST,MANKATO CLINIC AT MAIN STREET,MANKATO,MN,56002,3,Census_Geocoder,matched,1,"1230 E MAIN ST, MANKATO, MN, 56001",44.161085570581,-93.984101470316,28100954,R
271,1230 E MAIN ST,MANKATO CLINIC LTD,MANKATO,MN,56002,1,Census_Geocoder,matched,1,"1230 E MAIN ST, MANKATO, MN, 56001",44.161085570581,-93.984101470316,28100954,R
272,1230 E MAIN ST,,MANKATO,MN,56002,4,Census_Geocoder,matched,1,"1230 E MAIN ST, MANKATO, MN, 56001",44.161085570581,-93.984101470316,28100954,R
273,1230 E MAIN STREET,MANKATO CLINIC,MANKATO,MN,56002,1,Census_Geocoder,matched,1,"1230 E MAIN ST, MANKATO, MN, 56001",44.161085570581,-93.984101470316,28100954,R
274,1230 E MAIN STREET,MANKATO CLINIC @ MAIN STREET,MANKATO,MN,56002,3,Census_Geocoder,matched,1,"1230 E MAIN ST, MANKATO, MN, 56001",44.161085570581,-93.984101470316,28100954,R
275,1230 E MAIN STREET,MANKATO CLINIC AT MAIN STREET,MANKATO,MN,56002,3,Census_Geocoder,matched,1,"1230 E MAIN ST, MANKATO, MN, 56001",44.161085570581,-93.984101470316,28100954,R
276,1249 STRONG ROAD,,QUINCY,FL,32353,1,Census_Geocoder,matched,1,"1249 STRONG RD, QUINCY, FL, 32351",30.570650492645,-84.550962024454,648089066,L
277,12519 GREVILLEA PLACE,,SAN DIEGO,CA,92160,1,Census_Geocoder,matched,1,"12519 GREVILLEA PL, SAN DIEGO, CA, 92130",32.943304394497,-117.179834028165,612889391,R
278,1253 NW CANAL BLVD,,REDMOND,OR,97708,1,Census_Geocoder,matched,1,"1253 NW CANAL BLVD, REDMOND, OR, 97756",44.287697657473,-121.168996122659,152567344,L
279,127 E SPRAGINS HALL,UNIVERSITY OF ALABAMA IN HUNTSVILLE,HUNTSVILLE,AL,35899,1,Census_Geocoder,unmatched,0,,,,,
280,127 SW 11TH ST,,OCALA,FL,34478,1,Census_Geocoder,matched,1,"127 SW 11TH ST, OCALA, FL, 34471",29.177762240641,-82.138125821441,116726507,R
281,1270 KOT-NUM ROAD BOX 1209,,WARM SPRINGS,OR,98861,1,Census_Geocoder,matched,1,"1270 KOT-NAM RD, WARM SPRINGS, OR, 97761",44.755485736298,-121.272233547104,153233708,L
282,12716 NE 36TH ST,,OKLAHOMA CITY,OK,73140,2,Census_Geocoder,unmatched,0,,,,,
283,1288 VALLEY FORGE ROAD,UNIT 69,VALLEY FORGE,PA,19482,1,Census_Geocoder,unmatched,0,,,,,
284,12900A GARDEN GROVE BLVD,STE #122,GARDEN GROVE,CA,92842,1,Census_Geocoder,matched,1,"12900A GARDEN GROVE BLVD, GARDEN GROVE, CA, 92843",33.774368778952,-117.90744013416,144039861,R
285,1295 STATE ST,M352,SPRINGFIELD,MA,01111,1,Census_Geocoder,matched,1,"1295 STATE ST, SPRINGFIELD, MA, 01109",42.118176690756,-72.547478679402,4063105,R
286,1295 STATE ST,,SPRINGFIELD,MA,01111,1,Census_Geocoder,matched,1,"1295 STATE ST, SPRINGFIELD, MA, 01109",42.118176690756,-72.547478679402,4063105,R
287,130 W RAVINE RD,,KINGSPORT,TN,37662,1,Census_Geocoder,matched,1,"130 W RAVINE RD, KINGSPORT, TN, 37660",36.552293680552,-82.553328571884,647288755,R
288,130 WEST RAVINE ROAD,,KINGSPORT,TN,37662,1,Census_Geocoder,matched,1,"130 W RAVINE RD, KINGSPORT, TN, 37660",36.552293680552,-82.553328571884,647288755,R
289,1301 RICHMOND ROAD,WESTERN STATE HOSPITAL,STAUNTON,VA,24402,1,Census_Geocoder,matched,1,"1301 RICHMOND AVE, STAUNTON, VA, 24401",38.131636607476,-79.039725889916,98849806,R
290,1321 COLBY AVE,PROVIDENCE EVERETT MEDICAL CENTER,EVERETT,WA,98206,1,Census_Geocoder,matched,1,"1321 COLBY AVE, EVERETT, WA, 98201",48.000059217127,-122.208006815888,187744696,L
291,1321 COLBY AVENUE,PROVIDENCE EVERETT MEDICAL CENTER,EVERETT,WA,98206,2,Census_Geocoder,matched,1,"1321 COLBY AVE, EVERETT, WA, 98201",48.000059217127,-122.208006815888,187744696,L
292,1321 COLBY AVENUE,,EVERETT,WA,98206,1,Census_Geocoder,matched,1,"1321 COLBY AVE, EVERETT, WA, 98201",48.000059217127,-122.208006815888,187744696,L
293,1323 JAMESTOWN ROAD,,WILLIAMSBURG,VA,23815,1,Census_Geocoder,matched,1,"1323 JAMESTOWN RD, WILLIAMSBURG, VA, 23185",37.250556478436,-76.735263648465,103778333,L
294,1326 SOUTH GOVERNORS AVENUE,SUITE 1B,DOVER,DE,19907,1,Census_Geocoder,matched,1,"1326 S GOVERNORS AVE, DOVER, DE, 19904",39.134445447287,-75.529890296472,68113758,L
295,13350 S SUNLAND GIN RD,,ARIZONA CITY,AZ,85223,1,Census_Geocoder,matched,1,"13350 N SUNLAND GIN RD, ARIZONA CITY, AZ, 85123",32.758685725155,-111.671165609447,129184909,L
296,1345 HIGHWAY 268,,PATTERSON,NC,28661,1,Census_Geocoder,unmatched,0,,,,,
297,1357 KINGS HIGHWAY,,SUGAR LOAF,NY,10981,1,Census_Geocoder,unmatched,0,,,,,
298,137 BLOUNT AVE,,KNOXVILLE,TN,37901,2,Census_Geocoder,matched,1,"137 E BLOUNT AVE, KNOXVILLE, TN, 37920",35.955897116056,-83.914078722905,42622881,L
299,137 BLOUNT AVE,,KNOXVILLE,TN,37907,1,Census_Geocoder,matched,1,"137 E BLOUNT AVE, KNOXVILLE, TN, 37920",35.955897116056,-83.914078722905,42622881,L
301,1400 BRYAN DR,SUITE 300,DURANT,OK,74702,2,Census_Geocoder,matched,1,"1400 BRYAN DR, DURANT, OK, 74701",34.006811171717,-96.397594742617,62519551,R
302,1400 FLORIDA AVE,STE 205A,MODESTO,CA,93350,1,Census_Geocoder,matched,1,"1400 FLORIDA AVE, MODESTO, CA, 95350",37.663774714045,-120.996126717663,102603868,R
303,1402 MAIN ST,DRMC ED,DANVILLE,VA,24145,1,Census_Geocoder,matched,2,"1402 N MAIN ST, DANVILLE, VA, 24540",36.603671676793,-79.379812326401,658048337,R
304,1405 COWART STREET,SUITE 201,CHARLOTTE,TN,28219,1,Census_Geocoder,unmatched,0,,,,,
305,1406 SOUTH WEST HIGHWAY 62,,MOUNTAIN HOME,AR,72654,1,Census_Geocoder,matched,1,"1406 US HWY 62, MOUNTAIN HOME, AR, 72653",36.352190429586,-92.360696178178,2953412,R
306,1407 WHISENANT DR,,DUNCAN,OK,75533,1,Census_Geocoder,unmatched,0,,,,,
307,141 MCDONALD COURT,,MYRTLE BEACH,SC,29277,1,Census_Geocoder,matched,1,"141 MCDONALD CT, MYRTLE BEACH, SC, 29588",33.682981011124,-78.963786375037,617895775,L
308,1415 ROSS AVE,,EL CENTRO,CA,99243,2,Census_Geocoder,matched,1,"1415 ROSS AVE, EL CENTRO, CA, 92243",32.781446192449,-115.568648133768,194494407,L
309,1415 ROSS AVENUE,,EL CENTRO,CA,99243,1,Census_Geocoder,matched,1,"1415 ROSS AVE, EL CENTRO, CA, 92243",32.781446192449,-115.568648133768,194494407,L
310,1421 PREMIER DR,MANKATO CLINIC @ WICKERSHAM CAMPUS,MANKATO,MN,56002,1,Census_Geocoder,matched,1,"1421 PREMIER DR, MANKATO, MN, 56001",44.195551094027,-93.952839006348,646421955,R
311,145 APPLECROSS ROAD,,SOUTHERN PINES,NC,28388,1,Census_Geocoder,unmatched,0,,,,,
313,149 N 3RD ST,,EUNICE,LA,90535,1,Census_Geocoder,matched,1,"149 N 3RD ST, EUNICE, LA, 70535",30.495401238392,-92.417585282602,106437633,L
314,15 PARKMAN STREET WAC 635,INTERNAL MEDICINE ASSOCIATES TEAM 3,BOSTON,MA,02117,1,Census_Geocoder,matched,2,"15 PARKMAN ST, BOSTON, MA, 02114",42.362218498294,-71.068021490715,638252048,R
315,150 E 58TH ST 8TH FLOOR ANNEX,,NEW YORK,NY,10155,1,Census_Geocoder,matched,1,"150 E 58TH ST, NEW YORK, NY, 10022",40.761401948618,-73.968318276283,59657490,R
316,150 E 58TH ST FL 34,,NEW YORK,NY,10155,1,Census_Geocoder,matched,1,"150 E 58TH ST, NEW YORK, NY, 10022",40.761401948618,-73.968318276283,59657490,R
317,1501 KINGS HWY,,SHREVEPORT,LA,71130,1,Census_Geocoder,matched,1,"1501 KINGS HWY, SHREVEPORT, LA, 71103",32.481684611825,-93.760827980994,57489324,L
318,1514 JEFFERSON HWY,,NEW ORLEANS,LA,70154,1,Census_Geocoder,matched,1,"1514 JEFFERSON HWY, NEW ORLEANS, LA, 70121",29.962581958244,-90.144495662787,655495657,L
319,1515 HOLCOMBE BLVD,,HOUSTON,TX,77210,1,Census_Geocoder,matched,1,"1515 HOLCOMBE BLVD, HOUSTON, TX, 77030",29.706289110614,-95.397176190536,96609977,L
320,1519 ALASKAN WAY SOUTH,,SEATTLE,WA,98131,1,Census_Geocoder,matched,1,"1519 ALASKAN WAY S, SEATTLE, WA, 98134",47.589222582591,-122.338065632537,186589623,R
321,1519 MARION ST,,COLUMBIA,SC,29220,1,Census_Geocoder,matched,1,"1519 MARION ST, COLUMBIA, SC, 29201",34.006540975645,-81.0322965817,71820800,L
322,1520 GERMANTOWN ST,,DAYTON,OH,45408,1,Census_Geocoder,matched,1,"1520 GERMANTOWN PIKE, DAYTON, OH, 45417",39.746640230584,-84.218451773849,647947696,L
323,1521 C SOUTH IRBY STREET,,FLORENCE,SC,29504,1,Census_Geocoder,matched,1,"1521 S IRBY ST, FLORENCE, SC, 29505",34.162704401726,-79.765658140684,640489095,R
324,156 MISSOURI BLVD,SUITE B,LAURIE,MO,65038,1,Census_Geocoder,unmatched,0,,,,,
325,1569 SLOAT BLVD,,SAN FRANCISCO,CA,94143,1,Census_Geocoder,matched,1,"1569 SLOAT BLVD, SAN FRANCISCO, CA, 94132",37.733701325731,-122.492022462597,623991496,L
326,1569 SLOAT BLVD SUITE 333,,SAN FRANCISCO,CA,94143,1,Census_Geocoder,matched,1,"1569 SLOAT BLVD, SAN FRANCISCO, CA, 94132",37.733701325731,-122.492022462597,623991496,L
327,159 TROUT AVE,NAVSUBASE NLON,GROTON,CT,06349,1,Census_Geocoder,unmatched,0,,,,,
328,16 COURT STREET,,BROOKLYN,NY,11241,1,Census_Geocoder,matched,1,"16 COURT ST, BROOKLYN, NY, 11201",40.693409675487,-73.990659251326,59075039,R
329,16 GUION PLACE,,NEW ROCHELLE,NY,10802,1,Census_Geocoder,matched,1,"16 GUION PL, NEW ROCHELLE, NY, 10801",40.912975273438,-73.787111745886,139842793,L
330,1600 CALIFORNIA DRIVE,DEPT OF MENTAL HEALTH DEPT OF CORRECTIONS,VACAVILLE,CA,95696,1,Census_Geocoder,matched,1,"1600 CALIFORNIA DR, VACAVILLE, CA, 95687",38.333250323779,-121.980145201372,650942210,R
331,1600 DIVISADERO ST,BOX 1605,SAN FRANCISCO,CA,94143,1,Census_Geocoder,matched,1,"1600 DIVISADERO ST, SAN FRANCISCO, CA, 94143",37.784392089877,-122.439576862635,192301543,R
332,1600 DIVISADERO ST,CANCER RISK PROGRAM # 1714,SAN FRANCISCO,CA,94143,1,Census_Geocoder,matched,1,"1600 DIVISADERO ST, SAN FRANCISCO, CA, 94143",37.784392089877,-122.439576862635,192301543,R
333,1600 DIVISADERO ST,,SAN FRANCISCO,CA,94143,5,Census_Geocoder,matched,1,"1600 DIVISADERO ST, SAN FRANCISCO, CA, 94143",37.784392089877,-122.439576862635,192301543,R
334,1600 DIVISADERO ST BOX 1714,,SAN FRANCISCO,CA,94143,1,Census_Geocoder,matched,1,"1600 DIVISADERO ST, SAN FRANCISCO, CA, 94143",37.784392089877,-122.439576862635,192301543,R
335,1600 DIVISADERO ST RM A002,,SAN FRANCISCO,CA,94143,1,Census_Geocoder,matched,1,"1600 DIVISADERO ST, SAN FRANCISCO, CA, 94143",37.784392089877,-122.439576862635,192301543,R
336,1600 DIVISADERO STREET,SUITE C-244 #1609,SAN FRANCISCO,CA,94143,1,Census_Geocoder,matched,1,"1600 DIVISADERO ST, SAN FRANCISCO, CA, 94143",37.784392089877,-122.439576862635,192301543,R
337,1600 DIVISADERO STREET,,SAN FRANCISCO,CA,94143,5,Census_Geocoder,matched,1,"1600 DIVISADERO ST, SAN FRANCISCO, CA, 94143",37.784392089877,-122.439576862635,192301543,R
338,1600 W AVENUE J,,LANCASTER,CA,93584,1,Census_Geocoder,matched,1,"1600 W AVE J, LANCASTER, CA, 93534",34.689285773587,-118.159603954946,637695927,R
339,162 MANSFIELD AVE,,WILLIMANTIC,CT,06626,1,Census_Geocoder,matched,1,"162 MANSFIELD AVE, WILLIMANTIC, CT, 06226",41.718737678279,-72.223425684216,647162296,L
340,1653 E MCMURRAY BLVD,SUITE 139,CASA GRANDE,AZ,85222,1,Census_Geocoder,matched,1,"1653 E MCMURRAY BLVD, CASA GRANDE, AZ, 85122",32.884468478327,-111.715481257993,657392017,L
341,1669 E MCMURRAY BLVD,,CASA GRANDE,AZ,85222,1,Census_Geocoder,matched,1,"1669 E MCMURRAY BLVD, CASA GRANDE, AZ, 85122",32.884376980164,-111.715321083529,657392017,L
342,1690 W SOUTHERN AVE,,APACHE JUNCTION,AZ,85220,1,Census_Geocoder,matched,1,"1690 W SOUTHERN AVE, APACHE JUNCTION, AZ, 85120",33.39336381328,-111.564226649211,657384932,R
343,17 SUNSET DRIVE,,WINNISQUAM,NH,03289,1,Census_Geocoder,unmatched,0,,,,,
344,1700 MEDICAL CENTER,EASTSIDE MEDICAL CENTER,SNELLVILLE,GA,30278,1,Census_Geocoder,matched,1,"1700 MEDICAL WAY, SNELLVILLE, GA, 30078",33.877582033731,-84.019727551159,88938144,L
345,1700 MEDICAL WAY,EASTSIDE MEDICAL CENTER,SNELLVILEL,GA,30278,1,Census_Geocoder,matched,1,"1700 MEDICAL WAY, SNELLVILLE, GA, 30078",33.877582033731,-84.019727551159,88938144,L
346,1700 MEDICAL WAY,EASTSIDE MEDICAL CENTER,SNELLVILLE,GA,30278,7,Census_Geocoder,matched,1,"1700 MEDICAL WAY, SNELLVILLE, GA, 30078",33.877582033731,-84.019727551159,88938144,L
347,1701 DIVISADERO ST,4TH FLOOR DERMATOLOGY FACULTY PRACTICE,SAN FRANCISCO,CA,94143,1,Census_Geocoder,matched,1,"1701 DIVISADERO ST, SAN FRANCISCO, CA, 94115",37.785294208743,-122.440000308506,192279648,L
348,1701 DIVISADERO ST,,SAN FRANCISCO,CA,94143,3,Census_Geocoder,matched,1,"1701 DIVISADERO ST, SAN FRANCISCO, CA, 94115",37.785294208743,-122.440000308506,192279648,L
349,1701 DIVISADERO ST FL 5,,SAN FRANCISCO,CA,94143,1,Census_Geocoder,matched,1,"1701 DIVISADERO ST, SAN FRANCISCO, CA, 94115",37.785294208743,-122.440000308506,192279648,L
350,1701 DIVISADERO STREET,,SAN FRANCISCO,CA,94143,3,Census_Geocoder,matched,1,"1701 DIVISADERO ST, SAN FRANCISCO, CA, 94115",37.785294208743,-122.440000308506,192279648,L
351,1701 HARDEE AVE SW,,ATLANTA,GA,30330,1,Census_Geocoder,matched,1,"1701 HARDEE AVE SW, ATLANTA, GA, 30310",33.707921754139,-84.42879571439,619862765,L
352,1711 RICHLAND AVENUE,,CERES,CA,95381,1,Census_Geocoder,matched,1,"1711 RICHLAND AVE, CERES, CA, 95307",37.604615077519,-120.966229699042,643071367,R
353,1716 UNIVERSITY BLVD,HPB G080,BIRMINGHAM,AL,35294,1,Census_Geocoder,matched,1,"1716 UNIVERSITY BLVD, BIRMINGHAM, AL, 35233",33.503161506545,-86.802450961288,81720704,L
354,1716 UNIVERSITY BLVD,HPB G080A,BIRMINGHAM,AL,35294,2,Census_Geocoder,matched,1,"1716 UNIVERSITY BLVD, BIRMINGHAM, AL, 35233",33.503161506545,-86.802450961288,81720704,L
355,172 KINSLEY ST,ST JOSEPH HOSPITAL- EMERGENCY DEPARTMENT,NASHUA,NH,03061,1,Census_Geocoder,matched,1,"172 KINSLEY ST, NASHUA, NH, 03060",42.750019388344,-71.480927681238,113552698,L
356,1729 N TREKELL RD,STE 101,CASA GRANDE,AZ,85222,1,Census_Geocoder,matched,1,"1729 N TREKELL RD, CASA GRANDE, AZ, 85122",32.897961211411,-111.740025324823,129321071,L
357,1729 N TREKELL RD,SUITE 124,CASA GRANDE,AZ,85222,1,Census_Geocoder,matched,1,"1729 N TREKELL RD, CASA GRANDE, AZ, 85122",32.897961211411,-111.740025324823,129321071,L
358,1729 N TREKELL RD,,CASA GRANDE,AZ,85222,1,Census_Geocoder,matched,1,"1729 N TREKELL RD, CASA GRANDE, AZ, 85122",32.897961211411,-111.740025324823,129321071,L
359,175 N MEDICAL DR FL 5,,SALT LAKE CITY,UT,84132,1,Census_Geocoder,matched,1,"175 N MEDICAL DR, SALT LAKE CITY, UT, 84112",40.77305543367,-111.837264888689,645878630,R
360,1750 EL CAMINO REAL,SUITE #307,BURLINGAME,CA,94101,1,Census_Geocoder,unmatched,0,,,,,
361,1760 E FLORENCE BLVD,BLDG 2,CASA GRANDE,AZ,85222,1,Census_Geocoder,matched,1,"1760 E FLORENCE BLVD, CASA GRANDE, AZ, 85122",32.879628187156,-111.711643743008,657423297,R
362,1760 E FLORENCE BLVD,,CASA GRANDE,AZ,85222,1,Census_Geocoder,matched,1,"1760 E FLORENCE BLVD, CASA GRANDE, AZ, 85122",32.879628187156,-111.711643743008,657423297,R
363,177 W COTTONWOOD LN,STE 7,CASA GRANDE,AZ,85222,1,Census_Geocoder,matched,1,"177 W COTTONWOOD LN, CASA GRANDE, AZ, 85122",32.894082647385,-111.754343006288,657405151,L
364,1780 E FLORENCE BLVD,SUITE 102,CASA GRANDE,AZ,85222,1,Census_Geocoder,matched,1,"1780 E FLORENCE BLVD, CASA GRANDE, AZ, 85122",32.879633850389,-111.710833894998,657423297,R
365,1791 W LINCOLN ROAD,,KOKOMO,IN,46092,1,Census_Geocoder,matched,1,"1791 W LINCOLN RD, KOKOMO, IN, 46902",40.454684810083,-86.155343240155,27271444,L
366,17920 NORTH MAIN ST,BOX 51,ELGIN,PA,16413,1,Census_Geocoder,unmatched,0,,,,,
369,1800 CENTER STREET,,CAMP HILL,PA,17089,1,Census_Geocoder,matched,1,"1800 CENTER ST, CAMP HILL, PA, 17011",40.259471641521,-76.931348412389,221255517,L
370,1800 E FLORENCE BLVD,,CASA GRANDE,AZ,85222,3,Census_Geocoder,matched,1,"1800 E FLORENCE BLVD, CASA GRANDE, AZ, 85122",32.879637781033,-111.710023802927,657423297,R
371,1800 LOMBARD ST,SUITE 805 PEPPER PAVILION,PHILADELPHIA,PA,19164,1,Census_Geocoder,matched,1,"1800 LOMBARD ST, PHILADELPHIA, PA, 19146",39.945408741845,-75.171777690004,131407773,L
372,1800 ORLEANS STREET,,BALTIMORE,MD,21264,1,Census_Geocoder,matched,2,"1800 ORLEANS ST, BALTIMORE, MD, 21231",39.295329548372,-76.590925649293,640493296,L
373,1800 VOLUNTEER BLVD,,KNOXVILLE,TN,37996,1,Census_Geocoder,matched,1,"1800 VOLUNTEER BLVD, KNOXVILLE, TN, 37916",35.950997090657,-83.930713652193,42620358,L
374,18101 OAKWOOD BLVD,ISU-OBS,DEARBORN,MI,48123,1,Census_Geocoder,matched,1,"18101 OAKWOOD BLVD, DEARBORN, MI, 48124",42.29190356177,-83.212052545756,657336373,L
375,1817 HAMILTON AVE,,SAN JOSE,CA,95725,1,Census_Geocoder,matched,1,"1817 HAMILTON AVE, SAN JOSE, CA, 95125",37.294459355844,-121.918679056242,122906456,R
376,1821 N TREKELL RD,SUITE 8,CASA GRANDE,AZ,85222,1,Census_Geocoder,matched,1,"1821 N TREKELL RD, CASA GRANDE, AZ, 85122",32.902820280142,-111.740034328287,657405119,L
377,1825 4TH ST,,SAN FRANCISCO,CA,94143,1,Census_Geocoder,unmatched,0,,,,,
378,1825 4TH ST FL 3,,SAN FRANCISCO,CA,94143,1,Census_Geocoder,unmatched,0,,,,,
379,1825 4TH ST FL 4,,SAN FRANCISCO,CA,94143,1,Census_Geocoder,unmatched,0,,,,,
380,1825 4TH ST RM L3185,,SAN FRANCISCO,CA,94143,1,Census_Geocoder,unmatched,0,,,,,
381,1828 E FLORENCE BLVD,BUILDING C STE 142,CASA GRANDE,AZ,85222,2,Census_Geocoder,matched,1,"1828 E FLORENCE BLVD, CASA GRANDE, AZ, 85122",32.879642495375,-111.708889990189,657423297,R
382,1828 E FLORENCE BLVD,STE 137,CASA GRANDE,AZ,85222,1,Census_Geocoder,matched,1,"1828 E FLORENCE BLVD, CASA GRANDE, AZ, 85122",32.879642495375,-111.708889990189,657423297,R
383,1828 E FLORENCE BLVD,STE 143,CASA GRANDE,AZ,85222,1,Census_Geocoder,matched,1,"1828 E FLORENCE BLVD, CASA GRANDE, AZ, 85122",32.879642495375,-111.708889990189,657423297,R
384,18300 ROSCOE BLVD,,NORTHRIDGE,CA,91328,7,Census_Geocoder,matched,1,"18300 ROSCOE BLVD, NORTHRIDGE, CA, 91325",34.220735735315,-118.531779172388,642865437,L
385,1832 ADAMS ST,,TOLEDO,OH,43624,1,Census_Geocoder,matched,1,"1832 ADAMS ST, TOLEDO, OH, 43604",41.65866585413,-83.546303006402,33943412,R
386,1835 N GILMORE AVE,,LAKELAND,FL,33831,1,Census_Geocoder,matched,1,"1835 N GILMORE AVE, LAKELAND, FL, 33805",28.06681419456,-81.951181183728,104808447,R
387,1840 MEASE DRIVE,SUITE 300,SAFETY HARBOR,FL,34595,1,Census_Geocoder,matched,1,"1840 MEASE DR, SAFETY HARBOR, FL, 34695",28.039662244242,-82.706248976067,124742377,R
388,18424 S HWY 28,,SAN MIGUEL,NM,88058,1,Census_Geocoder,unmatched,0,,,,,
389,185 BERRY STREET SUITE 290,,SAN FRANCISCO,CA,94143,1,Census_Geocoder,matched,1,"185 BERRY ST, SAN FRANCISCO, CA, 94107",37.776025475179,-122.392947061595,192289516,L
390,18554 E CATTLE DR,,QUEEN CREEK,AZ,85242,1,Census_Geocoder,matched,1,"18554 E CATTLE DR, QUEEN CREEK, AZ, 85142",33.272175405897,-111.683058661665,244002397,L
395,190 OVERTHRUST RD,,EVANSTON,WY,82931,1,Census_Geocoder,matched,1,"190 OVERTHRUST RD, EVANSTON, WY, 82930",41.257495578218,-110.984997985485,606033947,L
396,1901 CLINCH AVENUE,,KNOXVILLE,TN,37995,2,Census_Geocoder,matched,1,"1901 CLINCH AVE, KNOXVILLE, TN, 37916",35.957197569045,-83.936304406251,42620111,R
397,1901 S FIRST ST,,TEMPLE,TX,76506,1,Census_Geocoder,matched,1,"1901 S 1ST ST, TEMPLE, TX, 76504",31.075284540221,-97.35018169688,146198977,L
398,191 EAST PRICE RD,,BROWNSVILLE,TX,78523,1,Census_Geocoder,matched,1,"191 PRICE RD, BROWNSVILLE, TX, 78521",25.936051034085,-97.495107099048,90024102,L
399,191 EAST PRICE ROAD,,BROWNSVILLE,TX,78523,1,Census_Geocoder,matched,1,"191 PRICE RD, BROWNSVILLE, TX, 78521",25.936051034085,-97.495107099048,90024102,L
400,1933 SPIELBUSCH AVE,,TOLEDO,OH,43624,1,Census_Geocoder,matched,1,"1933 SPIELBUSCH AVE, TOLEDO, OH, 43604",41.659810140555,-83.535571543309,33943797,L
401,1946 N 13TH ST,STE 483,TOLEDO,OH,43624,2,Census_Geocoder,matched,1,"1946 N 13TH ST, TOLEDO, OH, 43604",41.660338526703,-83.540873761209,635573142,L
402,1959 NE PACIFIC ST,HSB - B221,SEATTLE,WA,98185,1,Census_Geocoder,matched,1,"1959 NE PACIFIC ST, SEATTLE, WA, 98195",47.6506691806,-122.308013571265,186991331,R
403,198 S SKILL CENTER RD,,SACATON,AZ,85247,1,Census_Geocoder,matched,1,"198 SKILL CENTER RD, SACATON, AZ, 85147",33.074178586974,-111.757243185473,657394890,L
404,1FLETCHER DR,SHCC,GAINESVILLE,FL,32611,1,Census_Geocoder,unmatched,0,,,,,
405,2 ND FLOOR BLDG 9900,ATTN: CREDENTIALS OFFICE,TACOMA,WA,98431,1,Census_Geocoder,unmatched,0,,,,,
406,20 DUKE MEDICINE CIR,,DURHAM,NC,27710,1,Census_Geocoder,unmatched,0,,,,,
407,20 DUKE MEDICINE CIRCLE,DUKE MEDICAL CENTER DEPARTMENT OF RADIATION ONCOLOGY,DURHAM,NC,27710,1,Census_Geocoder,unmatched,0,,,,,
408,20 W 1700 S,,CLEARFIELD,UT,84016,1,Census_Geocoder,matched,1,"20 W 1700 S, CLEARFIELD, UT, 84015",41.089209232807,-112.026582611586,642842844,R
409,20 YORK ST,CB 2045,NEW HAVEN,CT,06504,1,Census_Geocoder,matched,2,"20 YORK ST, NEW HAVEN, CT, 06510",41.30334916715,-72.93614177983,3700554,R
410,20 YORK ST,CB-2041,NEW HAVEN,CT,06504,1,Census_Geocoder,matched,2,"20 YORK ST, NEW HAVEN, CT, 06510",41.30334916715,-72.93614177983,3700554,R
411,20 YORK ST,WOMEN'S CENTER TMPB,NEW HAVEN,CT,06504,1,Census_Geocoder,matched,2,"20 YORK ST, NEW HAVEN, CT, 06510",41.30334916715,-72.93614177983,3700554,R
412,20 YORK ST,YALE-NEW HAVEN HOSPITAL,NEW HAVEN,CT,06504,1,Census_Geocoder,matched,2,"20 YORK ST, NEW HAVEN, CT, 06510",41.30334916715,-72.93614177983,3700554,R
413,20 YORK ST,YNHH (CHILDREN'S) WEST PAVILION - 2ND FLOOR,NEW HAVEN,CT,06504,2,Census_Geocoder,matched,2,"20 YORK ST, NEW HAVEN, CT, 06510",41.30334916715,-72.93614177983,3700554,R
414,20 YORK ST,YNHH (CHILDREN'S) WEST PAVILION 2ND FLOOR,NEW HAVEN,CT,06504,1,Census_Geocoder,matched,2,"20 YORK ST, NEW HAVEN, CT, 06510",41.30334916715,-72.93614177983,3700554,R
415,20 YORK ST,YNHH EAST PAVILION 2608,NEW HAVEN,CT,06504,1,Census_Geocoder,matched,2,"20 YORK ST, NEW HAVEN, CT, 06510",41.30334916715,-72.93614177983,3700554,R
416,20 YORK ST,YNHH TOMPKINS BUILDING 3RD FLOOR,NEW HAVEN,CT,06504,1,Census_Geocoder,matched,2,"20 YORK ST, NEW HAVEN, CT, 06510",41.30334916715,-72.93614177983,3700554,R
417,20 YORK ST,,NEW HAVEN,CT,06504,3,Census_Geocoder,matched,2,"20 YORK ST, NEW HAVEN, CT, 06510",41.30334916715,-72.93614177983,3700554,R
418,20 YORK ST # CB-2041,YNH MEDICAL SERVICES PC,NEW HAVEN,CT,06504,1,Census_Geocoder,matched,2,"20 YORK ST, NEW HAVEN, CT, 06510",41.30334916715,-72.93614177983,3700554,R
419,20 YORK STREET CB 2041,,NEW HAVEN,CT,06504,1,Census_Geocoder,matched,2,"20 YORK ST, NEW HAVEN, CT, 06510",41.30334916715,-72.93614177983,3700554,R
420,200 OLD COUNTRY ROAD SUITE 520,STE 100,MINEOLA,NY,11115,1,Census_Geocoder,matched,1,"200 OLD COUNTRY RD, MINEOLA, NY, 11501",40.739174160736,-73.638385946217,147821343,R
421,200 TRENT DR AT ERWIN RD,DUMC 3974 - PLASTIC MAXILLOFACIAL & ORAL SURGERY,DURHAM,NC,27710,1,Census_Geocoder,matched,1,"TRENT DR & ERWIN RD, DURHAM, NC, 27705",36.007867883094,-78.933984289481,,
422,2000 CHURCH ST,BOX 18,NASHVILLE,TN,37236,1,Census_Geocoder,matched,1,"2000 CHURCH ST, NASHVILLE, TN, 37203",36.153417563006,-86.800934394379,97185983,R
423,2000 CHURCH ST,IP HOSPITALIST,NASHVILLE,TN,37236,1,Census_Geocoder,matched,1,"2000 CHURCH ST, NASHVILLE, TN, 37203",36.153417563006,-86.800934394379,97185983,R
424,2000 CHURCH ST,IP-HOSPITALIST,NASHVILLE,TN,37236,1,Census_Geocoder,matched,1,"2000 CHURCH ST, NASHVILLE, TN, 37203",36.153417563006,-86.800934394379,97185983,R
425,2000 CHURCH ST,IP-HOSPITALISTS,NASHVILLE,TN,37236,1,Census_Geocoder,matched,1,"2000 CHURCH ST, NASHVILLE, TN, 37203",36.153417563006,-86.800934394379,97185983,R
426,2000 CHURCH ST,,NASHVILLE,TN,37236,3,Census_Geocoder,matched,1,"2000 CHURCH ST, NASHVILLE, TN, 37203",36.153417563006,-86.800934394379,97185983,R
427,2000 CHURCH STREET,EMERGENCY DEPT,NASHVILLE,TN,37236,1,Census_Geocoder,matched,1,"2000 CHURCH ST, NASHVILLE, TN, 37203",36.153417563006,-86.800934394379,97185983,R
428,2000 HAYES STREET,SUITE 500,NASHVILLE,TN,37236,1,Census_Geocoder,matched,1,"2000 HAYES ST, NASHVILLE, TN, 37203",36.152400812179,-86.800173816848,97185985,R
429,2000 WASHINGTON ST,,NEWTON,MA,02162,1,Census_Geocoder,matched,1,"2000 WASHINGTON ST, NEWTON, MA, 02462",42.332697356228,-71.246074630038,87127174,L
430,2001 N MATTIS AVE UNIT 7230,,CHAMPAIGN,IL,61826,1,Census_Geocoder,matched,1,"2001 N MATTIS AVE, CHAMPAIGN, IL, 61821",40.137442155962,-88.277261348582,649939277,L
431,2001 S STATE ST,S1500,SALT LAKE CITY,UT,84190,1,Census_Geocoder,matched,1,"2001 S STATE ST, SALT LAKE CITY, UT, 84190",40.727420349043,-111.888128663574,658171693,L
432,2007 MONTREAL RD,,TUCKER,GA,33084,1,Census_Geocoder,matched,1,"2007 MONTREAL RD, TUCKER, GA, 30084",33.842446271351,-84.256674360964,23361466,R
433,201 CENTRE PLAZA DRIVE,JUVENILE COURT MENTAL HEALTH SERVICE,MONTEREY PARK,CA,90754,1,Census_Geocoder,matched,1,"201 CENTRE PLAZA DR, MONTEREY PARK, CA, 91754",34.059361986746,-118.166260607359,241240908,R
434,201 INDEPENDENCE,COLUMBUS AFB,COLUMBUS,MS,39710,1,Census_Geocoder,unmatched,0,,,,,
435,201 INDEPENDENCE,SUITE 101,COLUMBUS,MS,39710,1,Census_Geocoder,unmatched,0,,,,,
436,201 INDEPENDENCE,,COLUMBUS,MS,39710,1,Census_Geocoder,unmatched,0,,,,,
437,201 INDEPENDENCE DR,SUITE 235,COLUMBUS AFB,MS,39710,1,Census_Geocoder,unmatched,0,,,,,
438,2012 W SOUTHERN AVE,,APACHE JUNCTION,AZ,85220,1,Census_Geocoder,matched,1,"2012 W SOUTHERN AVE, APACHE JUNCTION, AZ, 85120",33.393391159803,-111.566431700187,658514704,R
439,2014 WASHINGTON STREET,NEWTON-WELLESLEY HOSP,NEWTONVILLE,MA,02162,1,Census_Geocoder,matched,1,"2014 WASHINGTON ST, NEWTONVILLE, MA, 02462",42.330667985811,-71.247921610121,87127174,L
440,20185 E OCOTILLO RD,#105,QUEEN CREEK,AZ,85242,1,Census_Geocoder,matched,1,"20185 E OCOTILLO RD, QUEEN CREEK, AZ, 85142",33.248623858152,-111.647567547831,617918358,R
443,2020 FITTH STREET,UNIT 2233,DAVIS,CA,95617,1,Census_Geocoder,unmatched,0,,,,,
444,20225 N RYANS TRL,,MARICOPA,AZ,85238,1,Census_Geocoder,matched,1,"20225 N RYANS TRL, MARICOPA, AZ, 85138",33.063522587486,-112.034381812516,129255578,L
445,2025 E NEWPORT AVE,COLUMBIA ST MARY'S HOSPITAL,MILWAUKEE,WI,53201,1,Census_Geocoder,matched,1,"2025 E NEWPORT AVE, MILWAUKEE, WI, 53211",43.079406662932,-87.884726804946,77744046,R
446,203 MILLS AVE,,GREENVILLE,SC,29604,1,Census_Geocoder,matched,1,"203 MILLS AVE, GREENVILLE, SC, 29605",34.830086155949,-82.40683389408,38300598,L
447,2041 GEORGIA AVE NW,EMERGENCY DEPT ADMIN OFFICE,WASHINGTON,DC,20060,1,Census_Geocoder,matched,1,"2041 GEORGIA AVE NW, WASHINGTON, DC, 20060",38.918269998864,-77.021825068277,76224378,R
448,2041 GEORGIA AVE NW,OBGYN ADMINISTRATIVE SUITE,WASHINGTON,DC,20060,1,Census_Geocoder,matched,1,"2041 GEORGIA AVE NW, WASHINGTON, DC, 20060",38.918269998864,-77.021825068277,76224378,R
449,2041 GEORGIA AVE NW,STE 4000,WASHINGTON,DC,20060,1,Census_Geocoder,matched,1,"2041 GEORGIA AVE NW, WASHINGTON, DC, 20060",38.918269998864,-77.021825068277,76224378,R
450,2041 GEORGIA AVE NW,SUITE 2322,WASHINGTON,DC,20060,1,Census_Geocoder,matched,1,"2041 GEORGIA AVE NW, WASHINGTON, DC, 20060",38.918269998864,-77.021825068277,76224378,R
451,2041 GEORGIA AVE NW,SUITE B ROOM 1-OP-64 (AMBULATORY CARE SUITE),WASHINGTON,DC,20060,1,Census_Geocoder,matched,1,"2041 GEORGIA AVE NW, WASHINGTON, DC, 20060",38.918269998864,-77.021825068277,76224378,R
452,2041 GEORGIA AVE NW,,WASHINGTON,DC,20060,6,Census_Geocoder,matched,1,"2041 GEORGIA AVE NW, WASHINGTON, DC, 20060",38.918269998864,-77.021825068277,76224378,R
453,2041 GEORGIA AVE NW FL 6,,WASHINGTON,DC,20060,1,Census_Geocoder,matched,1,"2041 GEORGIA AVE NW, WASHINGTON, DC, 20060",38.918269998864,-77.021825068277,76224378,R
454,2041 GEORGIA AVE NW HUH B105,,WASHINGTON,DC,20060,2,Census_Geocoder,matched,1,"2041 GEORGIA AVE NW, WASHINGTON, DC, 20060",38.918269998864,-77.021825068277,76224378,R
455,2041 GEORGIA AVE NW STE 3300,,WASHINGTON,DC,20060,1,Census_Geocoder,matched,1,"2041 GEORGIA AVE NW, WASHINGTON, DC, 20060",38.918269998864,-77.021825068277,76224378,R
456,2041 GEORGIA AVE NW STE 5100,,WASHINGTON,DC,20060,1,Census_Geocoder,matched,1,"2041 GEORGIA AVE NW, WASHINGTON, DC, 20060",38.918269998864,-77.021825068277,76224378,R
457,2041 GEORGIA AVE NW STE 6101,,WASHINGTON,DC,20060,1,Census_Geocoder,matched,1,"2041 GEORGIA AVE NW, WASHINGTON, DC, 20060",38.918269998864,-77.021825068277,76224378,R
458,2041 GEORGIA AVENUE NW DEPT OF SURGERY,,WASHINGTON,DC,20060,1,Census_Geocoder,matched,1,"2041 GEORGIA AVE NW, WASHINGTON, DC, 20060",38.918269998864,-77.021825068277,76224378,R
459,2041 GEORGIA NWAVE 1700,,WASHINGTON,DC,20060,1,Census_Geocoder,unmatched,0,,,,,
460,2049 E 100TH ST,,CLEVELAND,OH,44195,1,Census_Geocoder,matched,1,"2049 E 100TH ST, CLEVELAND, OH, 44106",41.502860552122,-81.6182690938,638278272,L
461,205 HORTON,,NORMAL,IL,61790,1,Census_Geocoder,unmatched,0,,,,,
462,207 N WEST ST,,WOODLAND PARK,CO,80866,1,Census_Geocoder,matched,1,"207 N WEST ST, WOODLAND PARK, CO, 80863",38.995543518383,-105.056952870788,605749333,R
463,20715 E OCOTILLO RD,SUITE 103,QUEEN CREEK,AZ,85242,2,Census_Geocoder,matched,1,"20715 E OCOTILLO RD, QUEEN CREEK, AZ, 85142",33.24863475233,-111.637264883383,617916997,R
464,208 HORTON,,NORMAL,IL,61790,1,Census_Geocoder,unmatched,0,,,,,
465,2080 W SOUTHERN AVE,STE 1,APACHE JUNCTION,AZ,85220,1,Census_Geocoder,matched,1,"2080 W SOUTHERN AVE, APACHE JUNCTION, AZ, 85120",33.393394758137,-111.567042164797,657420427,R
466,2080 W SOUTHERN AVE,STE A2,APACHE JUNCTION,AZ,85220,1,Census_Geocoder,matched,1,"2080 W SOUTHERN AVE, APACHE JUNCTION, AZ, 85120",33.393394758137,-111.567042164797,657420427,R
467,209 REDWOOD SHORES,,REDWOOD SHORES,CA,94068,1,Census_Geocoder,matched,1,"209 REDWOOD SHORES PKWY, REDWOOD CITY, CA, 94065",37.519385095437,-122.252377028927,643102354,R
468,20997 LORAIN RD,,FAIRVIEW PARK,OH,44176,1,Census_Geocoder,matched,1,"20997 LORAIN AVE, FAIRVIEW PARK, OH, 44126",41.446425957992,-81.852903842023,61098401,L
469,21 CLARK WAY,,SOMERSWORTH,NH,03843,1,Census_Geocoder,matched,1,"21 CLARK WAY, SOMERSWORTH, NH, 03878",43.251430127794,-70.898601466606,117822738,R
470,2100 ERWIN RD,,DURHAM,NC,27710,5,Census_Geocoder,matched,1,"2100 ERWIN RD, DURHAM, NC, 27705",36.007855452315,-78.933334607834,71738443,R
471,2100 ERWIN ROAD,,DURHAM,NC,27710,1,Census_Geocoder,matched,1,"2100 ERWIN RD, DURHAM, NC, 27705",36.007855452315,-78.933334607834,71738443,R
472,2101 ERWIN ROAD,CLINIC A,DURHAM,NC,27710,1,Census_Geocoder,matched,1,"2101 ERWIN RD, DURHAM, NC, 27705",36.007675230361,-78.932772889879,71738443,L
473,2102 HARRISBURG PIKE,,LANCASTER,PA,17604,2,Census_Geocoder,matched,1,"2102 HARRISBURG PIKE, LANCASTER, PA, 17601",40.065667645507,-76.348370803315,179714286,L
474,2104 HARRISBURG PIKE,STE 200,LANCASTER,PA,17604,1,Census_Geocoder,matched,1,"2104 HARRISBURG PIKE, LANCASTER, PA, 17601",40.065705990902,-76.348677566345,179714286,L
475,2106 HARRISBURG PIKE,SUITE 200,LANCASTER,PA,17604,1,Census_Geocoder,matched,1,"2106 HARRISBURG PIKE, LANCASTER, PA, 17601",40.065744336297,-76.348984329375,179714286,L
476,2106 HARRISBURG PIKE,SUITE 301,LANCASTER,PA,17604,1,Census_Geocoder,matched,1,"2106 HARRISBURG PIKE, LANCASTER, PA, 17601",40.065744336297,-76.348984329375,179714286,L
477,2112 HARRISBURG PIKE,STE 1,LANCASTER,PA,17604,1,Census_Geocoder,matched,1,"2112 HARRISBURG PIKE, LANCASTER, PA, 17601",40.06587809714,-76.349900856341,179714286,L
478,2112 HARRISBURG PIKE,SUITE 1,LANCASTER,PA,17604,1,Census_Geocoder,matched,1,"2112 HARRISBURG PIKE, LANCASTER, PA, 17601",40.06587809714,-76.349900856341,179714286,L
479,21300 N JOHN WAYNE PARKWAY,STE 123,MARICOPA,AZ,85239,2,Census_Geocoder,matched,1,"21300 N JOHN WAYNE PKWY, MARICOPA, AZ, 85139",33.073684040862,-112.043788296965,129329992,L
480,21300 N JOHN WAYNE PKWY,STE 123,MARICOPA,AZ,85239,1,Census_Geocoder,matched,1,"21300 N JOHN WAYNE PKWY, MARICOPA, AZ, 85139",33.073684040862,-112.043788296965,129329992,L
481,2140 STADIUM RD STE 1001,,GAINESVILLE,FL,32611,1,Census_Geocoder,unmatched,0,,,,,
482,2150 STADIUM DRIVE,,BOULDER,CO,80309,1,Census_Geocoder,unmatched,0,,,,,
483,217 PESETAS LANE,,SANTA BARBARA,CA,93160,1,Census_Geocoder,matched,1,"217 PESETAS LN, SANTA BARBARA, CA, 93110",34.443437822648,-119.758495911292,108602928,L
484,22 ANNA MARSH LANE,,BRATTLEBORO,VT,05302,1,Census_Geocoder,matched,1,"22 ANNA MARSH LN, BRATTLEBORO, VT, 05301",42.858922889553,-72.562575539444,171115556,R
485,2200 BERQUIST DR,59 MEDICAL WING/CREDENTIALS,LACKLAND AFB,TX,76236,1,Census_Geocoder,matched,1,"2200 BERQUIST DR, LACKLAND AFB, TX, 78236",29.398058781093,-98.625751527159,101742446,L
486,2200 JEFFERSON AVE,4TH FLOOR,TOLEDO,OH,43624,1,Census_Geocoder,matched,1,"2200 JEFFERSON AVE, TOLEDO, OH, 43604",41.657813872663,-83.552018454636,33943351,R
487,2200 JEFFERSON AVE,,TOLEDO,OH,43624,1,Census_Geocoder,matched,1,"2200 JEFFERSON AVE, TOLEDO, OH, 43604",41.657813872663,-83.552018454636,33943351,R
488,2201 N GRAND AVE,UNIT #10433,SANTA ANA,CA,92711,1,Census_Geocoder,matched,1,"2201 N GRAND AVE, SANTA ANA, CA, 92705",33.765387438865,-117.851448025324,144051371,R
489,221 NE GLEN OAK AVE,DEPARTMENT OF RADIATION ONCOLOGY,PEORIA,IL,61636,1,Census_Geocoder,matched,1,"221 NE GLEN OAK AVE, PEORIA, IL, 61603",40.69986407507,-89.595254220648,8720082,L
490,221 NE GLEN OAK AVE,,PEORIA,IL,61636,4,Census_Geocoder,matched,1,"221 NE GLEN OAK AVE, PEORIA, IL, 61603",40.69986407507,-89.595254220648,8720082,L
491,2211 LOMAS BLVD,5 NORTH AUDIOLOGY,ALBUQUERQUE,NM,87131,1,Census_Geocoder,matched,1,"2211 LOMAS BLVD NE, ALBUQUERQUE, NM, 87106",35.087533717784,-106.616416872478,637694757,L
492,222 W 8TH ST UNIT 3826,,DURANGO,CO,81302,1,Census_Geocoder,matched,1,"222 W 8TH ST, DURANGO, CO, 81301",37.272591880505,-107.882646244713,91696605,L
493,223 16TH AVE N,,NAMPA,ID,83653,1,Census_Geocoder,matched,1,"223 16TH AVE N, NAMPA, ID, 83687",43.578758468708,-116.552088775349,122786912,L
494,22320 E MERLOT ST,,QUEEN CREEK,AZ,85242,1,Census_Geocoder,matched,1,"22320 E MERLOT ST, QUEEN CREEK, AZ, 85142",33.221363318042,-111.601330820002,243997015,L
495,225 VON KARMAN ROAD,,ARNOLD AIR FORCE BASE,TN,37389,1,Census_Geocoder,unmatched,0,,,,,
496,225 W 34TH ST,SUITE 900,NEW YORK,NY,10122,1,Census_Geocoder,matched,1,"225 W 34TH ST, NEW YORK, NY, 10122",40.751070662274,-73.990652367053,59658574,R
497,2300 CAPITOL AVE,117 HATHAWAY BLDG,CHEYENNE,WY,82002,1,Census_Geocoder,matched,1,"2300 CAPITOL AVE, CHEYENNE, WY, 82001",41.138926788629,-104.819395921778,160149259,L
498,2300 E ST NW,,WASHINGTON,DC,20372,2,Census_Geocoder,matched,1,"2300 E ST NE, WASHINGTON, DC, 20002",38.896168508217,-76.973621107089,76231376,L
499,2300 E STREET NW,BUREAU OF MEDICINE AND SURGERY,WASHINGTON,DC,20374,1,Census_Geocoder,matched,1,"2300 E ST NE, WASHINGTON, DC, 20002",38.896168508217,-76.973621107089,76231376,L
500,2300 GENERAL MEYER AVE,BLDG H100,NEW ORLEANS,LA,70142,1,Census_Geocoder,matched,1,"2300 GENERAL MEYER AVE, NEW ORLEANS, LA, 70114",29.944917112157,-90.033630792593,651167563,L
501,2300 WANKEL WAY,,OXNARD,CA,93031,1,Census_Geocoder,matched,1,"2300 WANKEL WAY, OXNARD, CA, 93030",34.216747502198,-119.146358615453,110017334,L
502,2301 EAST ALLEGHENY AVENUE,,PHILADELPHIA,PA,19178,1,Census_Geocoder,matched,1,"2301 W ALLEGHENY AVE, PHILADELPHIA, PA, 19132",40.003554367155,-75.167574599889,131402329,R
503,2301 ERWIN RD,7TH FLOOR,DURHAM,NC,27710,1,Census_Geocoder,matched,1,"2301 ERWIN RD, DURHAM, NC, 27705",36.008132137992,-78.937378879789,640627921,L
504,2301 ERWIN RD,,DURHAM,NC,27710,1,Census_Geocoder,matched,1,"2301 ERWIN RD, DURHAM, NC, 27705",36.008132137992,-78.937378879789,640627921,L
505,2301 ERWIN RD DUMC 3096,,DURHAM,NC,27710,1,Census_Geocoder,matched,1,"2301 ERWIN RD, DURHAM, NC, 27705",36.008132137992,-78.937378879789,640627921,L
506,2301 ERWIN ROAD,,DURHAM,NC,27710,4,Census_Geocoder,matched,1,"2301 ERWIN RD, DURHAM, NC, 27705",36.008132137992,-78.937378879789,640627921,L
507,23186 BLUESTAR HIGHWAY,,QUINCY,FL,32353,1,Census_Geocoder,matched,1,"23186 BLUE STAR HWY, QUINCY, FL, 32351",30.569556772387,-84.548002458443,87816890,L
508,232 W 25TH ST,,ERIE,PA,16544,29,Census_Geocoder,matched,1,"232 W 25TH ST, ERIE, PA, 16544",42.111178164272,-80.078735667269,117494894,R
509,232 W 25TH ST # 3R,,ERIE,PA,16544,1,Census_Geocoder,matched,1,"232 W 25TH ST, ERIE, PA, 16544",42.111178164272,-80.078735667269,117494894,R
510,232 W 25TH ST STE F01030,,ERIE,PA,16544,1,Census_Geocoder,matched,1,"232 W 25TH ST, ERIE, PA, 16544",42.111178164272,-80.078735667269,117494894,R
511,2330 PAYSPHERE CIR,,CHICAGO,IL,60674,2,Census_Geocoder,unmatched,0,,,,,
512,2330 POST STREET,,SAN FRANCISCO,CA,94143,1,Census_Geocoder,matched,1,"2330 POST ST, SAN FRANCISCO, CA, 94115",37.784269251839,-122.440556371868,192298606,R
513,2333 BUCHANAN ST,,SAN FRANCISCO,CA,94120,1,Census_Geocoder,matched,1,"2333 BUCHANAN ST, SAN FRANCISCO, CA, 94115",37.790808077777,-122.430923010808,192279999,L
515,2350 N UNIVERSITY DR UNIT 841423,,PEMBROKE PINES,FL,33084,1,Census_Geocoder,matched,1,"2350 N UNIVERSITY DR, PEMBROKE PINES, FL, 33024",26.029631802659,-80.249033559969,637709445,R
516,2361 PAYSPHERE CIR,,CHICAGO,IL,60674,8,Census_Geocoder,unmatched,0,,,,,
517,2361 PAYSPHERE CIRCLE,,CHICAGO,IL,60674,6,Census_Geocoder,unmatched,0,,,,,
518,238 BROOKLEY AVE,,BOLLING AFB,DC,20332,3,Census_Geocoder,unmatched,0,,,,,
519,238 BROOKLEY AVE,,WASHINGTON,DC,20338,1,Census_Geocoder,unmatched,0,,,,,
520,2380 SUTTER STREET,3RD FLOOR,SAN FRANCISCO,CA,94143,1,Census_Geocoder,matched,1,"2380 SUTTER ST, SAN FRANCISCO, CA, 94115",37.785352343617,-122.439501175095,641011748,R
521,23827 EDEN STREET,,PLAQUEMINE,LA,70765,1,Census_Geocoder,matched,1,"23827 EDEN ST, PLAQUEMINE, LA, 70764",30.287152599443,-91.232904250457,85548909,R
522,2390 WEST CONGRESS ST,,LAFAYETTE,LA,70596,1,Census_Geocoder,matched,1,"2390 W CONGRESS ST, LAFAYETTE, LA, 70506",30.219050935105,-92.040961633226,85639364,R
523,2400 RUSSELLVILLE RD,US 68 EAST,HOPKINSVILLE,KY,42241,1,Census_Geocoder,matched,1,"2400 RUSSELLVILLE RD, HOPKINSVILLE, KY, 42240",36.862869069892,-87.45015591505,638581358,R
524,2400 TUCKER AVE NE,,ALBUQUERQUE,NM,87131,1,Census_Geocoder,matched,1,"2400 TUCKER AVE NE, ALBUQUERQUE, NM, 87131",35.091807803579,-106.621074181441,206728733,R
525,2400 TUCKER NE,,ALBUQUERQUE,NM,87131,4,Census_Geocoder,matched,1,"2400 TUCKER AVE NE, ALBUQUERQUE, NM, 87131",35.091807803579,-106.621074181441,206728733,R
526,2401 E STREET M/MED/DMD/QM SA-1,,WASHINGTON,DC,20522,1,Census_Geocoder,unmatched,0,,,,,
527,2401 E STREET NW,SUITE L-209,WASHINGTON,DC,20522,1,Census_Geocoder,matched,1,"2401 E ST NW, WASHINGTON, DC, 20037",38.896137844716,-77.051507258372,610824572,R
528,2401 SOUTH 31ST STREET,,TEMPLE,TX,75608,1,Census_Geocoder,matched,1,"2401 S 31ST ST, TEMPLE, TX, 76508",31.0786865406,-97.365900190373,647836293,L
529,2402 CAMDEN ST,SUITE 300,WILSON,NC,27895,1,Census_Geocoder,matched,1,"2402 CAMDEN ST SW, WILSON, NC, 27893",35.717209095182,-77.94970688242,26705766,L
530,2406 CENTURY PLACE,,HICKORY,NC,28603,1,Census_Geocoder,unmatched,0,,,,,
531,2423 W DUNLAP AVE,#150,PHOENIX,AZ,85064,1,Census_Geocoder,matched,1,"2423 W DUNLAP AVE, PHOENIX, AZ, 85021",33.567493091667,-112.110776351547,128303293,L
532,2441 21ST STREET,US ARMY DENTAL ACTIVITY,FORT CAMPBELL,KY,42222,1,Census_Geocoder,unmatched,0,,,,,
533,2495 SHREVEPORT HIGHWAY,ALEXANDRIA VA MEDICAL CENTER,ALEXANDRIA,LA,71306,1,Census_Geocoder,unmatched,0,,,,,
534,25 CHURCH ST,,WILKES BARRE,PA,18765,5,Census_Geocoder,matched,1,"25 CHURCH ST, WILKES BARRE, PA, 18704",41.274282260403,-75.882053763816,80911521,R
535,250 ARSENAL ST,11 SHS,AUGUSTA,ME,04333,3,Census_Geocoder,unmatched,0,,,,,
536,250 ARSENAL ST,,AUGUSTA,ME,04333,1,Census_Geocoder,unmatched,0,,,,,
537,250 ARSENAL STREET,11 SHS,AUGUSTA,ME,04333,2,Census_Geocoder,unmatched,0,,,,,
538,250 W 57TH ST,1231,NEW YORK,NY,10107,1,Census_Geocoder,matched,1,"250 W 57TH ST, NEW YORK, NY, 10107",40.766386852066,-73.982250253625,59657091,L
539,250 W 57TH ST,SUITE 2128,NEW YORK,NY,10107,1,Census_Geocoder,matched,1,"250 W 57TH ST, NEW YORK, NY, 10107",40.766386852066,-73.982250253625,59657091,L
540,2501 NORTH PATTERSON STREET,,VALDOSTA,GA,31603,2,Census_Geocoder,matched,1,"2501 N PATTERSON ST, VALDOSTA, GA, 31602",30.861670540771,-83.28881183844,87740715,R
541,2505 S I35-WEST,,BURLESON,TX,76097,1,Census_Geocoder,unmatched,0,,,,,
542,2506 WILDWOOD ROAD,,WILDWOOD,PA,15091,1,Census_Geocoder,unmatched,0,,,,,
543,2509 NORTH QUEEN ST,,KINSTON,NC,28502,3,Census_Geocoder,matched,1,"2509 N QUEEN ST, KINSTON, NC, 28501",35.291532996731,-77.580299496747,13887367,R
544,2509 WOOTEN BLVD SW,,WILSON,NC,27895,1,Census_Geocoder,matched,1,"2509 WOOTEN BLVD SW, WILSON, NC, 27893",35.717257042261,-77.949782689417,26707303,R
545,253 BARKLEY MEMORIAL CENTEER,,LINCOLN,NE,68583,1,Census_Geocoder,unmatched,0,,,,,
546,253 BARKLEY MEMORIAL CENTER,,LINCOLN,NE,68583,5,Census_Geocoder,unmatched,0,,,,,
547,254 RT 202-206 NORTH,,PLUCKEMIN,NJ,07978,1,Census_Geocoder,unmatched,0,,,,,
548,2540 COLLEGE AND UNIVERSITY,,NORMAL,IL,61790,1,Census_Geocoder,matched,1,"W COLLEGE AVE & N UNIVERSITY ST, NORMAL, IL, 61761",40.510810458565,-88.993271985449,,
549,2540 NTH GALLOWAY AVE,105,MESQUITE,TX,75151,1,Census_Geocoder,unmatched,0,,,,,
550,2549 MOMENTUM PL,,CHICAGO,IL,60689,1,Census_Geocoder,unmatched,0,,,,,
551,2555 JIMMY JOHNSON BLVD,,PORT ARTHUR,TX,77643,4,Census_Geocoder,unmatched,0,,,,,
552,26 AYLWARD AVE,,W SWANZEY,NH,03469,1,Census_Geocoder,matched,1,"26 AYLWARD AVE, SWANZEY, NH, 03446",42.870557174678,-72.334727340607,124056317,L
553,26 COURT ST,2700,BROOKLYN,NY,11242,1,Census_Geocoder,matched,1,"26 COURT ST, BROOKLYN, NY, 11201",40.693204488174,-73.990742946155,59075039,R
554,26 COURT ST,709,BROOKLYN,NY,11242,1,Census_Geocoder,matched,1,"26 COURT ST, BROOKLYN, NY, 11201",40.693204488174,-73.990742946155,59075039,R
555,26 COURT ST,SUITE 26 ROOM 3,BROOKLYN,NY,11242,1,Census_Geocoder,matched,1,"26 COURT ST, BROOKLYN, NY, 11201",40.693204488174,-73.990742946155,59075039,R
556,26 COURT STREET,SUITE 410,BROOKLYN,NY,11242,1,Census_Geocoder,matched,1,"26 COURT ST, BROOKLYN, NY, 11201",40.693204488174,-73.990742946155,59075039,R
557,260 TREMONT ST,,BOSTON,MA,02112,1,Census_Geocoder,matched,1,"260 TREMONT ST, BOSTON, MA, 02116",42.350441422472,-71.065014408202,85698217,L
558,2600 KIMBALL AVE,,MANHATTAN,KS,66505,1,Census_Geocoder,unmatched,0,,,,,
559,2600 MARBLE AVE NE,CONTINUING CARE CLINIC,ALBUQUERQUE,NM,87131,1,Census_Geocoder,matched,1,"2600 MARBLE AVE NE, ALBUQUERQUE, NM, 87106",35.091009056768,-106.616652582923,637706432,R
560,2600 MARBLE AVE NE,,ALBUQUERQUE,NM,87131,2,Census_Geocoder,matched,1,"2600 MARBLE AVE NE, ALBUQUERQUE, NM, 87106",35.091009056768,-106.616652582923,637706432,R
561,2600 MARBLE NE,,ALBUQUERQUE,NM,87131,7,Census_Geocoder,matched,1,"2600 MARBLE AVE NE, ALBUQUERQUE, NM, 87106",35.091009056768,-106.616652582923,637706432,R
562,2600 MARBLE NE 2ND FLOOR,,ALBUQUERQUE,NM,87131,1,Census_Geocoder,matched,1,"2600 MARBLE AVE NE, ALBUQUERQUE, NM, 87106",35.091009056768,-106.616652582923,637706432,R
563,2600 MARBLE NE BUILDING 2,,ALBUQUERQUE,NM,87131,1,Census_Geocoder,matched,1,"2600 MARBLE AVE NE, ALBUQUERQUE, NM, 87106",35.091009056768,-106.616652582923,637706432,R
564,2605 COFFEE RD,,MODESTO,CA,95055,1,Census_Geocoder,matched,1,"2605 COFFEE RD, MODESTO, CA, 95355",37.678127017354,-120.975893485175,102601076,L
565,263 FARMINGTON AVE,ANATOMIC PATHOLOGY,FARMINGTON,CT,06030,1,Census_Geocoder,unmatched,0,,,,,
566,263 FARMINGTON AVE,CANCER CENTER,FARMINGTON,CT,06030,3,Census_Geocoder,unmatched,0,,,,,
567,263 FARMINGTON AVE,CARDIOLOGY,FARMINGTON,CT,06030,2,Census_Geocoder,unmatched,0,,,,,
568,263 FARMINGTON AVE,COMPLIMENTARY MEDICINE/UCONN HEALTH CENTER,FARMINGTON,CT,06030,1,Census_Geocoder,unmatched,0,,,,,
569,263 FARMINGTON AVE,CYTOGENETICS LABORATORY,FARMINGTON,CT,06030,1,Census_Geocoder,unmatched,0,,,,,
570,263 FARMINGTON AVE,EMERGENCY MEDICINE,FARMINGTON,CT,06030,1,Census_Geocoder,unmatched,0,,,,,
571,263 FARMINGTON AVE,ENDOCRINOLOGY ASSOCIATES,FARMINGTON,CT,06030,1,Census_Geocoder,unmatched,0,,,,,
572,263 FARMINGTON AVE,ENT (OTOLARYNGOLOGY),FARMINGTON,CT,06030,1,Census_Geocoder,unmatched,0,,,,,
573,263 FARMINGTON AVE,GENERAL SURGERY,FARMINGTON,CT,06030,1,Census_Geocoder,unmatched,0,,,,,
574,263 FARMINGTON AVE,GERIATRIC MEDICINE,FARMINGTON,CT,06030,1,Census_Geocoder,unmatched,0,,,,,
575,263 FARMINGTON AVE,GERIATRICS DEPT,FARMINGTON,CT,06030,1,Census_Geocoder,unmatched,0,,,,,
576,263 FARMINGTON AVE,MC1705,FARMINGTON,CT,06030,1,Census_Geocoder,unmatched,0,,,,,
577,263 FARMINGTON AVE,NEPHROLOGY,FARMINGTON,CT,06030,2,Census_Geocoder,unmatched,0,,,,,
578,263 FARMINGTON AVE,NEUROLOGY,FARMINGTON,CT,06030,1,Census_Geocoder,unmatched,0,,,,,
579,263 FARMINGTON AVE,NEUROLOGY OFFICE,FARMINGTON,CT,06030,1,Census_Geocoder,unmatched,0,,,,,
580,263 FARMINGTON AVE,NEUROSURGERY,FARMINGTON,CT,06030,2,Census_Geocoder,unmatched,0,,,,,
581,263 FARMINGTON AVE,ORAL MEDICINE,FARMINGTON,CT,06030,1,Census_Geocoder,unmatched,0,,,,,
582,263 FARMINGTON AVE,PROVIDER ENROLLMENT,FARMINGTON,CT,06030,1,Census_Geocoder,unmatched,0,,,,,
583,263 FARMINGTON AVE,PSYCHIATRY,FARMINGTON,CT,06030,1,Census_Geocoder,unmatched,0,,,,,
584,263 FARMINGTON AVE,PSYCHIATRY ASSOCIATES,FARMINGTON,CT,06030,1,Census_Geocoder,unmatched,0,,,,,
585,263 FARMINGTON AVE,PSYCHOLOGY DEPT,FARMINGTON,CT,06030,1,Census_Geocoder,unmatched,0,,,,,
586,263 FARMINGTON AVE,RHEUMATOLOGY ASSOCIATES,FARMINGTON,CT,06030,1,Census_Geocoder,unmatched,0,,,,,
587,263 FARMINGTON AVE,SPEECH PATHOLOGY,FARMINGTON,CT,06030,1,Census_Geocoder,unmatched,0,,,,,
588,263 FARMINGTON AVE,SPORTS MEDICINE,FARMINGTON,CT,06030,2,Census_Geocoder,unmatched,0,,,,,
589,263 FARMINGTON AVE,UCONN MEDICAL GROUP ORTHOPAEDICS,FARMINGTON,CT,06030,1,Census_Geocoder,unmatched,0,,,,,
590,263 FARMINGTON AVE,UCONN/GERIATRIC ASSOCIATES,FARMINGTON,CT,06030,1,Census_Geocoder,unmatched,0,,,,,
591,263 FARMINGTON AVE,UCONN/INTERNAL MEDICINE ASSOCIATES,FARMINGTON,CT,06030,1,Census_Geocoder,unmatched,0,,,,,
592,263 FARMINGTON AVE,UCONN/LABORATORY MEDICINE ASSOCIATES,FARMINGTON,CT,06030,1,Census_Geocoder,unmatched,0,,,,,
593,263 FARMINGTON AVE,UCONN/MARB/ORTHOPAEDIC ASSOCIATES,FARMINGTON,CT,06030,1,Census_Geocoder,unmatched,0,,,,,
594,263 FARMINGTON AVE,UCONN/OCCUPATIONAL MEDICINE ASSOCIATES,FARMINGTON,CT,06030,1,Census_Geocoder,unmatched,0,,,,,
595,263 FARMINGTON AVE,UCONN/OPTHALMOLOGY ASSOCIATES,FARMINGTON,CT,06030,1,Census_Geocoder,unmatched,0,,,,,
596,263 FARMINGTON AVE,UNIVERSITY PHYSICIANS,FARMINGTON,CT,06030,1,Census_Geocoder,unmatched,0,,,,,
597,263 FARMINGTON AVE,UROLOGY,FARMINGTON,CT,06030,1,Census_Geocoder,unmatched,0,,,,,
598,263 FARMINGTON AVE,,FARMINGTON,CT,06030,118,Census_Geocoder,unmatched,0,,,,,
599,263 FARMINGTON AVE,,FARMINGTON,CT,06034,1,Census_Geocoder,unmatched,0,,,,,
600,263 FARMINGTON AVENUE,,FARMINGTON,CT,06030,1,Census_Geocoder,unmatched,0,,,,,
601,2660 W SUGNET RD,,MIDLAND,MI,48670,1,Census_Geocoder,matched,1,"2660 W SUGNET RD, MIDLAND, MI, 48640",43.634073958378,-84.259281721385,81191759,L
602,274 PARK ST,,ABINGDON,VA,24212,1,Census_Geocoder,matched,1,"274 PARK ST SE, ABINGDON, VA, 24210",36.711927695086,-81.96718024968,154339466,R
603,2753 YORKTOWN DR,BOX 80072,BATON ROUGE,LA,70898,1,Census_Geocoder,matched,1,"2753 YORKTOWN DR, BATON ROUGE, LA, 70808",30.417918006571,-91.132438795363,606173371,L
604,277 POST RD,,MOODY,ME,04054,1,Census_Geocoder,unmatched,0,,,,,
605,280 BROAD STREET,SUITE B,KERNERVILLE,NC,28284,1,Census_Geocoder,matched,1,"280 BROAD ST, KERNERSVILLE, NC, 27284",36.113455738945,-80.071953132366,84638667,L
606,280 STAFFORD ROAD,,BARSTOW,MD,20610,1,Census_Geocoder,unmatched,0,,,,,
607,2800 SOUTH HIGHWAY 114,,TROPHY CLUB,TX,76726,1,Census_Geocoder,unmatched,0,,,,,
608,2800 TENTH AVENUE NORTH,,BILLIGS,MT,59107,1,Census_Geocoder,matched,1,"2800 10TH AVE N, BILLINGS, MT, 59101",45.790427968222,-108.51404908957,608060247,L
609,2801 ATLANTIC AVENUE,RADIOLOGY DEPARTMENT,LONG BEACH,CA,90801,1,Census_Geocoder,matched,1,"2801 ATLANTIC AVE, LONG BEACH, CA, 90806",33.807778331211,-118.185078940615,141686763,L
610,2845 GREENBRIER RD,#480,GREEN BAY,WI,54308,1,Census_Geocoder,matched,1,"2845 GREENBRIER RD, GREEN BAY, WI, 54311",44.473396031983,-87.941624794023,646232285,L
611,2875 ASHTON RD UNIT 20656,,SARASOTA,FL,34276,1,Census_Geocoder,matched,1,"2875 ASHTON RD, SARASOTA, FL, 34231",27.276762459632,-82.512592048801,16354226,L
612,2916 HOLT ST,,ASHLAND,KY,41105,1,Census_Geocoder,matched,1,"2916 HOLT ST, ASHLAND, KY, 41101",38.460431070759,-82.640979986534,151047293,L
613,2965 MUNICIPAL WAY,,TALLAHASSEE,FL,32316,1,Census_Geocoder,matched,1,"2965 MUNICIPAL WAY, TALLAHASSEE, FL, 32304",30.439723528471,-84.337169745325,82879004,L
614,299 EAGLE MOUNTAIN BLVD,,BATESVILLE,AR,72503,1,Census_Geocoder,matched,1,"299 EAGLE MOUNTAIN DR, BATESVILLE, AR, 72501",35.761847763707,-91.612421532851,41660713,R
615,2ND AMBULATORY CARE CTR,2211 LOMAS BLVD NE,ALBUQUERQUE,NM,87131,1,Census_Geocoder,unmatched,0,,,,,
616,3 MT AUBURN ST,STE 2,WATERTOWN,MA,02172,1,Census_Geocoder,unmatched,0,,,,,
617,30 DUKE MEDICINE CIR,,DURHAM,NC,27710,1,Census_Geocoder,unmatched,0,,,,,
618,30 LOCUST STREET,COOLEY DICKINSON HOSPITAL,NORTHAMPTON,MA,01061,1,Census_Geocoder,matched,1,"30 LOCUST ST, NORTHAMPTON, MA, 01060",42.33297142863,-72.657998986865,39867240,L
619,3009 NORTH NEW BALLAS ROAD STE 226A,,SAINT LOUIS,MO,63195,1,Census_Geocoder,unmatched,0,,,,,
620,301 ANDREWS AVENUE,LYSTER ARMY HEALTH CLINIC,FORT RUCKER,AL,36363,1,Census_Geocoder,unmatched,0,,,,,
621,302 NEWMARKET ST,VA PRIMARY CARE CLINIC PORTSMOUTH CBOC,NEWINGTON,NH,03803,1,Census_Geocoder,unmatched,0,,,,,
622,302 NEWMARKET ST BLDG 255,,PORTSMOUTH,NH,03803,1,Census_Geocoder,unmatched,0,,,,,
623,303 EAST EMERSON,ILLINOIS WESLEYAN UNIVERSITY TRAINING ROOM,BLOOMINGTON,IL,61702,1,Census_Geocoder,matched,1,"303 E EMERSON ST, BLOOMINGTON, IL, 61701",40.493015211242,-88.990639405769,20545593,R
624,303 PARKWAY DR NE,PATHOLOGY DEPT,ATLANTA,GA,33120,2,Census_Geocoder,matched,1,"303 PARKWAY DR NE, ATLANTA, GA, 30312",33.763139020148,-84.37397395054,17404490,R
625,310 NORTH 9TH STREET,,BISMARCK,ND,58502,1,Census_Geocoder,matched,1,"310 N 9TH ST, BISMARCK, ND, 58501",46.80760449246,-100.778591800878,198848603,L
626,311 CARTON AVE,,COLOGNE,NJ,08213,1,Census_Geocoder,unmatched,0,,,,,
627,3112 CLEARWATER DR,SUITE B,PRESCOTT,AZ,86205,1,Census_Geocoder,matched,1,"3112 CLEARWATER DR, PRESCOTT, AZ, 86305",34.59698613129,-112.465985791826,159544599,R
628,315 EAST LONDON GROVE ROAD,,CHATHAM,PA,19318,1,Census_Geocoder,matched,1,"315 E LONDON GROVE RD, CHATHAM, PA, 19390",39.856774272977,-75.810430501981,179575489,L
629,315 MARTIN LUTHER KING JR WAY,,TACOMA,WA,98415,2,Census_Geocoder,matched,1,"315 MARTIN LUTHER KING JR WAY, TACOMA, WA, 98405",47.26005107199,-122.453465117279,184761565,L
630,315 W WASHINGTON,SUITE D,ARTESIA,NM,88211,1,Census_Geocoder,matched,1,"315 W WASHINGTON AVE, ARTESIA, NM, 88210",32.835744299432,-104.399905835906,131192239,L
631,316 DYER HALL,UNIVERSITY OF CINCINNATI PSYCHOLOGICAL SERVICES CENTER,CINCINNATI,OH,45221,1,Census_Geocoder,unmatched,0,,,,,
632,3187 SOLUTIONS CTR,,CHICAGO,IL,60677,1,Census_Geocoder,unmatched,0,,,,,
635,325 8TH AVE,,SALT LAKE CITY,UT,84143,1,Census_Geocoder,matched,1,"325 8TH AVE, SALT LAKE CITY, UT, 84103",40.778565255551,-111.878651282817,641069003,L
636,325 STAFFORD ROAD,,BARSTOW,MD,20610,1,Census_Geocoder,unmatched,0,,,,,
637,3300 NORTH RUNNING CREEK WAY,BUILDING C SUITE 300,LEHI,UT,84303,1,Census_Geocoder,unmatched,0,,,,,
638,331 VERANDA ST,,PORTLAND,ME,04104,1,Census_Geocoder,matched,1,"331 VERANDA ST, PORTLAND, ME, 04103",43.688440289323,-70.24773693103,78082934,R
639,333 CEDAR STREET LMP 1080,,NEW HAVEN,CT,06520,1,Census_Geocoder,matched,1,"333 CEDAR ST, NEW HAVEN, CT, 06510",41.302173853359,-72.933600132818,3700558,R
640,333 NAHANTON ST,,NEWTON CENTRE,MA,02159,1,Census_Geocoder,matched,1,"333 NAHANTON ST, NEWTON CENTRE, MA, 02459",42.297348157279,-71.204459438375,87107793,R
641,3330 MASONIC DR,CHRISTUS ST FRANCES CABRINI HOSPITAL,ALEXANDRIA,LA,71315,1,Census_Geocoder,matched,1,"3330 MASONIC DR, ALEXANDRIA, LA, 71301",31.282064734386,-92.461214447252,639549046,R
642,3355 TRINITY MILLS ROAD,SUITE 209,DALLAS,TX,75284,1,Census_Geocoder,matched,1,"3355 TRINITY MILLS RD, DALLAS, TX, 75287",32.987375722044,-96.841391900282,657166908,L
643,336 VICTORIA BUILDING,,PITTSBURGH,PA,15261,1,Census_Geocoder,unmatched,0,,,,,
644,338 S OCOTILLO RD,,SACATON,AZ,85247,1,Census_Geocoder,matched,1,"338 OCOTILLO DR, , AZ, 85247",33.073534608279,-111.75502483537,129167403,L
645,340 N MIDDLETOWN RD,,LIMA,PA,19037,1,Census_Geocoder,unmatched,0,,,,,
646,341 GRUNNION AVE,BRANCH DENTAL CLINIC,GROTON,CT,06349,2,Census_Geocoder,unmatched,0,,,,,
647,341 GRUNNION AVENUE,,GROTON,CT,06349,1,Census_Geocoder,unmatched,0,,,,,
648,3411 N 5TH AVE,# 304,PHOENIX,AZ,52013,1,Census_Geocoder,matched,1,"3411 N 5TH AVE, PHOENIX, AZ, 85013",33.487778972384,-112.080806546893,128206358,R
649,35 COLLIER RD NW,SUITE 635,ATLANTA,GA,30368,1,Census_Geocoder,matched,1,"35 COLLIER LN, ATLANTA, GA, 30305",33.811608740077,-84.40833278597,632652404,R
650,35 JESSE HILL JR DRIVE,,ATLANTA,GA,30335,1,Census_Geocoder,matched,1,"35 JESSE HILL JR DR NE, ATLANTA, GA, 30303",33.754822304495,-84.38014523814,17344696,R
652,350 5TH AVE,EMPIRE STATE BUILDING,NEW YORK,NY,10118,1,Census_Geocoder,matched,1,"350 5TH AVE, NEW YORK, NY, 10118",40.747848600317,-73.985077152891,59653473,L
653,350 5TH AVE,STE 1706,NEW YORK,NY,10118,1,Census_Geocoder,matched,1,"350 5TH AVE, NEW YORK, NY, 10118",40.747848600317,-73.985077152891,59653473,L
654,350 PARNASSUS AVE,3RD FLOOR,SAN FRANCISCO,CA,94143,1,Census_Geocoder,matched,1,"350 PARNASSUS AVE, SAN FRANCISCO, CA, 94117",37.764030278755,-122.456126589434,624579146,R
655,350 PARNASSUS AVE,SUITE 150,SAN FRANCISCO,CA,94143,1,Census_Geocoder,matched,1,"350 PARNASSUS AVE, SAN FRANCISCO, CA, 94117",37.764030278755,-122.456126589434,624579146,R
656,350 PARNASSUS AVE,SUITE 509,SAN FRANCISCO,CA,94143,1,Census_Geocoder,matched,1,"350 PARNASSUS AVE, SAN FRANCISCO, CA, 94117",37.764030278755,-122.456126589434,624579146,R
657,350 PARNASSUS AVE,SUITE 607 BOX 0116,SAN FRANCISCO,CA,94143,1,Census_Geocoder,matched,1,"350 PARNASSUS AVE, SAN FRANCISCO, CA, 94117",37.764030278755,-122.456126589434,624579146,R
658,350 PARNASSUS AVE,SUITE 810 BOX 0705,SAN FRANCISCO,CA,94143,1,Census_Geocoder,matched,1,"350 PARNASSUS AVE, SAN FRANCISCO, CA, 94117",37.764030278755,-122.456126589434,624579146,R
659,350 PARNASSUS AVE,,SAN FRANCISCO,CA,94143,5,Census_Geocoder,matched,1,"350 PARNASSUS AVE, SAN FRANCISCO, CA, 94117",37.764030278755,-122.456126589434,624579146,R
660,350 PARNASSUS AVE STE 509,,SAN FRANCISCO,CA,94143,1,Census_Geocoder,matched,1,"350 PARNASSUS AVE, SAN FRANCISCO, CA, 94117",37.764030278755,-122.456126589434,624579146,R
661,350 PARNASSUS AVE SUITE 204,,SAN FRANCISCO,CA,94143,1,Census_Geocoder,matched,1,"350 PARNASSUS AVE, SAN FRANCISCO, CA, 94117",37.764030278755,-122.456126589434,624579146,R
662,350 PARNASSUS SUITE 105,,SAN FRANCISCO,CA,94143,1,Census_Geocoder,matched,1,"350 PARNASSUS AVE, SAN FRANCISCO, CA, 94117",37.764030278755,-122.456126589434,624579146,R
663,3500 SOUTH LAFOUNTAIN ST,RADIATION THERAPY,KOKOMO,IN,46904,1,Census_Geocoder,matched,1,"3500 S LAFOUNTAIN ST, KOKOMO, IN, 46902",40.446596655504,-86.127015032656,27279886,L
664,3501 TERRACE ST,SUITE 3189,PITTSBURGH,PA,15261,2,Census_Geocoder,matched,1,"3501 TERRACE ST, PITTSBURGH, PA, 15213",40.442040788089,-79.962845366432,51648642,L
665,3501 TERRACE ST,,PITTSBURGH,PA,15261,1,Census_Geocoder,matched,1,"3501 TERRACE ST, PITTSBURGH, PA, 15213",40.442040788089,-79.962845366432,51648642,L
666,3501 TERRACE ST SUITE 3189,,PITTSBURGH,PA,15261,1,Census_Geocoder,matched,1,"3501 TERRACE ST, PITTSBURGH, PA, 15213",40.442040788089,-79.962845366432,51648642,L
667,3501 TERRACE STREET,#3189,PITTSBURGH,PA,15261,1,Census_Geocoder,matched,1,"3501 TERRACE ST, PITTSBURGH, PA, 15213",40.442040788089,-79.962845366432,51648642,L
668,3501 TERRACE STREET,ROOM G-34,PITTSBURGH,PA,15261,1,Census_Geocoder,matched,1,"3501 TERRACE ST, PITTSBURGH, PA, 15213",40.442040788089,-79.962845366432,51648642,L
669,3501 TERRACE STREET,SUITE 3189,PITTSBURGH,PA,15261,2,Census_Geocoder,matched,1,"3501 TERRACE ST, PITTSBURGH, PA, 15213",40.442040788089,-79.962845366432,51648642,L
670,3501 TERRACE STREET,SUITE G-133,PITTSBURGH,PA,15261,1,Census_Geocoder,matched,1,"3501 TERRACE ST, PITTSBURGH, PA, 15213",40.442040788089,-79.962845366432,51648642,L
671,352 HOSPITAL BLVD,,PINEVILLE,LA,71361,1,Census_Geocoder,matched,1,"352 HOSPITAL BLVD, PINEVILLE, LA, 71360",31.321201070123,-92.439347440102,11810847,L
672,3530 WEST POMONA BLVD,,POMONA,CA,91769,1,Census_Geocoder,matched,1,"3530 POMONA BLVD, POMONA, CA, 91768",34.0467462524,-117.811378371917,141730320,L
673,3550 TERRACE ST,A915 SCAIFE HALL,PITTSBURGH,PA,15261,1,Census_Geocoder,matched,1,"3550 TERRACE ST, PITTSBURGH, PA, 15213",40.442780009252,-79.961880535379,51648936,R
674,3565 MOMENTUM PL,,CHICAGO,IL,60689,1,Census_Geocoder,unmatched,0,,,,,
675,35TH MEDICAL GROUP,MISAWA AIR BASE,APO,WA,96319,1,Census_Geocoder,unmatched,0,,,,,
676,36 LIVELY OAKS RD,,LIVELY,VA,22507,1,Census_Geocoder,unmatched,0,,,,,
677,36 LIVELY OAKS ROAD,,LIVELY,VA,22507,1,Census_Geocoder,unmatched,0,,,,,
678,3601 4TH ST,# MS8162,LUBBOCK,TX,79430,1,Census_Geocoder,matched,1,"3601 4TH ST, LUBBOCK, TX, 79430",33.592230053095,-101.899076955704,637958457,R
679,3601 4TH ST,1A115,LUBBOCK,TX,79430,3,Census_Geocoder,matched,1,"3601 4TH ST, LUBBOCK, TX, 79430",33.592230053095,-101.899076955704,637958457,R
680,3601 4TH ST,MS 9901,LUBBOCK,TX,79430,2,Census_Geocoder,matched,1,"3601 4TH ST, LUBBOCK, TX, 79430",33.592230053095,-101.899076955704,637958457,R
681,3601 4TH ST,STE 1C282,LUBBOCK,TX,79430,2,Census_Geocoder,matched,1,"3601 4TH ST, LUBBOCK, TX, 79430",33.592230053095,-101.899076955704,637958457,R
682,3601 4TH ST,STOP 8312,LUBBOCK,TX,79430,1,Census_Geocoder,matched,1,"3601 4TH ST, LUBBOCK, TX, 79430",33.592230053095,-101.899076955704,637958457,R
683,3601 4TH ST,SUITE 1C102,LUBBOCK,TX,79430,5,Census_Geocoder,matched,1,"3601 4TH ST, LUBBOCK, TX, 79430",33.592230053095,-101.899076955704,637958457,R
684,3601 4TH ST,SUITE 1C143,LUBBOCK,TX,79430,5,Census_Geocoder,matched,1,"3601 4TH ST, LUBBOCK, TX, 79430",33.592230053095,-101.899076955704,637958457,R
685,3601 4TH ST,SUITE 1C282,LUBBOCK,TX,79430,3,Census_Geocoder,matched,1,"3601 4TH ST, LUBBOCK, TX, 79430",33.592230053095,-101.899076955704,637958457,R
686,3601 4TH ST,SUITE 2A300,LUBBOCK,TX,79430,5,Census_Geocoder,matched,1,"3601 4TH ST, LUBBOCK, TX, 79430",33.592230053095,-101.899076955704,637958457,R
687,3601 4TH ST,SUITE 3A112,LUBBOCK,TX,79430,2,Census_Geocoder,matched,1,"3601 4TH ST, LUBBOCK, TX, 79430",33.592230053095,-101.899076955704,637958457,R
688,3601 4TH ST,SUITE 3B100,LUBBOCK,TX,79430,1,Census_Geocoder,matched,1,"3601 4TH ST, LUBBOCK, TX, 79430",33.592230053095,-101.899076955704,637958457,R
689,3601 4TH ST,SUITE 4A100,LUBBOCK,TX,79430,1,Census_Geocoder,matched,1,"3601 4TH ST, LUBBOCK, TX, 79430",33.592230053095,-101.899076955704,637958457,R
690,3601 4TH ST,SUITE 4B174,LUBBOCK,TX,79430,1,Census_Geocoder,matched,1,"3601 4TH ST, LUBBOCK, TX, 79430",33.592230053095,-101.899076955704,637958457,R
691,3601 4TH ST,,LUBBOCK,TX,79430,11,Census_Geocoder,matched,1,"3601 4TH ST, LUBBOCK, TX, 79430",33.592230053095,-101.899076955704,637958457,R
692,3601 4TH ST # 1B300,,LUBBOCK,TX,79430,1,Census_Geocoder,matched,1,"3601 4TH ST, LUBBOCK, TX, 79430",33.592230053095,-101.899076955704,637958457,R
693,3601 4TH ST # MS 8321,,LUBBOCK,TX,79430,1,Census_Geocoder,matched,1,"3601 4TH ST, LUBBOCK, TX, 79430",33.592230053095,-101.899076955704,637958457,R
694,3601 4TH ST RM 1A150,,LUBBOCK,TX,79430,1,Census_Geocoder,matched,1,"3601 4TH ST, LUBBOCK, TX, 79430",33.592230053095,-101.899076955704,637958457,R
695,3601 4TH STREET,MAIL STOP 6225,LUBBOCK,TX,79430,1,Census_Geocoder,matched,1,"3601 4TH ST, LUBBOCK, TX, 79430",33.592230053095,-101.899076955704,637958457,R
696,3601 S 6TH AVE,SOUTHERN ARIZONA VA HEALTH CENTER,TUCSON,AZ,85775,1,Census_Geocoder,matched,1,"3601 S 6TH AVE, TUCSON, AZ, 85723",32.182110418846,-110.968054090848,635907759,L
697,3644 VALLEY RD,,LIBERTY CORNER,NJ,07938,1,Census_Geocoder,unmatched,0,,,,,
698,3700 WASHINGTON AVE,ST MARY'S MEDICAL CENTER ANESTHESIA DEPT,EVANSVILLE,IN,47750,2,Census_Geocoder,matched,1,"3700 WASHINGTON AVE, EVANSVILLE, IN, 47714",37.96245560626,-87.50534767156,658166516,L
699,3700 WASHINGTON AVE,ST MARYS MEDICAL CENTER ANESTHESIA DEPT,EVANSVILLE,IN,47750,2,Census_Geocoder,matched,1,"3700 WASHINGTON AVE, EVANSVILLE, IN, 47714",37.96245560626,-87.50534767156,658166516,L
700,3700 WASHINGTON AVE,,EVANSVILLE,IN,47750,4,Census_Geocoder,matched,1,"3700 WASHINGTON AVE, EVANSVILLE, IN, 47714",37.96245560626,-87.50534767156,658166516,L
701,3700 WASHINGTON AVENUE,,EVANSVILLE,IN,47750,1,Census_Geocoder,matched,1,"3700 WASHINGTON AVE, EVANSVILLE, IN, 47714",37.96245560626,-87.50534767156,658166516,L
702,3700 WASINGTON AVE,ST MARYS MEDICAL CENTER ANESTHESEA DEPT,EVANSVILLE,IN,47750,1,Census_Geocoder,matched,1,"3700 WASHINGTON AVE, EVANSVILLE, IN, 47714",37.96245560626,-87.50534767156,658166516,L
703,3710 SW US VETERANS HOSPITAL RD,PORTLAND VA MEDICAL CENTER P3-MED,PORTLAND,OR,97207,1,Census_Geocoder,matched,1,"3710 SW US VETERANS HOSPITAL RD, PORTLAND, OR, 97239",45.496414402423,-122.684452541907,638568297,L
704,3751 KATELLA AVE,,LOS ALAMITOS,CA,90702,2,Census_Geocoder,matched,1,"3751 KATELLA AVE, LOS ALAMITOS, CA, 90720",33.803233457498,-118.067238683476,143999259,L
705,3802 ERWIN ROAD,DUKE EYE CENTER,DURHAM,NC,27710,1,Census_Geocoder,matched,1,"3802 ERWIN RD, DURHAM, NC, 27705",35.998726160037,-78.967190601396,651187524,R
706,3900 UNIVERSITY BLVD,,TYLER,TX,75799,1,Census_Geocoder,matched,1,"3900 UNIVERSITY BLVD, TYLER, TX, 75701",32.31203311129,-95.252916439551,141291325,L
710,40 DUKE MEDICINE CIR,STE 4300,DURHAM,NC,27710,1,Census_Geocoder,unmatched,0,,,,,
711,40 DUKE MEDICINE CIR,,DURHAM,NC,27710,10,Census_Geocoder,unmatched,0,,,,,
712,40 DUKE MEDICINE CIR # 2N,,DURHAM,NC,27710,1,Census_Geocoder,unmatched,0,,,,,
713,40 DUKE MEDICINE CIR # 3913,,DURHAM,NC,27710,1,Census_Geocoder,unmatched,0,,,,,
714,40 DUKE MEDICINE CIR # 3K,,DURHAM,NC,27710,1,Census_Geocoder,unmatched,0,,,,,
715,40 MEDICINE CIRCLE,,DURHAM,NC,27710,1,Census_Geocoder,unmatched,0,,,,,
716,400 A PRESTIGE PARK,,TEAYS VALLEY,WV,25569,1,Census_Geocoder,unmatched,0,,,,,
718,400 C ST,,SALT LAKE CITY,UT,84143,1,Census_Geocoder,matched,1,"400 C ST, SALT LAKE CITY, UT, 84103",40.778565255694,-111.880478600151,176067466,R
719,400 COLLINS RD NE BLDG 154-100,,CEDAR RAPIDS,IA,52498,2,Census_Geocoder,matched,1,"400 COLLINS RD NE, CEDAR RAPIDS, IA, 52402",42.028043349047,-91.633986979578,657212446,R
720,400 N HIGHLAND AVENUE,MIDDLE TN MEDICAL CENTER,MURFREESBORO,TN,37133,1,Census_Geocoder,matched,1,"400 N HIGHLAND AVE, MURFREESBORO, TN, 37130",35.848358437412,-86.383159648906,59013921,R
721,400 NE MOTHER JOSEPH PL,SW WASHINGTON MED CENTERFBC-ANESTHESIA,VANCOUVER,WA,98668,1,Census_Geocoder,matched,1,"400 NE MOTHER JOSEPH PL, VANCOUVER, WA, 98664",45.625378336874,-122.581151369052,158368059,R
722,400 PARNASSUS AVE,2ND FLOOR,SAN FRANCISCO,CA,94143,1,Census_Geocoder,matched,1,"400 PARNASSUS AVE, SAN FRANCISCO, CA, 94143",37.763597835974,-122.457629857057,192282295,R
723,400 PARNASSUS AVE,5TH FLOOR,SAN FRANCISCO,CA,94143,1,Census_Geocoder,matched,1,"400 PARNASSUS AVE, SAN FRANCISCO, CA, 94143",37.763597835974,-122.457629857057,192282295,R
724,400 PARNASSUS AVE,,SAN FRANCISCO,CA,94143,70,Census_Geocoder,matched,1,"400 PARNASSUS AVE, SAN FRANCISCO, CA, 94143",37.763597835974,-122.457629857057,192282295,R
725,400 PARNASSUS AVE # A-887,,SAN FRANCISCO,CA,94143,1,Census_Geocoder,matched,1,"400 PARNASSUS AVE, SAN FRANCISCO, CA, 94143",37.763597835974,-122.457629857057,192282295,R
726,400 PARNASSUS AVE # A502,,SAN FRANCISCO,CA,94143,1,Census_Geocoder,matched,1,"400 PARNASSUS AVE, SAN FRANCISCO, CA, 94143",37.763597835974,-122.457629857057,192282295,R
727,400 PARNASSUS AVE 6TH FLOOR A6110,UCSF MEDICAL CENTER VASCULAR SURGERY CLINIC,SAN FRANCISCO,CA,94143,1,Census_Geocoder,matched,1,"400 PARNASSUS AVE, SAN FRANCISCO, CA, 94143",37.763597835974,-122.457629857057,192282295,R
728,400 PARNASSUS AVE RM A-581,UNIVERSITY OF CALIFORNIA SAN FRANCISCO,SAN FRANCISCO,CA,94143,1,Census_Geocoder,matched,1,"400 PARNASSUS AVE, SAN FRANCISCO, CA, 94143",37.763597835974,-122.457629857057,192282295,R
729,400 PARNASSUS AVE STE 501,,SAN FRANCISCO,CA,94143,1,Census_Geocoder,matched,1,"400 PARNASSUS AVE, SAN FRANCISCO, CA, 94143",37.763597835974,-122.457629857057,192282295,R
730,400 PARNASSUS AVE SUITE A-550,,SAN FRANCISCO,CA,94143,1,Census_Geocoder,matched,1,"400 PARNASSUS AVE, SAN FRANCISCO, CA, 94143",37.763597835974,-122.457629857057,192282295,R
731,400 RUSSELL AVE,,NEW ORLEANS,LA,70143,2,Census_Geocoder,unmatched,0,,,,,
732,400 SOUTH TRYON STREET,STE M4A LOBBY LEVEL,CHARLOTTE,NC,28285,1,Census_Geocoder,matched,1,"400 S TRYON ST, CHARLOTTE, NC, 28202",35.224928593511,-80.846479130823,70485585,R
733,400 UNIVERSITY HALL DRIVE,ROOM 120,BOONE,NC,28608,2,Census_Geocoder,unmatched,0,,,,,
734,4000 E CAMPUS LOOP S,,LINCOLN,NE,68583,1,Census_Geocoder,matched,1,"4000 E CAMPUS LOOP, LINCOLN, NE, 68583",40.828388158222,-96.664335111466,640693392,R
735,4000 WELLNESS DR,,MIDLAND,MI,48670,6,Census_Geocoder,unmatched,0,,,,,
736,4005 ORCHARD DR,,MIDLAND,MI,48670,3,Census_Geocoder,matched,1,"4005 ORCHARD DR, MIDLAND, MI, 48640",43.634155473791,-84.256971752878,81191755,L
737,401 PARNASSUS AVE,BOX 0984 LP377,SAN FRANCISCO,CA,94143,1,Census_Geocoder,matched,1,"401 PARNASSUS AVE, SAN FRANCISCO, CA, 94143",37.763489873556,-122.457581270933,192282295,L
738,401 PARNASSUS AVE,,SAN FRANCISCO,CA,94143,7,Census_Geocoder,matched,1,"401 PARNASSUS AVE, SAN FRANCISCO, CA, 94143",37.763489873556,-122.457581270933,192282295,L
739,402 GOODRICH AVE,,PORTSMOUTH,NH,03804,1,Census_Geocoder,unmatched,0,,,,,
740,403 E UNIVERSITY STREET,,LIVINGSTON,TN,35870,1,Census_Geocoder,matched,1,"403 E UNIVERSITY ST, LIVINGSTON, TN, 38570",36.386197967262,-85.320157838134,639627261,R
741,4075 E CAMPUS LOOP S,,LINCOLN,NE,68583,1,Census_Geocoder,unmatched,0,,,,,
742,41 MALL RD,LAHEY CLINIC,BURLINGTON,MA,01805,12,Census_Geocoder,matched,1,"41 MALLARD WAY, BURLINGTON, MA, 01803",42.520271947576,-71.182774692351,86905766,L
743,41 MALL RD,LAHEY CLINIC DEPARTMENT OF GERIATRICS,BURLINGTON,MA,01805,1,Census_Geocoder,matched,1,"41 MALLARD WAY, BURLINGTON, MA, 01803",42.520271947576,-71.182774692351,86905766,L
744,41 MALL RD,LAHEY CLINIC INC,BURLINGTON,MA,01805,3,Census_Geocoder,matched,1,"41 MALLARD WAY, BURLINGTON, MA, 01803",42.520271947576,-71.182774692351,86905766,L
745,41 MALL RD,LAHEY HOSPITAL AND MEDICAL CENTER,BURLINGTON,MA,01805,3,Census_Geocoder,matched,1,"41 MALLARD WAY, BURLINGTON, MA, 01803",42.520271947576,-71.182774692351,86905766,L
746,41 MALL RD,,BURLINGTON,MA,01805,22,Census_Geocoder,matched,1,"41 MALLARD WAY, BURLINGTON, MA, 01803",42.520271947576,-71.182774692351,86905766,L
747,41 MALL RD LAHEY CLINIC,,BURLINGTON,MA,01805,1,Census_Geocoder,unmatched,0,,,,,
748,41 MALL RD LAHEY HOSPITAL AND MEDICAL CENTER,,BURLINGTON,MA,01805,1,Census_Geocoder,unmatched,0,,,,,
749,41 MALL RD STE 305,,BURLINGTON,MA,01805,1,Census_Geocoder,matched,1,"41 MALLARD WAY, BURLINGTON, MA, 01803",42.520271947576,-71.182774692351,86905766,L
750,41 MALL RD STE 4W,LAHEY CLINIC INC,BURLINGTON,MA,01805,1,Census_Geocoder,matched,1,"41 MALLARD WAY, BURLINGTON, MA, 01803",42.520271947576,-71.182774692351,86905766,L
751,41 MALL ROAD,LAHEY CLINIC INC,BURLINGTON,MA,01805,1,Census_Geocoder,unmatched,0,,,,,
752,41 MALL ROAD,LAHEY HOSPITAL & MEDICAL CENTER,BURLINGTON,MA,01805,1,Census_Geocoder,unmatched,0,,,,,
753,4100 GOSS RD,FOX ARMY HEALTH CENTER,REDSTONE ARSENAL,AL,35809,1,Census_Geocoder,unmatched,0,,,,,
754,4100 GOSS RD SW,,HUNTSVILLE,AL,35809,2,Census_Geocoder,matched,1,"4100 GOSS RD SW, HUNTSVILLE, AL, 35808",34.698714315038,-86.664196087081,638809702,L
755,4100 OKEMOS RD,,OKEMOS,MI,48909,1,Census_Geocoder,matched,1,"4100 OKEMOS RD, OKEMOS, MI, 48864",42.699633330768,-84.432292856098,17505762,R
757,4122 MADISON ST UNIT 262,,ELFERS,FL,34680,1,Census_Geocoder,unmatched,0,,,,,
758,417 HOLLY ST,,KNOXVILLE,TN,37927,1,Census_Geocoder,matched,1,"417 HOLLY ST NE, KNOXVILLE, TN, 37917",35.978939326416,-83.907921326176,42622399,L
759,417 TURNER AVE,,COLUMBIA,MO,65211,1,Census_Geocoder,matched,1,"417 TURNER AVE, COLUMBIA, MO, 65201",38.943877810833,-92.333481409765,23481097,L
760,420 NE GLEN OAK AVE,,PEORIA,IL,61637,1,Census_Geocoder,matched,1,"420 NE GLEN OAK AVE, PEORIA, IL, 61603",40.701364831215,-89.592107675944,637891592,R
761,4200 E 9TH AVE,BOX C288-5,DENVER,CO,80262,1,Census_Geocoder,matched,1,"4200 E 9TH AVE, DENVER, CO, 80220",39.730974366252,-104.939420066005,177627660,R
762,4200 E 9TH AVE,,DENVER,CO,80262,1,Census_Geocoder,matched,1,"4200 E 9TH AVE, DENVER, CO, 80220",39.730974366252,-104.939420066005,177627660,R
763,4200 E 9TH AVE BOX C288-5,,DENVER,CO,80262,1,Census_Geocoder,matched,1,"4200 E 9TH AVE, DENVER, CO, 80220",39.730974366252,-104.939420066005,177627660,R
764,4200 EAST NINTH AVE,C238,DENVER,CO,80262,1,Census_Geocoder,matched,1,"4200 E 9TH AVE, DENVER, CO, 80220",39.730974366252,-104.939420066005,177627660,R
765,4200 EAST NINTH AVE,,DENVER,CO,80262,1,Census_Geocoder,matched,1,"4200 E 9TH AVE, DENVER, CO, 80220",39.730974366252,-104.939420066005,177627660,R
766,4200 EAST NINTH AVENUE,BOX A-027,DENVER,CO,80262,1,Census_Geocoder,matched,1,"4200 E 9TH AVE, DENVER, CO, 80220",39.730974366252,-104.939420066005,177627660,R
767,4201 CAMPUS RIDGE DR,,MIDLAND,MI,48670,1,Census_Geocoder,unmatched,0,,,,,
768,4215 JOE RAMSEY BLVD,,GREENVILLE,TX,75403,2,Census_Geocoder,matched,1,"4215 JOE RAMSEY BLVD E, GREENVILLE, TX, 75401",33.122963050861,-96.12208973943,658052158,L
769,4225 LAPALCO BLVD,,MARRERO,LA,70073,2,Census_Geocoder,unmatched,0,,,,,
770,4295 POINT PLEASANT PIKE,,DANBORO,PA,18916,1,Census_Geocoder,unmatched,0,,,,,
771,42ND @ DEWEY ST,,OMAHA,NE,68198,1,Census_Geocoder,matched,1,"S 42ND ST & DEWEY AVE, OMAHA, NE, 68198",41.256019751325,-95.975775967168,,
772,4300 PERIMETER RD,(341ST MED GROUP) BLDG 2040 ROOM S156,MALMSTROM AFB,MT,59402,1,Census_Geocoder,unmatched,0,,,,,
773,4301 GREATHOUSE SPRINGS RD SUITE # RAD ROOM 1064,,JOHNSON,AR,72741,1,Census_Geocoder,unmatched,0,,,,,
774,435 DAUER HALL,BOX 117420,GAINESVILLE,FL,32611,1,Census_Geocoder,unmatched,0,,,,,
776,444 MONTGOMERY ST,,CHICOPEE,MA,01021,1,Census_Geocoder,matched,1,"444 MONTGOMERY ST, CHICOPEE, MA, 01020",42.171573223881,-72.586331439047,647246116,R
777,44405 WOODWARD AVE,ST JOSEPH MERCY HOSPITAL,PONTIAC,MI,48351,1,Census_Geocoder,matched,1,"44405 WOODWARD AVE, PONTIAC, MI, 48341",42.614174722993,-83.27448791925,69706784,R
778,446 BELLEVUE AVE,CAPITAL HEALTH SYSTEM,TRENTON,NJ,08607,1,Census_Geocoder,matched,1,"446 BELLEVUE AVE, TRENTON, NJ, 08618",40.229583159724,-74.777152727976,60224816,R
779,448 21ST ST W STE D1,,DICKINSON,ND,58602,1,Census_Geocoder,matched,1,"448 21ST ST W, DICKINSON, ND, 58601",46.905040291873,-102.791791674646,642547903,R
780,448 E BUTTE,SUITE 3,FLORENCE,AZ,85232,1,Census_Geocoder,matched,1,"448 E BUTTE AVE, FLORENCE, AZ, 85132",33.031348200907,-111.38256714767,129277434,R
782,451 E UNIVERSITY DR,ARIZONA STATE UNIVERSITY,TEMPE,AZ,85287,1,Census_Geocoder,matched,1,"451 E UNIVERSITY DR, TEMPE, AZ, 85281",33.421930719463,-111.932661197202,128227190,R
783,455 OVERLOOK AVESW,,WASHINGTON,DC,20375,1,Census_Geocoder,unmatched,0,,,,,
784,455 SOUTH STADIUM HALL,,KNOXVILLE,TN,37996,6,Census_Geocoder,unmatched,0,,,,,
785,4602 DEPT,,CAROL STREAM,IL,60122,1,Census_Geocoder,unmatched,0,,,,,
786,46169 JESSIE BROOK TRL,,BOWSTRING,MN,56631,1,Census_Geocoder,unmatched,0,,,,,
787,463646 SR 200 WEST,SUITE 12,YULEE,FL,12181,1,Census_Geocoder,matched,1,"463646 STATE RD 200, YULEE, FL, 32097",30.628652201393,-81.559990511851,610862119,L
788,4660 ROBERTS ROAD,,COLUMBUS,OH,45228,1,Census_Geocoder,matched,1,"4660 ROBERTS RD, COLUMBUS, OH, 43228",40.003050968779,-83.132242225633,218689781,R
789,468 74TH ST N,MALMSTROM AFB HEALTH AND WELLNESS CENTER,GREAT FALLS,MT,59402,1,Census_Geocoder,unmatched,0,,,,,
790,47 OLD TEMPLE HILL ROAD,,VAILS GATE,NY,12584,1,Census_Geocoder,unmatched,0,,,,,
791,4700 S MILL AVE,STE 4,TEMPE,AZ,85287,1,Census_Geocoder,matched,1,"4700 S MILL AVE, TEMPE, AZ, 85282",33.38166560954,-111.939477934438,128237312,R
792,4700 WATERS AVENUE,BOX # 23089,SAVANNAH,GA,31403,1,Census_Geocoder,matched,1,"4700 WATERS AVE, SAVANNAH, GA, 31404",32.032184665739,-81.09162268514,6190257,L
793,4745 HUGH HOWELL RD,,TUCKER,GA,30085,1,Census_Geocoder,matched,1,"4745 HUGH HOWELL RD, TUCKER, GA, 30084",33.849230380405,-84.195017339163,23363762,R
795,4755 OGELTOWN STANTON ROAD,,NEWARK,DE,19718,2,Census_Geocoder,matched,1,"4755 OGLETOWN STANTON RD, NEWARK, DE, 19713",39.690996683779,-75.671382921671,187298931,L
796,4755 OGLETOWN - STANTON ROAD,ROOM 2990,NEWARK,DE,19718,1,Census_Geocoder,matched,1,"4755 OGLETOWN STANTON RD, NEWARK, DE, 19713",39.690996683779,-75.671382921671,187298931,L
797,4755 OGLETOWN STANTON RD,CHRISTIANA CARE HEALTH SYSTEM DEPT OF OB/GYN,NEWARK,DE,19718,1,Census_Geocoder,matched,1,"4755 OGLETOWN STANTON RD, NEWARK, DE, 19713",39.690996683779,-75.671382921671,187298931,L
798,4755 OGLETOWN STANTON RD,CHRISTIANA HOSPITAL AMMON BUILDING SUITE 2E70,NEWARK,DE,19718,1,Census_Geocoder,matched,1,"4755 OGLETOWN STANTON RD, NEWARK, DE, 19713",39.690996683779,-75.671382921671,187298931,L
799,4755 OGLETOWN STANTON RD,CHRISTIANA HOSPITAL DEPT OF PEDIATRICS,NEWARK,DE,19718,1,Census_Geocoder,matched,1,"4755 OGLETOWN STANTON RD, NEWARK, DE, 19713",39.690996683779,-75.671382921671,187298931,L
800,4755 OGLETOWN STANTON RD,CHRISTIANA HOSPITAL SUITE 1E30,NEWARK,DE,19718,1,Census_Geocoder,matched,1,"4755 OGLETOWN STANTON RD, NEWARK, DE, 19713",39.690996683779,-75.671382921671,187298931,L
801,4755 OGLETOWN STANTON RD,DEPARTMENT OF OB/GYN SUITE 1900,NEWARK,DE,19718,1,Census_Geocoder,matched,1,"4755 OGLETOWN STANTON RD, NEWARK, DE, 19713",39.690996683779,-75.671382921671,187298931,L
802,4755 OGLETOWN STANTON RD,DEPARTMENT OF RADIOLOGY,NEWARK,DE,19718,6,Census_Geocoder,matched,1,"4755 OGLETOWN STANTON RD, NEWARK, DE, 19713",39.690996683779,-75.671382921671,187298931,L
803,4755 OGLETOWN STANTON RD,DEPT OF OB/GYN,NEWARK,DE,19718,1,Census_Geocoder,matched,1,"4755 OGLETOWN STANTON RD, NEWARK, DE, 19713",39.690996683779,-75.671382921671,187298931,L
804,4755 OGLETOWN STANTON RD,DEPT OF PEDIATRICS,NEWARK,DE,19718,1,Census_Geocoder,matched,1,"4755 OGLETOWN STANTON RD, NEWARK, DE, 19713",39.690996683779,-75.671382921671,187298931,L
805,4755 OGLETOWN STANTON RD,NEWARK,NEWARK,DE,19718,1,Census_Geocoder,matched,1,"4755 OGLETOWN STANTON RD, NEWARK, DE, 19713",39.690996683779,-75.671382921671,187298931,L
806,4755 OGLETOWN STANTON RD,SUITE 1-E-20,NEWARK,DE,19718,1,Census_Geocoder,matched,1,"4755 OGLETOWN STANTON RD, NEWARK, DE, 19713",39.690996683779,-75.671382921671,187298931,L
807,4755 OGLETOWN STANTON RD,SUITE 1E20,NEWARK,DE,19718,1,Census_Geocoder,matched,1,"4755 OGLETOWN STANTON RD, NEWARK, DE, 19713",39.690996683779,-75.671382921671,187298931,L
808,4755 OGLETOWN STANTON RD,SUITE 1E50,NEWARK,DE,19718,1,Census_Geocoder,matched,1,"4755 OGLETOWN STANTON RD, NEWARK, DE, 19713",39.690996683779,-75.671382921671,187298931,L
809,4755 OGLETOWN STANTON RD,SUITE 5A43,NEWARK,DE,19718,1,Census_Geocoder,matched,1,"4755 OGLETOWN STANTON RD, NEWARK, DE, 19713",39.690996683779,-75.671382921671,187298931,L
810,4755 OGLETOWN STANTON RD,SUITE 6E34,NEWARK,DE,19718,1,Census_Geocoder,matched,1,"4755 OGLETOWN STANTON RD, NEWARK, DE, 19713",39.690996683779,-75.671382921671,187298931,L
811,4755 OGLETOWN STANTON RD,SUITE LE45,NEWARK,DE,19718,1,Census_Geocoder,matched,1,"4755 OGLETOWN STANTON RD, NEWARK, DE, 19713",39.690996683779,-75.671382921671,187298931,L
812,4755 OGLETOWN STANTON RD,,NEWARK,DE,19718,18,Census_Geocoder,matched,1,"4755 OGLETOWN STANTON RD, NEWARK, DE, 19713",39.690996683779,-75.671382921671,187298931,L
813,4755 OGLETOWN STANTON RD STE 1900,,NEWARK,DE,19718,1,Census_Geocoder,matched,1,"4755 OGLETOWN STANTON RD, NEWARK, DE, 19713",39.690996683779,-75.671382921671,187298931,L
814,4755 OGLETOWN STANTON RD STE 2670,,NEWARK,DE,19718,2,Census_Geocoder,matched,1,"4755 OGLETOWN STANTON RD, NEWARK, DE, 19713",39.690996683779,-75.671382921671,187298931,L
815,4755 OGLETOWN STANTON RD STE 2E99,,NEWARK,DE,19718,1,Census_Geocoder,matched,1,"4755 OGLETOWN STANTON RD, NEWARK, DE, 19713",39.690996683779,-75.671382921671,187298931,L
816,4755 OGLETOWN STANTON ROAD,CHRISTIANA HOSPITAL,NEWARK,DE,19718,2,Census_Geocoder,matched,1,"4755 OGLETOWN STANTON RD, NEWARK, DE, 19713",39.690996683779,-75.671382921671,187298931,L
817,4755 OGLETOWN STANTON ROAD,CHRISTIANA HOSPITAL ROOM 1037,NEWARK,DE,19718,1,Census_Geocoder,matched,1,"4755 OGLETOWN STANTON RD, NEWARK, DE, 19713",39.690996683779,-75.671382921671,187298931,L
818,4755 OGLETOWN STANTON ROAD,SUITE 1900,NEWARK,DE,19718,1,Census_Geocoder,matched,1,"4755 OGLETOWN STANTON RD, NEWARK, DE, 19713",39.690996683779,-75.671382921671,187298931,L
819,4755 OGLETOWN STANTON ROAD,SUITE 2E99,NEWARK,DE,19718,1,Census_Geocoder,matched,1,"4755 OGLETOWN STANTON RD, NEWARK, DE, 19713",39.690996683779,-75.671382921671,187298931,L
820,4755 OGLETOWN STANTON ROAD,SUITE 5A43,NEWARK,DE,19718,1,Census_Geocoder,matched,1,"4755 OGLETOWN STANTON RD, NEWARK, DE, 19713",39.690996683779,-75.671382921671,187298931,L
821,4755 OGLETOWN STANTON ROAD,,NEWARK,DE,19718,10,Census_Geocoder,matched,1,"4755 OGLETOWN STANTON RD, NEWARK, DE, 19713",39.690996683779,-75.671382921671,187298931,L
822,4755 OGLETOWN-STANTON RD,,NEWARK,DE,19718,8,Census_Geocoder,matched,1,"4755 OGLETOWN STANTON RD, NEWARK, DE, 19713",39.690996683779,-75.671382921671,187298931,L
823,4755 OGLETOWN-STANTON ROAD,,NEWARK,DE,19718,7,Census_Geocoder,matched,1,"4755 OGLETOWN STANTON RD, NEWARK, DE, 19713",39.690996683779,-75.671382921671,187298931,L
826,483 W SEED FARM RD,,SACATON,AZ,85247,9,Census_Geocoder,unmatched,0,,,,,
827,486 BOSTON POST ROAD,,WESTON,MA,02693,1,Census_Geocoder,matched,1,"486 BOSTON POST RD, WESTON, MA, 02493",42.366902401315,-71.302436007794,647976752,L
829,4910 MALVERN AVE,,HOT SPRINGS,AR,71910,1,Census_Geocoder,matched,1,"4910 MALVERN AVE, HOT SPRINGS, AR, 71901",34.470954525635,-92.982198332383,22729008,L
830,4959 KIDRON RD,,KIDRON,OH,44636,2,Census_Geocoder,unmatched,0,,,,,
831,5 BUCKMAN ROAD SUIT 1D,MMP ORTHOPEDICS AND JOINT SPECIALIST,FALMOUTH,ME,04104,1,Census_Geocoder,matched,1,"5 BUCKNAM RD, FALMOUTH, ME, 04105",43.726130334109,-70.232277400481,78074958,L
833,50 GRISWOLD STREET,NEW BRITAIN GENERAL HOSP COUNSELING CENTER,NEW BRITAIN,CT,06050,1,Census_Geocoder,matched,1,"50 GRISWOLD ST, NEW BRITAIN, CT, 06052",41.660827262563,-72.787355108692,658286125,L
834,50 GRISWOLD STREET,,NEW BRITAIN,CT,06050,1,Census_Geocoder,matched,1,"50 GRISWOLD ST, NEW BRITAIN, CT, 06052",41.660827262563,-72.787355108692,658286125,L
835,50 N MEDICAL DR,RM PA455,SALT LAKE CITY,UT,84132,1,Census_Geocoder,matched,1,"50 MEDICAL DR, SALT LAKE CITY, UT, 84132",40.768884612099,-111.837491944828,639493830,L
836,50 N MEDICAL DR,SOM 2C412,SALT LAKE CITY,UT,84132,1,Census_Geocoder,matched,1,"50 MEDICAL DR, SALT LAKE CITY, UT, 84132",40.768884612099,-111.837491944828,639493830,L
837,50 N MEDICAL DR,SOM 4R118,SALT LAKE CITY,UT,84132,1,Census_Geocoder,matched,1,"50 MEDICAL DR, SALT LAKE CITY, UT, 84132",40.768884612099,-111.837491944828,639493830,L
838,50 N MEDICAL DR,U OF U DEPARTMENT OF ANESTHESIOLOGY,SALT LAKE CITY,UT,84158,1,Census_Geocoder,matched,1,"50 MEDICAL DR, SALT LAKE CITY, UT, 84132",40.768884612099,-111.837491944828,639493830,L
839,50 N MEDICAL DR,,SALT LAKE CITY,UT,84132,21,Census_Geocoder,matched,1,"50 MEDICAL DR, SALT LAKE CITY, UT, 84132",40.768884612099,-111.837491944828,639493830,L
840,50 N MEDICAL DR,,SLC,UT,84132,1,Census_Geocoder,matched,1,"50 MEDICAL DR, SLC, UT, 84132",40.768884612099,-111.837491944828,639493830,L
841,500 AMELIA AVENUE,,BAINBRIDGE,GA,39818,1,Census_Geocoder,matched,1,"500 AMELIA ST, BAINBRIDGE, GA, 39819",30.900293263175,-84.552369531707,84279091,L
842,500 FOOTHILL BLVD,BLD 47,SALT LAKE CITY,UT,84148,1,Census_Geocoder,matched,1,"500 FOOTHILL DR, SALT LAKE CITY, UT, 84113",40.756176176103,-111.834686575575,176068491,R
843,500 FOOTHILL BLVD,PATHOLOGY VA SLC HEALTH CARE SYSTEM,SALT LAKE CITY,UT,84148,1,Census_Geocoder,matched,1,"500 FOOTHILL DR, SALT LAKE CITY, UT, 84113",40.756176176103,-111.834686575575,176068491,R
844,500 FOOTHILL BLVD,,SALT LAKE CITY,UT,84148,8,Census_Geocoder,matched,1,"500 FOOTHILL DR, SALT LAKE CITY, UT, 84113",40.756176176103,-111.834686575575,176068491,R
845,500 FOOTHILL BLVD # MC11E,,SALT LAKE CITY,UT,84148,1,Census_Geocoder,matched,1,"500 FOOTHILL DR, SALT LAKE CITY, UT, 84113",40.756176176103,-111.834686575575,176068491,R
846,500 FOOTHILL DR,SURGERY (UROLOGY),SALT LAKE CITY,UT,84148,1,Census_Geocoder,matched,1,"500 FOOTHILL DR, SALT LAKE CITY, UT, 84113",40.756176176103,-111.834686575575,176068491,R
847,500 FOOTHILL DR,VA SALT LAKE CITY HCS 119A,SALT LAKE CITY,UT,84148,1,Census_Geocoder,matched,1,"500 FOOTHILL DR, SALT LAKE CITY, UT, 84113",40.756176176103,-111.834686575575,176068491,R
848,500 FOOTHILL DR,,SALT LAKE CITY,UT,84148,7,Census_Geocoder,matched,1,"500 FOOTHILL DR, SALT LAKE CITY, UT, 84113",40.756176176103,-111.834686575575,176068491,R
849,500 FOOTHILL DR,,SLC,UT,84148,1,Census_Geocoder,matched,1,"500 FOOTHILL DR, SLC, UT, 84113",40.756176176103,-111.834686575575,176068491,R
850,500 FOOTHILL DRIVE,,SLC,UT,84148,1,Census_Geocoder,matched,1,"500 FOOTHILL DR, SLC, UT, 84113",40.756176176103,-111.834686575575,176068491,R
851,500 PARNASSUS AVE,,SAN FRANCISCO,CA,94143,1,Census_Geocoder,matched,1,"500 PARNASSUS AVE, SAN FRANCISCO, CA, 94143",37.763294770859,-122.45869985565,192282295,R
852,500 PARNASSUS AVE STE MU423,BOX 0118,SAN FRANCISCO,CA,94143,1,Census_Geocoder,matched,1,"500 PARNASSUS AVE, SAN FRANCISCO, CA, 94143",37.763294770859,-122.45869985565,192282295,R
853,500 VETERANS WAY,,TEMPE,AZ,85287,1,Census_Geocoder,unmatched,0,,,,,
854,501 W 14TH ST,WILMINGTON HOSPITAL,WILMINGTON,DE,19899,1,Census_Geocoder,unmatched,0,,,,,
855,501 W 14TH STREET,WILMINGTON HOSPITAL,WILMINGTON,DE,19899,1,Census_Geocoder,unmatched,0,,,,,
856,505 PARNASSUS,,SAN FRANCISCO,CA,94143,1,Census_Geocoder,matched,1,"505 PARNASSUS AVE, SAN FRANCISCO, CA, 94143",37.762922266735,-122.459583565493,192282295,L
857,505 PARNASSUS AVE,BOX 0114 UCSF DEPARTMENT OF NEUROLOGY,SAN FRANCISCO,CA,94143,1,Census_Geocoder,matched,1,"505 PARNASSUS AVE, SAN FRANCISCO, CA, 94143",37.762922266735,-122.459583565493,192282295,L
858,505 PARNASSUS AVE,L352,SAN FRANCISCO,CA,94143,2,Census_Geocoder,matched,1,"505 PARNASSUS AVE, SAN FRANCISCO, CA, 94143",37.762922266735,-122.459583565493,192282295,L
859,505 PARNASSUS AVE,RM M-1180D,SAN FRANCISCO,CA,94143,1,Census_Geocoder,matched,1,"505 PARNASSUS AVE, SAN FRANCISCO, CA, 94143",37.762922266735,-122.459583565493,192282295,L
860,505 PARNASSUS AVE,ROOM M-1178B BOX 0124,SAN FRANCISCO,CA,94143,1,Census_Geocoder,matched,1,"505 PARNASSUS AVE, SAN FRANCISCO, CA, 94143",37.762922266735,-122.459583565493,192282295,L
861,505 PARNASSUS AVE,,SAN FRANCISCO,CA,94143,54,Census_Geocoder,matched,1,"505 PARNASSUS AVE, SAN FRANCISCO, CA, 94143",37.762922266735,-122.459583565493,192282295,L
862,505 PARNASSUS AVE # M-1777A,,SAN FRANCISCO,CA,94143,1,Census_Geocoder,matched,1,"505 PARNASSUS AVE, SAN FRANCISCO, CA, 94143",37.762922266735,-122.459583565493,192282295,L
863,505 PARNASSUS AVE 15TH FL ICN,,SAN FRANCISCO,CA,94143,2,Census_Geocoder,matched,1,"505 PARNASSUS AVE, SAN FRANCISCO, CA, 94143",37.762922266735,-122.459583565493,192282295,L
864,505 PARNASSUS AVE FL 3,,SAN FRANCISCO,CA,94143,1,Census_Geocoder,matched,1,"505 PARNASSUS AVE, SAN FRANCISCO, CA, 94143",37.762922266735,-122.459583565493,192282295,L
865,505 PARNASSUS AVENUE M294 BOX 0212,,SAN FRANCISCO,CA,94143,1,Census_Geocoder,matched,1,"505 PARNASSUS AVE, SAN FRANCISCO, CA, 94143",37.762922266735,-122.459583565493,192282295,L
866,5050 POPLAR AVE,SUITE 511,MEMPHIS,TN,38157,1,Census_Geocoder,matched,1,"5050 POPLAR AVE, MEMPHIS, TN, 38117",35.112139509142,-89.893928274352,72973140,L
867,5050 POPLAR AVE,SUITE 718,MEMPHIS,TN,38157,1,Census_Geocoder,matched,1,"5050 POPLAR AVE, MEMPHIS, TN, 38117",35.112139509142,-89.893928274352,72973140,L
868,5050 POPLAR AVE,SUITE 800,MEMPHIS,TN,38157,7,Census_Geocoder,matched,1,"5050 POPLAR AVE, MEMPHIS, TN, 38117",35.112139509142,-89.893928274352,72973140,L
869,5050 POPLAR AVE,,MEMPHIS,TN,38157,1,Census_Geocoder,matched,1,"5050 POPLAR AVE, MEMPHIS, TN, 38117",35.112139509142,-89.893928274352,72973140,L
870,5050 POPLAR AVE STE 115,,MEMPHIS,TN,38157,1,Census_Geocoder,matched,1,"5050 POPLAR AVE, MEMPHIS, TN, 38117",35.112139509142,-89.893928274352,72973140,L
871,506 SOUTHWEST FEDERAL HIGHWAY,SUITE 101,STUART,FL,34995,1,Census_Geocoder,matched,1,"506 SW FEDERAL HWY, STUART, FL, 34994",27.195847664006,-80.257128573029,120415583,L
873,510 SOUTH FIRST,,BROWNFIELD,TX,76316,1,Census_Geocoder,matched,1,"510 S 1ST ST, BROWNFIELD, TX, 79316",33.174882311573,-102.2748752592,185898519,R
874,5100 POPLAR AVE,SUITE 2700,MEMPHIS,TN,38137,1,Census_Geocoder,matched,1,"5100 POPLAR AVE, MEMPHIS, TN, 38117",35.111275010535,-89.892284250459,72973145,R
875,5100 POPLAR AVE STE 2722,,MEMPHIS,TN,38137,1,Census_Geocoder,matched,1,"5100 POPLAR AVE, MEMPHIS, TN, 38117",35.111275010535,-89.892284250459,72973145,R
876,5107 HUTSON RD,,COLLINSVILLE,OH,45004,1,Census_Geocoder,unmatched,0,,,,,
877,5121 S COTTONWOOD STREET,INTERMOUNTAIN MEDICAL CENTER,MURRAY,UT,84157,2,Census_Geocoder,matched,1,"5121 COTTONWOOD ST, MURRAY, UT, 84107",40.659436560709,-111.893985710137,638533104,R
878,513 PARNASSUS AVE,,SAN FRANCISCO,CA,94143,5,Census_Geocoder,unmatched,0,,,,,
879,513 PARNASSUS AVE RM S-672,,SAN FRANCISCO,CA,94143,1,Census_Geocoder,unmatched,0,,,,,
880,5155 E EAGLE DRIVE #20733,,MESA,AZ,85277,1,Census_Geocoder,matched,1,"5155 E EAGLE DR, MESA, AZ, 85215",33.458506555044,-111.720704511924,640589556,R
882,5201 WEST MEMORIAL ROAD,,OKLAHOMA CITY,OK,73140,1,Census_Geocoder,matched,1,"5201 W MEMORIAL RD, OKLAHOMA CITY, OK, 73142",35.610297080376,-97.611186409207,648881509,R
883,521 PARNASSUS AVE,BOX 0622,SAN FRANCISCO,CA,94143,1,Census_Geocoder,matched,1,"521 PARNASSUS AVE, SAN FRANCISCO, CA, 94143",37.763447286007,-122.457732693362,192282295,L
884,521 PARNASSUS AVE,C 450,SAN FRANCISCO,CA,94143,1,Census_Geocoder,matched,1,"521 PARNASSUS AVE, SAN FRANCISCO, CA, 94143",37.763447286007,-122.457732693362,192282295,L
885,521 PARNASSUS AVE,,SAN FRANCISCO,CA,94143,4,Census_Geocoder,matched,1,"521 PARNASSUS AVE, SAN FRANCISCO, CA, 94143",37.763447286007,-122.457732693362,192282295,L
886,521 PARNASSUS AVE # 0622,UCSF MEDICAL CENTER - PHARMACY,SAN FRANCISCO,CA,94143,1,Census_Geocoder,matched,1,"521 PARNASSUS AVE, SAN FRANCISCO, CA, 94143",37.763447286007,-122.457732693362,192282295,L
887,521 PARNASSUS AVE FL 4,,SAN FRANCISCO,CA,94143,1,Census_Geocoder,matched,1,"521 PARNASSUS AVE, SAN FRANCISCO, CA, 94143",37.763447286007,-122.457732693362,192282295,L
888,521 PARNASSUS AVENUE,C-152,SAN FRANCISCO,CA,94143,1,Census_Geocoder,matched,1,"521 PARNASSUS AVE, SAN FRANCISCO, CA, 94143",37.763447286007,-122.457732693362,192282295,L
889,521 PARNASSUS AVENUE BOX 0622,,SAN FRANCISCO,CA,94143,1,Census_Geocoder,matched,1,"521 PARNASSUS AVE, SAN FRANCISCO, CA, 94143",37.763447286007,-122.457732693362,192282295,L
890,524 HIGHLAND AVENUE,,GREENSBORO,NC,27402,1,Census_Geocoder,matched,1,"524 HIGHLAND AVE, GREENSBORO, NC, 27403",36.065750943063,-79.807392172216,131032346,R
891,525 E MARKET ST,SUMMA HEALTH SYSTEM,AKRON,OH,44309,1,Census_Geocoder,matched,1,"525 E MARKET ST, AKRON, OH, 44308",41.078902895356,-81.501259153272,61349934,L
892,525 EAST 68TH STREET,,NEW YORK,NY,10087,1,Census_Geocoder,matched,1,"525 E 68TH ST, NEW YORK, NY, 10065",40.764254134268,-73.955379234616,59662711,L
893,5265 S BUSINESS 71,STE A,PINEVILLE,MO,65865,1,Census_Geocoder,unmatched,0,,,,,
894,53 SPRING MOUNT RD,,SPRING MOUNT,PA,19478,1,Census_Geocoder,unmatched,0,,,,,
895,530 NE GLEN OAK AVE,,PEORIA,IL,61637,11,Census_Geocoder,matched,1,"530 NE GLEN OAK AVE, PEORIA, IL, 61603",40.702117371729,-89.59116554187,637891592,R
896,5301 E HURON RIVER DR,DEPARTMENT OF ANESTHESIOLOGY,ANN ARBOR,MI,48106,1,Census_Geocoder,matched,1,"5301 E HURON RIVER DR, ANN ARBOR, MI, 48105",42.259927041199,-83.654057838505,26017756,L
897,5301 E HURON RIVER DR,,ANN ARBOR,MI,48106,1,Census_Geocoder,matched,1,"5301 E HURON RIVER DR, ANN ARBOR, MI, 48105",42.259927041199,-83.654057838505,26017756,L
898,5301 E HURON RIVER DRIVE,DEPARTMENT OF ANESTHESIOLOGY,ANN ARBOR,MI,48106,1,Census_Geocoder,matched,1,"5301 E HURON RIVER DR, ANN ARBOR, MI, 48105",42.259927041199,-83.654057838505,26017756,L
899,5301 EAST HURON RIVER DR,,ANN ARBOR,MI,48106,1,Census_Geocoder,matched,1,"5301 E HURON RIVER DR, ANN ARBOR, MI, 48105",42.259927041199,-83.654057838505,26017756,L
900,5301 EAST HURON RIVER DRIVE,ST JOSEPH MERCY HOSPITAL,YPSILANTI,MI,48106,1,Census_Geocoder,unmatched,0,,,,,
901,5301 EAST HURON RIVER DRIVE,,ANN ARBOR,MI,48106,1,Census_Geocoder,matched,1,"5301 E HURON RIVER DR, ANN ARBOR, MI, 48105",42.259927041199,-83.654057838505,26017756,L
902,533 PARNASSUS AVE,ROOM U100A,SAN FRANCISCO,CA,94143,1,Census_Geocoder,matched,1,"533 PARNASSUS AVE, SAN FRANCISCO, CA, 94143",37.763361645131,-122.458035110641,192282295,L
903,533 PARNASSUS AVE,UCSF MEDICAL GENETICS RM U100A,SAN FRANCISCO,CA,94143,1,Census_Geocoder,matched,1,"533 PARNASSUS AVE, SAN FRANCISCO, CA, 94143",37.763361645131,-122.458035110641,192282295,L
904,533 PARNASSUS AVE,,SAN FRANCISCO,CA,94143,1,Census_Geocoder,matched,1,"533 PARNASSUS AVE, SAN FRANCISCO, CA, 94143",37.763361645131,-122.458035110641,192282295,L
905,533 PARNASSUS AVE # U503,,SAN FRANCISCO,CA,94143,1,Census_Geocoder,matched,1,"533 PARNASSUS AVE, SAN FRANCISCO, CA, 94143",37.763361645131,-122.458035110641,192282295,L
906,533 PARNASSUS AVE RM U585,,SAN FRANCISCO,CA,94143,1,Census_Geocoder,matched,1,"533 PARNASSUS AVE, SAN FRANCISCO, CA, 94143",37.763361645131,-122.458035110641,192282295,L
907,535 MISSION BAY BLVD S,,SAN FRANCISCO,CA,94143,2,Census_Geocoder,unmatched,0,,,,,
908,535 MISSION BAY BLVD SOUTH,,SAN FRANCISCO,CA,94143,1,Census_Geocoder,unmatched,0,,,,,
909,545 RAY C HUNT DRIVE,310,CHARLOTTESVILLE,VA,22906,1,Census_Geocoder,matched,1,"545 RAY C HUNT DR, CHARLOTTESVILLE, VA, 22903",38.024664887947,-78.526629591774,655594279,R
910,5454 HOHMAN AVE,5TH FLOOR,HAMMOND,IN,46325,1,Census_Geocoder,matched,1,"5454 HOHMAN AVE, HAMMOND, IN, 46320",41.61533936979,-87.522098492199,98416727,R
911,546 S BROAD ST SUITE 3B,,MERIDEN,CT,06650,1,Census_Geocoder,matched,1,"546 S BROAD ST, MERIDEN, CT, 06450",41.508052678541,-72.80887688912,604748886,R
913,55 LAKE AVE,,WORCESTER,MA,01655,1,Census_Geocoder,matched,1,"55 N LAKE AVE, WORCESTER, MA, 01655",42.277713052069,-71.759327749279,40100681,L
914,55 LAKE AVE N,ACC BUILDING DEPT OF CARDIOLOGY,WORCESTER,MA,01655,1,Census_Geocoder,matched,1,"55 N LAKE AVE, WORCESTER, MA, 01655",42.277713052069,-71.759327749279,40100681,L
915,55 LAKE AVE N,DEPARTMENT OF ADOLESCENT MEDICINE,WORCESTER,MA,01655,1,Census_Geocoder,matched,1,"55 N LAKE AVE, WORCESTER, MA, 01655",42.277713052069,-71.759327749279,40100681,L
916,55 LAKE AVE N,DEPARTMENT OF ANESTHESIOLOGY,WORCESTER,MA,01655,14,Census_Geocoder,matched,1,"55 N LAKE AVE, WORCESTER, MA, 01655",42.277713052069,-71.759327749279,40100681,L
917,55 LAKE AVE N,DEPARTMENT OF BEHAVIORAL MEDICINE,WORCESTER,MA,01655,3,Census_Geocoder,matched,1,"55 N LAKE AVE, WORCESTER, MA, 01655",42.277713052069,-71.759327749279,40100681,L
918,55 LAKE AVE N,DEPARTMENT OF CARDIOLOGY,WORCESTER,MA,01655,2,Census_Geocoder,matched,1,"55 N LAKE AVE, WORCESTER, MA, 01655",42.277713052069,-71.759327749279,40100681,L
919,55 LAKE AVE N,DEPARTMENT OF CARDIOTHORACIC SURGERY,WORCESTER,MA,01655,1,Census_Geocoder,matched,1,"55 N LAKE AVE, WORCESTER, MA, 01655",42.277713052069,-71.759327749279,40100681,L
920,55 LAKE AVE N,DEPARTMENT OF CARDIOVASCULAR MEDICINE,WORCESTER,MA,01655,8,Census_Geocoder,matched,1,"55 N LAKE AVE, WORCESTER, MA, 01655",42.277713052069,-71.759327749279,40100681,L
921,55 LAKE AVE N,DEPARTMENT OF CHILD PROTECTION,WORCESTER,MA,01655,1,Census_Geocoder,matched,1,"55 N LAKE AVE, WORCESTER, MA, 01655",42.277713052069,-71.759327749279,40100681,L
922,55 LAKE AVE N,DEPARTMENT OF CLINICAL PATHOLOGY,WORCESTER,MA,01655,1,Census_Geocoder,matched,1,"55 N LAKE AVE, WORCESTER, MA, 01655",42.277713052069,-71.759327749279,40100681,L
923,55 LAKE AVE N,DEPARTMENT OF EMERGENCY MEDICINE,WORCESTER,MA,01655,8,Census_Geocoder,matched,1,"55 N LAKE AVE, WORCESTER, MA, 01655",42.277713052069,-71.759327749279,40100681,L
924,55 LAKE AVE N,DEPARTMENT OF ENDOCRINOLOGY,WORCESTER,MA,01655,6,Census_Geocoder,matched,1,"55 N LAKE AVE, WORCESTER, MA, 01655",42.277713052069,-71.759327749279,40100681,L
925,55 LAKE AVE N,DEPARTMENT OF FAMILY MEDICINE,WORCESTER,MA,01655,5,Census_Geocoder,matched,1,"55 N LAKE AVE, WORCESTER, MA, 01655",42.277713052069,-71.759327749279,40100681,L
926,55 LAKE AVE N,DEPARTMENT OF GASTROENTEROLOGY,WORCESTER,MA,01655,5,Census_Geocoder,matched,1,"55 N LAKE AVE, WORCESTER, MA, 01655",42.277713052069,-71.759327749279,40100681,L
927,55 LAKE AVE N,DEPARTMENT OF GENERAL MEDICINE,WORCESTER,MA,01655,1,Census_Geocoder,matched,1,"55 N LAKE AVE, WORCESTER, MA, 01655",42.277713052069,-71.759327749279,40100681,L
928,55 LAKE AVE N,DEPARTMENT OF GENERAL SURGERY,WORCESTER,MA,01655,2,Census_Geocoder,matched,1,"55 N LAKE AVE, WORCESTER, MA, 01655",42.277713052069,-71.759327749279,40100681,L
929,55 LAKE AVE N,DEPARTMENT OF HEMATOLOGY/ONCOLOGY,WORCESTER,MA,01655,4,Census_Geocoder,matched,1,"55 N LAKE AVE, WORCESTER, MA, 01655",42.277713052069,-71.759327749279,40100681,L
930,55 LAKE AVE N,DEPARTMENT OF HOSPITAL MEDICINE,WORCESTER,MA,01655,2,Census_Geocoder,matched,1,"55 N LAKE AVE, WORCESTER, MA, 01655",42.277713052069,-71.759327749279,40100681,L
931,55 LAKE AVE N,DEPARTMENT OF INFECTIOUS DISEASE,WORCESTER,MA,01655,10,Census_Geocoder,matched,1,"55 N LAKE AVE, WORCESTER, MA, 01655",42.277713052069,-71.759327749279,40100681,L
932,55 LAKE AVE N,DEPARTMENT OF INTERNAL MEDICINE,WORCESTER,MA,01655,3,Census_Geocoder,matched,1,"55 N LAKE AVE, WORCESTER, MA, 01655",42.277713052069,-71.759327749279,40100681,L
933,55 LAKE AVE N,DEPARTMENT OF MEDICINE,WORCESTER,MA,01655,2,Census_Geocoder,matched,1,"55 N LAKE AVE, WORCESTER, MA, 01655",42.277713052069,-71.759327749279,40100681,L
934,55 LAKE AVE N,DEPARTMENT OF NEPHROLOGY,WORCESTER,MA,01655,3,Census_Geocoder,matched,1,"55 N LAKE AVE, WORCESTER, MA, 01655",42.277713052069,-71.759327749279,40100681,L
935,55 LAKE AVE N,DEPARTMENT OF NEUROLOGY,WORCESTER,MA,01655,10,Census_Geocoder,matched,1,"55 N LAKE AVE, WORCESTER, MA, 01655",42.277713052069,-71.759327749279,40100681,L
936,55 LAKE AVE N,DEPARTMENT OF NEUROSURGERY,WORCESTER,MA,01655,1,Census_Geocoder,matched,1,"55 N LAKE AVE, WORCESTER, MA, 01655",42.277713052069,-71.759327749279,40100681,L
937,55 LAKE AVE N,DEPARTMENT OF ORTHOPEDIC SURGERY,WORCESTER,MA,01655,3,Census_Geocoder,matched,1,"55 N LAKE AVE, WORCESTER, MA, 01655",42.277713052069,-71.759327749279,40100681,L
938,55 LAKE AVE N,DEPARTMENT OF ORTHOPEDICS/PODIATRY,WORCESTER,MA,01655,1,Census_Geocoder,matched,1,"55 N LAKE AVE, WORCESTER, MA, 01655",42.277713052069,-71.759327749279,40100681,L
939,55 LAKE AVE N,DEPARTMENT OF OTOLARYNGOLOGY,WORCESTER,MA,01655,2,Census_Geocoder,matched,1,"55 N LAKE AVE, WORCESTER, MA, 01655",42.277713052069,-71.759327749279,40100681,L
940,55 LAKE AVE N,DEPARTMENT OF PATHOLOGY,WORCESTER,MA,01655,1,Census_Geocoder,matched,1,"55 N LAKE AVE, WORCESTER, MA, 01655",42.277713052069,-71.759327749279,40100681,L
941,55 LAKE AVE N,DEPARTMENT OF PATHOLOGY - BLOOD BANK,WORCESTER,MA,01655,1,Census_Geocoder,matched,1,"55 N LAKE AVE, WORCESTER, MA, 01655",42.277713052069,-71.759327749279,40100681,L
942,55 LAKE AVE N,DEPARTMENT OF PEDIATRIC ALLERGY & IMMUNOLOGY,WORCESTER,MA,01655,1,Census_Geocoder,matched,1,"55 N LAKE AVE, WORCESTER, MA, 01655",42.277713052069,-71.759327749279,40100681,L
943,55 LAKE AVE N,DEPARTMENT OF PEDIATRIC CRITICAL CARE,WORCESTER,MA,01655,2,Census_Geocoder,matched,1,"55 N LAKE AVE, WORCESTER, MA, 01655",42.277713052069,-71.759327749279,40100681,L
944,55 LAKE AVE N,DEPARTMENT OF PEDIATRIC ENDOCRINOLOGY,WORCESTER,MA,01655,3,Census_Geocoder,matched,1,"55 N LAKE AVE, WORCESTER, MA, 01655",42.277713052069,-71.759327749279,40100681,L
945,55 LAKE AVE N,DEPARTMENT OF PEDIATRIC HEMATOLOGY/ONCOLOGY,WORCESTER,MA,01655,1,Census_Geocoder,matched,1,"55 N LAKE AVE, WORCESTER, MA, 01655",42.277713052069,-71.759327749279,40100681,L
946,55 LAKE AVE N,DEPARTMENT OF PEDIATRIC HOSPITAL MEDICINE,WORCESTER,MA,01655,1,Census_Geocoder,matched,1,"55 N LAKE AVE, WORCESTER, MA, 01655",42.277713052069,-71.759327749279,40100681,L
947,55 LAKE AVE N,DEPARTMENT OF PEDIATRIC IMMUNOLOGY/INFECTIOUS DISEASE,WORCESTER,MA,01655,1,Census_Geocoder,matched,1,"55 N LAKE AVE, WORCESTER, MA, 01655",42.277713052069,-71.759327749279,40100681,L
948,55 LAKE AVE N,DEPARTMENT OF PEDIATRIC INFECTIOUS DISEASE,WORCESTER,MA,01655,1,Census_Geocoder,matched,1,"55 N LAKE AVE, WORCESTER, MA, 01655",42.277713052069,-71.759327749279,40100681,L
949,55 LAKE AVE N,DEPARTMENT OF PEDIATRIC MEDICINE,WORCESTER,MA,01655,1,Census_Geocoder,matched,1,"55 N LAKE AVE, WORCESTER, MA, 01655",42.277713052069,-71.759327749279,40100681,L
950,55 LAKE AVE N,DEPARTMENT OF PEDIATRIC PULMONARY MEDICINE,WORCESTER,MA,01655,1,Census_Geocoder,matched,1,"55 N LAKE AVE, WORCESTER, MA, 01655",42.277713052069,-71.759327749279,40100681,L
951,55 LAKE AVE N,DEPARTMENT OF PEDIATRICS,WORCESTER,MA,01655,7,Census_Geocoder,matched,1,"55 N LAKE AVE, WORCESTER, MA, 01655",42.277713052069,-71.759327749279,40100681,L
952,55 LAKE AVE N,DEPARTMENT OF PEDIATRICS - PEDIPLACE,WORCESTER,MA,01655,1,Census_Geocoder,matched,1,"55 N LAKE AVE, WORCESTER, MA, 01655",42.277713052069,-71.759327749279,40100681,L
953,55 LAKE AVE N,DEPARTMENT OF PEDIATRICS/DIVISION OF GENETICS,WORCESTER,MA,01655,1,Census_Geocoder,matched,1,"55 N LAKE AVE, WORCESTER, MA, 01655",42.277713052069,-71.759327749279,40100681,L
954,55 LAKE AVE N,DEPARTMENT OF PLASTIC & RECONSTRUCTIVE SURGERY,WORCESTER,MA,01655,1,Census_Geocoder,matched,1,"55 N LAKE AVE, WORCESTER, MA, 01655",42.277713052069,-71.759327749279,40100681,L
955,55 LAKE AVE N,DEPARTMENT OF PRIMARY CARE,WORCESTER,MA,01655,7,Census_Geocoder,matched,1,"55 N LAKE AVE, WORCESTER, MA, 01655",42.277713052069,-71.759327749279,40100681,L
956,55 LAKE AVE N,DEPARTMENT OF PSYCHIATRY,WORCESTER,MA,01655,6,Census_Geocoder,matched,1,"55 N LAKE AVE, WORCESTER, MA, 01655",42.277713052069,-71.759327749279,40100681,L
957,55 LAKE AVE N,DEPARTMENT OF PSYCHIATRY/CANDO,WORCESTER,MA,01655,1,Census_Geocoder,matched,1,"55 N LAKE AVE, WORCESTER, MA, 01655",42.277713052069,-71.759327749279,40100681,L
958,55 LAKE AVE N,DEPARTMENT OF PSYCHOLOGY,WORCESTER,MA,01655,1,Census_Geocoder,matched,1,"55 N LAKE AVE, WORCESTER, MA, 01655",42.277713052069,-71.759327749279,40100681,L
959,55 LAKE AVE N,DEPARTMENT OF PULMONARY MEDICINE,WORCESTER,MA,01655,3,Census_Geocoder,matched,1,"55 N LAKE AVE, WORCESTER, MA, 01655",42.277713052069,-71.759327749279,40100681,L
960,55 LAKE AVE N,DEPARTMENT OF RADIATION ONCOLOGY,WORCESTER,MA,01655,2,Census_Geocoder,matched,1,"55 N LAKE AVE, WORCESTER, MA, 01655",42.277713052069,-71.759327749279,40100681,L
961,55 LAKE AVE N,DEPARTMENT OF RADIOLOGY,WORCESTER,MA,01655,1,Census_Geocoder,matched,1,"55 N LAKE AVE, WORCESTER, MA, 01655",42.277713052069,-71.759327749279,40100681,L
962,55 LAKE AVE N,DEPARTMENT OF RENAL MEDICINE,WORCESTER,MA,01655,2,Census_Geocoder,matched,1,"55 N LAKE AVE, WORCESTER, MA, 01655",42.277713052069,-71.759327749279,40100681,L
963,55 LAKE AVE N,DEPARTMENT OF RHEUMATOLOGY,WORCESTER,MA,01655,1,Census_Geocoder,matched,1,"55 N LAKE AVE, WORCESTER, MA, 01655",42.277713052069,-71.759327749279,40100681,L
964,55 LAKE AVE N,DEPARTMENT OF SURGERY,WORCESTER,MA,01655,4,Census_Geocoder,matched,1,"55 N LAKE AVE, WORCESTER, MA, 01655",42.277713052069,-71.759327749279,40100681,L
965,55 LAKE AVE N,DEPARTMENT OF SURGERY/TRAUMA/CRITICAL CARE,WORCESTER,MA,01655,1,Census_Geocoder,matched,1,"55 N LAKE AVE, WORCESTER, MA, 01655",42.277713052069,-71.759327749279,40100681,L
966,55 LAKE AVE N,DEPARTMENT OF SURGERY/VASCULAR SURGERY,WORCESTER,MA,01655,1,Census_Geocoder,matched,1,"55 N LAKE AVE, WORCESTER, MA, 01655",42.277713052069,-71.759327749279,40100681,L
967,55 LAKE AVE N,DEPARTMENT OF URGENT CARE,WORCESTER,MA,01655,1,Census_Geocoder,matched,1,"55 N LAKE AVE, WORCESTER, MA, 01655",42.277713052069,-71.759327749279,40100681,L
968,55 LAKE AVE N,DEPARTMENT OF VASCULAR SURGERY,WORCESTER,MA,01655,2,Census_Geocoder,matched,1,"55 N LAKE AVE, WORCESTER, MA, 01655",42.277713052069,-71.759327749279,40100681,L
969,55 LAKE AVE N,DEPT OF CRITICAL CARE,WORCESTER,MA,01655,1,Census_Geocoder,matched,1,"55 N LAKE AVE, WORCESTER, MA, 01655",42.277713052069,-71.759327749279,40100681,L
970,55 LAKE AVE N,DIVISION OF NEUROSURGERY,WORCESTER,MA,01655,1,Census_Geocoder,matched,1,"55 N LAKE AVE, WORCESTER, MA, 01655",42.277713052069,-71.759327749279,40100681,L
971,55 LAKE AVE N,DIVISION OF SURGICAL ONCOLOGY,WORCESTER,MA,01655,1,Census_Geocoder,matched,1,"55 N LAKE AVE, WORCESTER, MA, 01655",42.277713052069,-71.759327749279,40100681,L
972,55 LAKE AVE N,FAMILY MEDICINE,WORCESTER,MA,01655,1,Census_Geocoder,matched,1,"55 N LAKE AVE, WORCESTER, MA, 01655",42.277713052069,-71.759327749279,40100681,L
973,55 LAKE AVE N,GENERAL MEDICINE,WORCESTER,MA,01655,1,Census_Geocoder,matched,1,"55 N LAKE AVE, WORCESTER, MA, 01655",42.277713052069,-71.759327749279,40100681,L
974,55 LAKE AVE N,HEMATOLOGY/ONCOLOGY,WORCESTER,MA,01655,1,Census_Geocoder,matched,1,"55 N LAKE AVE, WORCESTER, MA, 01655",42.277713052069,-71.759327749279,40100681,L
975,55 LAKE AVE N,PEDIATRICS,WORCESTER,MA,01655,1,Census_Geocoder,matched,1,"55 N LAKE AVE, WORCESTER, MA, 01655",42.277713052069,-71.759327749279,40100681,L
976,55 LAKE AVE N,UMASS MED CENTER DEPT OF PHARMACY,WORCESTER,MA,01655,1,Census_Geocoder,matched,1,"55 N LAKE AVE, WORCESTER, MA, 01655",42.277713052069,-71.759327749279,40100681,L
977,55 LAKE AVE N,UMASS MEMORIAL MEDICAL CENTER,WORCESTER,MA,01655,1,Census_Geocoder,matched,1,"55 N LAKE AVE, WORCESTER, MA, 01655",42.277713052069,-71.759327749279,40100681,L
978,55 LAKE AVE N,UMASS MEMORIAL MEDICAL CENTER PSYCHIATRY,WORCESTER,MA,01655,1,Census_Geocoder,matched,1,"55 N LAKE AVE, WORCESTER, MA, 01655",42.277713052069,-71.759327749279,40100681,L
979,55 LAKE AVE N,UMASS MEMORIAL MEDICAL CTR - CANCER CENTER,WORCESTER,MA,01655,1,Census_Geocoder,matched,1,"55 N LAKE AVE, WORCESTER, MA, 01655",42.277713052069,-71.759327749279,40100681,L
980,55 LAKE AVE N,WEIGHT CENTER/GENERAL SURGERY,WORCESTER,MA,01655,1,Census_Geocoder,matched,1,"55 N LAKE AVE, WORCESTER, MA, 01655",42.277713052069,-71.759327749279,40100681,L
981,55 LAKE AVE N,WORCESTER,WORCESTER,MA,01655,1,Census_Geocoder,matched,1,"55 N LAKE AVE, WORCESTER, MA, 01655",42.277713052069,-71.759327749279,40100681,L
982,55 LAKE AVE N,,WORCESTER,MA,01655,92,Census_Geocoder,matched,1,"55 N LAKE AVE, WORCESTER, MA, 01655",42.277713052069,-71.759327749279,40100681,L
983,55 LAKE AVE NORTH,DEPARTMENT OF EMERGENCY MEDICINE,WORCESTER,MA,01655,1,Census_Geocoder,matched,1,"55 N LAKE AVE, WORCESTER, MA, 01655",42.277713052069,-71.759327749279,40100681,L
984,55 LAKE AVE NORTH,UMASS MEMORIAL/RADIOLOGY,WORCESTER,MA,01655,1,Census_Geocoder,matched,1,"55 N LAKE AVE, WORCESTER, MA, 01655",42.277713052069,-71.759327749279,40100681,L
985,55 LAKE AVENUE,,WORCESTER,MA,01655,1,Census_Geocoder,matched,1,"55 N LAKE AVE, WORCESTER, MA, 01655",42.277713052069,-71.759327749279,40100681,L
986,55 LAKE AVENUE NORTH,UMASS MEMORIAL MEDICAL CENTER ADULT MENTAL HEALTH UNIT,WORCESTER,MA,01655,1,Census_Geocoder,matched,1,"55 N LAKE AVE, WORCESTER, MA, 01655",42.277713052069,-71.759327749279,40100681,L
987,55 LAKE AVENUE NORTH,,WORCESTER,MA,01655,1,Census_Geocoder,matched,1,"55 N LAKE AVE, WORCESTER, MA, 01655",42.277713052069,-71.759327749279,40100681,L
988,55 LOCK STREET,DANA BUILDING - 3RD FLOOR,NEW HAVEN,CT,06520,1,Census_Geocoder,matched,1,"55 LOCK ST, NEW HAVEN, CT, 06511",41.31549757891,-72.927954930341,3701096,R
989,55 LOCK STREET,,NEW HAVEN,CT,06520,7,Census_Geocoder,matched,1,"55 LOCK ST, NEW HAVEN, CT, 06511",41.31549757891,-72.927954930341,3701096,R
990,55 WATER ST,12TH FLOOR,NEW YORK,NY,10041,1,Census_Geocoder,matched,1,"55 WATER ST, NEW YORK, NY, 10041",40.703994969681,-74.008995988792,59660704,R
991,55 WATER ST,,NEW YORK,NY,10041,1,Census_Geocoder,matched,1,"55 WATER ST, NEW YORK, NY, 10041",40.703994969681,-74.008995988792,59660704,R
992,550 16TH ST FL HALL5,DEPT ANESTHESIA BOX 3216,SAN FRANCISCO,CA,94143,1,Census_Geocoder,matched,1,"550 16TH ST, SAN FRANCISCO, CA, 94158",37.766929096008,-122.389572437201,642621978,R
993,551 5TH AVE,RM 625,NEW YORK,NY,10176,1,Census_Geocoder,matched,1,"551 5TH AVE, NEW YORK, NY, 10017",40.755690049395,-73.979185335646,59657160,R
994,555 CHEVES STREET,,FLORENCE,SC,29502,1,Census_Geocoder,matched,2,"555 W CHEVES ST, FLORENCE, SC, 29501",34.195152071931,-79.77538700811,28878272,R
995,555 MISSION BAY BLVD S # 452K,,SAN FRANCISCO,CA,94143,1,Census_Geocoder,unmatched,0,,,,,
996,555 MISSION BAY BLVD SOUTH,,SAN FRANCISCO,CA,94143,1,Census_Geocoder,unmatched,0,,,,,
997,555 N DUKE ST,,LANCASTER,PA,17604,1,Census_Geocoder,matched,1,"555 N DUKE ST, LANCASTER, PA, 17602",40.04712170929,-76.305298062033,179662702,R
998,555 NORTH DUKE ST,,LANCASTER,PA,17604,5,Census_Geocoder,matched,1,"555 N DUKE ST, LANCASTER, PA, 17602",40.04712170929,-76.305298062033,179662702,R
999,555 NORTH DUKE STREET,,LANCASTER,PA,17604,2,Census_Geocoder,matched,1,"555 N DUKE ST, LANCASTER, PA, 17602",40.04712170929,-76.305298062033,179662702,R
1000,5600 FISHERS LANE,,ROCKVILLE,MD,20857,1,Census_Geocoder,matched,1,"5600 FISHERS LN, ROCKVILLE, MD, 20852",39.062463290507,-77.111472184171,650928872,L
1002,575 N RIVER ST,WILKES-BARRE GENERAL HOSPITAL,WILKES BARRE,PA,18764,1,Census_Geocoder,matched,1,"575 N RIVER ST, WILKES BARRE, PA, 18702",41.257847256368,-75.868268907992,633720615,R
1003,575 N RIVER ST,,WILKES BARRE,PA,18764,8,Census_Geocoder,matched,1,"575 N RIVER ST, WILKES BARRE, PA, 18702",41.257847256368,-75.868268907992,633720615,R
1004,575 NORTH RIVER ST,,WILKES-BARRE,PA,18764,1,Census_Geocoder,matched,1,"575 N RIVER ST, WILKES BARRE, PA, 18702",41.257847256368,-75.868268907992,633720615,R
1005,575 NORTH RIVER STREET,,WILKES BARRE,PA,18765,1,Census_Geocoder,matched,1,"575 N RIVER ST, WILKES BARRE, PA, 18702",41.257847256368,-75.868268907992,633720615,R
1007,5801 DEFENSE PENTAGON,DTHC PHARMACY SERVICES DTMC PENTAGON,WASHINGTON,DC,20310,1,Census_Geocoder,unmatched,0,,,,,
1008,5802 ARMY PENTAGON,,WASHINGTON,DC,20310,1,Census_Geocoder,unmatched,0,,,,,
1009,5812 YORK RD,,LAHASKA,PA,18931,1,Census_Geocoder,unmatched,0,,,,,
1010,5TH AMBULATORY CARE CTR,2211 LOMAS BLVD NE,ALBUQUERQUE,NM,87131,2,Census_Geocoder,unmatched,0,,,,,
1011,6 EAST CHESTNUT STREET,,AUGUSTA,ME,04333,1,Census_Geocoder,matched,1,"6 E CHESTNUT ST, AUGUSTA, ME, 04330",44.31324643452,-69.767950368864,639478058,L
1012,6 PORTLAND AVE,,GEORGETOWN,CT,06829,1,Census_Geocoder,unmatched,0,,,,,
1013,600 HENLEY ST STE 213,,KNOXVILLE,TN,37996,1,Census_Geocoder,matched,1,"600 HENLEY ST, KNOXVILLE, TN, 37902",35.962534735043,-83.921963071259,42620591,L
1014,600 MARY ST,,EVANSVILLE,IN,47747,7,Census_Geocoder,matched,1,"600 ST MARYS DR, EVANSVILLE, IN, 47714",37.969629373914,-87.505618472642,39786606,L
1015,600 MARY STREET,,EVANSVILLE,IN,47747,5,Census_Geocoder,unmatched,0,,,,,
1016,600 N WOLFE STREET,,BALTIMORE,MD,21264,1,Census_Geocoder,matched,1,"600 N WOLFE ST, BALTIMORE, MD, 21205",39.296923066038,-76.590856781226,638541575,L
1017,601 EAST 14TH STREET,,SEDALIA,MO,65302,1,Census_Geocoder,matched,1,"601 E 14TH ST, SEDALIA, MO, 65301",38.699120201246,-93.222662782998,54716200,R
1018,601 GREGG AVENUE,CIRCLE PARK BEHAVIORAL HEALTH SERVICES,FLORENCE,SC,29502,1,Census_Geocoder,matched,1,"601 GREGG AVE, FLORENCE, SC, 29501",34.194556945062,-79.776943553662,28878223,R
1019,601 N CAROLINE ST,JHOC 5215,BALTIMORE,MD,21278,1,Census_Geocoder,matched,1,"601 N CAROLINE ST, BALTIMORE, MD, 21205",39.296679519554,-76.597421102495,206465573,R
1020,601 SEDWIN C MOSES,EAST PLAZA SUITE 3-I,DAYTON,OH,45408,1,Census_Geocoder,matched,1,"601 S EDWIN C MOSES BLVD, DAYTON, OH, 45417",39.749338324455,-84.199287979863,143603983,R
1021,601 W 2ND ST,4TH FLOOR,BLOOMINGTON,IN,47402,1,Census_Geocoder,matched,1,"601 W 2ND ST, BLOOMINGTON, IN, 47403",39.161348941354,-86.540105229844,639502263,L
1022,601 WEST SECOND STREET,,BLOOMINGTON,IN,47402,2,Census_Geocoder,matched,1,"601 W 2ND ST, BLOOMINGTON, IN, 47403",39.161348941354,-86.540105229844,639502263,L
1023,602 INDIANA AVENUE,SOUTHWEST CANCER CENTER,LUBBOCK,TX,79408,1,Census_Geocoder,matched,1,"602 INDIANA AVE, LUBBOCK, TX, 79415",33.590822271472,-101.88805195827,654011963,R
1024,605 S WEST ST,,ARLINGTON,TX,76019,1,Census_Geocoder,matched,1,"605 S WEST ST, ARLINGTON, TX, 76010",32.731039651404,-97.110948383284,101908004,L
1025,6060 PIEDMONT ROW DR S FL 10,,CHARLOTTE,NC,28287,1,Census_Geocoder,matched,1,"6060 PIEDMONT ROW S, CHARLOTTE, NC, 28210",35.150019771381,-80.840008310309,645592732,R
1026,613 SCAIFE HALL,3550 TERRACE STREET,PITTSBURGH,PA,15261,1,Census_Geocoder,unmatched,0,,,,,
1027,614 HOWARD STREET,ASU,BOONE,NC,28608,1,Census_Geocoder,matched,1,"614 HOWARD ST, BOONE, NC, 28608",36.215703936312,-81.678782627298,638840483,L
1028,614 HOWARD STREET,BOX 32070,BOONE,NC,28608,1,Census_Geocoder,matched,1,"614 HOWARD ST, BOONE, NC, 28608",36.215703936312,-81.678782627298,638840483,L
1036,619 19TH STREET SOUTH,,BIRMINGHAM,AL,35255,1,Census_Geocoder,matched,2,"619 19TH ST S, BIRMINGHAM, AL, 35210",33.533530818432,-86.704764193701,81587902,L
1037,620 DIERS AVE,,GRAND ISLAND,NE,68802,1,Census_Geocoder,matched,1,"620 DIERS AVE, GRAND ISLAND, NE, 68803",40.923196698105,-98.384644736727,196264166,R
1038,624 TWIN RIDGE,,EVANSTON,WY,82931,1,Census_Geocoder,matched,1,"624 TWIN RIDGE AVE, EVANSTON, WY, 82930",41.251197874628,-110.97436358288,160272909,R
1039,624 VILLAGE RD,SUITE 1A,SHALLOTE,NC,28459,1,Census_Geocoder,matched,1,"624 VILLAGE RD SW, SHALLOTTE, NC, 28470",33.958349877366,-78.399218803616,153137878,L
1040,625 E BROADWAY,,JACKSON,WY,83002,1,Census_Geocoder,matched,1,"625 E BROADWAY AVE, JACKSON, WY, 83001",43.47974627978,-110.750194233325,130414052,R
1041,62647 COLLECTION CENTER DR,,CHICAGO,IL,60693,1,Census_Geocoder,unmatched,0,,,,,
1042,627 EDWIN C MOSES BLVD,EAST MEDICAL PLAZA,DAYTON,OH,45408,3,Census_Geocoder,matched,1,"627 S EDWIN C MOSES BLVD, DAYTON, OH, 45417",39.74875991549,-84.198630452693,143621778,R
1043,633 E COTTONWOOD LN,STE B,CASA GRANDE,AZ,85222,1,Census_Geocoder,matched,1,"633 E COTTONWOOD LN, CASA GRANDE, AZ, 85122",32.894080538357,-111.745722083858,129372518,L
1044,64 ROBBINS ST,SUITE 7004,WATERBURY,CT,06721,1,Census_Geocoder,matched,1,"64 ROBBINS ST, WATERBURY, CT, 06708",41.558132486447,-73.060106767309,658284865,R
1045,6473 KINGSTON PIKE,,KNOXVILLE,TN,75320,1,Census_Geocoder,matched,1,"6473 KINGSTON PIKE, KNOXVILLE, TN, 37919",35.931849706042,-84.010066336228,635414129,R
1046,65 MARIO CAPECCHI DR,,SALT LAKE CITY,UT,84132,2,Census_Geocoder,unmatched,0,,,,,
1047,656 A-B S MAIN ST,,BAXLEY,GA,31515,1,Census_Geocoder,matched,1,"656 S MAIN ST, BAXLEY, GA, 31513",31.769347492131,-82.3524802482,624971240,L
1048,6601ROCKHILL ROAD,,KANSAS CITY,MO,64180,1,Census_Geocoder,matched,1,"6601 ROCKHILL RD, KANSAS CITY, MO, 64131",39.008162291357,-94.577518351949,91454786,L
1049,6606 LYNDON B JOHNSON FWY STE 200,,DALLAS,TX,75284,1,Census_Geocoder,matched,1,"6606 LYNDON B JOHNSON FWY, DALLAS, TX, 75240",32.924431699573,-96.791726211492,102900839,R
1050,6630 SO MCCARRAN BLVD,A-6,RENO,NV,89059,1,Census_Geocoder,matched,1,"6630 S MCCARRAN BLVD, RENO, NV, 89509",39.476661433813,-119.801428003501,611724169,R
1051,6654 OLD TURNPIKE RD,SUITE 1,VICKSBURG,PA,17883,1,Census_Geocoder,unmatched,0,,,,,
1052,6825 16TH ST NW,BLDG #54 RM 3055,WASHINGTON,DC,20306,1,Census_Geocoder,matched,1,"6825 16TH ST NW, WASHINGTON, DC, 20012",38.972507819728,-77.0362970038,76221589,R
1053,6825 16TH ST NW,,WASHINGTON,DC,20306,17,Census_Geocoder,matched,1,"6825 16TH ST NW, WASHINGTON, DC, 20012",38.972507819728,-77.0362970038,76221589,R
1054,6825 16TH STNW,,WASHINGTON,DC,20306,1,Census_Geocoder,unmatched,0,,,,,
1055,6825 16TH STREET NW,,WASHINGTON,DC,20306,2,Census_Geocoder,matched,1,"6825 16TH ST NW, WASHINGTON, DC, 20012",38.972507819728,-77.0362970038,76221589,R
1056,685 GOOD DR,,LANCASTER,PA,17604,1,Census_Geocoder,matched,1,"685 GOOD DR, LANCASTER, PA, 17601",40.06498661032,-76.348658753906,179732724,R
1057,69 DOGWOOD AVENUE,,MOUNTAIN HOME,TN,37684,1,Census_Geocoder,matched,1,"69 DOGWOOD AVE, MOUNTAIN HOME, TN, 37684",36.30714153145,-82.379472918569,127944464,L
1058,6900 GEORGIA AVE,,WASHINGTON,DC,20407,1,Census_Geocoder,matched,1,"6900 GEORGIA AVE NW, WASHINGTON, DC, 20012",38.975877329852,-77.026726607995,76221739,L
1059,6900 NORTH PECOS ROAD,,LAS VEGAS,NV,89068,1,Census_Geocoder,matched,1,"6900 N PECOS RD, NORTH LAS VEGAS, NV, 89086",36.288521618973,-115.098488071149,613020875,L
1060,694 S ELLIOT AVE,,CASA GRANDE,AZ,85222,1,Census_Geocoder,matched,1,"694 S ELLIOT AVE, CASA GRANDE, AZ, 85122",32.869521230177,-111.75301587419,129285681,R
1061,6TH & BOSTON,BOX 43021,LUBBOCK,TX,79409,1,Census_Geocoder,unmatched,0,,,,,
1062,6TH AND SPRUCE STS,,WEST READING,PA,19612,1,Census_Geocoder,matched,1,"S 6TH AVE & SPRUCE ST, WEST READING, PA, 19611",40.332402888682,-75.949994456476,,
1063,6TH AVE AND SPRUCE ST,,READING,PA,19612,1,Census_Geocoder,matched,1,"S 6TH AVE & SPRUCE ST, READING, PA, 19611",40.332402888682,-75.949994456476,,
1064,7 SALT CREEK LN,STE 206,HINSDALE,IL,60821,1,Census_Geocoder,matched,1,"7 SALT CREEK LN, HINSDALE, IL, 60521",41.819820979418,-87.92171922115,112679372,R
1065,70 TOWER PARKWAY,YALE UNIVERSITY ATHLETICS,NEW HAVEN,CT,06520,1,Census_Geocoder,matched,1,"70 TOWER PKWY, NEW HAVEN, CT, 06511",41.313310533312,-72.931164953549,3701082,L
1066,700 WESTOVER DR,,SANFORD,NC,27331,2,Census_Geocoder,matched,1,"700 WESTOVER DR, SANFORD, NC, 27330",35.458788279665,-79.209515978639,655934329,L
1067,7000 COLLAMER RD,,EAST SYRACUSE,NY,13507,1,Census_Geocoder,matched,1,"7000 COLLAMER RD, EAST SYRACUSE, NY, 13057",43.109047479296,-76.03802133745,46575206,R
1068,7001 HWY 614,,HURLEY,MS,39555,1,Census_Geocoder,unmatched,0,,,,,
1069,701 N 1ST ST,ADULT PSYCHIATRY,SPRINGFIELD,IL,62781,1,Census_Geocoder,matched,1,"701 N 1ST ST, SPRINGFIELD, IL, 62781",39.808626060166,-89.654723423885,640035722,L
1070,701 N 1ST ST,D235,SPRINGFIELD,IL,62781,1,Census_Geocoder,matched,1,"701 N 1ST ST, SPRINGFIELD, IL, 62781",39.808626060166,-89.654723423885,640035722,L
1071,701 N 1ST ST,,SPRINGFIELD,IL,62781,38,Census_Geocoder,matched,1,"701 N 1ST ST, SPRINGFIELD, IL, 62781",39.808626060166,-89.654723423885,640035722,L
1072,701 N FIRST STREET,,SPRINGFIELD,IL,62794,1,Census_Geocoder,matched,1,"701 N 1ST ST, SPRINGFIELD, IL, 62781",39.808626060166,-89.654723423885,640035722,L
1073,701 N IST ST,,SPRINGFIELD,IL,62781,1,Census_Geocoder,unmatched,0,,,,,
1074,702 SW 8TH STREET,,BENTONVILLE,AR,72716,1,Census_Geocoder,matched,1,"702 SW 8TH ST, BENTONVILLE, AR, 72712",36.364327633683,-94.216643749717,47848984,R
1075,705 NORTH FRASER ST,,GEORGETOWN,SC,29442,1,Census_Geocoder,matched,1,"705 N FRASER ST, GEORGETOWN, SC, 29440",33.380378034947,-79.287606098552,28961070,L
1076,707 PARNASSUS AVE,,SAN FRANCISCO,CA,94143,1,Census_Geocoder,matched,1,"707 PARNASSUS AVE, SAN FRANCISCO, CA, 94143",37.762541404077,-122.460948637336,192282056,L
1077,707 S EDWIN C MOSES BLVD,,DAYTON,OH,45408,3,Census_Geocoder,matched,1,"707 S EDWIN C MOSES BLVD, DAYTON, OH, 45417",39.746208911906,-84.196609777652,143621779,R
1078,707 SOUTH EDWIN C MOSES BLVD,,DAYTON,OH,45408,1,Census_Geocoder,matched,1,"707 S EDWIN C MOSES BLVD, DAYTON, OH, 45417",39.746208911906,-84.196609777652,143621779,R
1079,710 CENTER STREET BOX 7B,,COLUMBUS,GA,31902,1,Census_Geocoder,matched,1,"710 CENTER ST, COLUMBUS, GA, 31901",32.481333166278,-84.983088673957,98937744,R
1080,714 CEDAR STREET,,HELENA,MT,59604,1,Census_Geocoder,matched,1,"714 CEDAR ST, HELENA, MT, 59601",46.60671683196,-112.028251932286,640602505,R
1081,7145 PERKINS ROAD,,BATON ROUGE,LA,78080,1,Census_Geocoder,matched,1,"7145 PERKINS RD, BATON ROUGE, LA, 70808",30.398363014077,-91.114689139838,635749894,L
1082,7273 LINDERSON WAY SW,,OLYMPIA,WA,98504,1,Census_Geocoder,matched,1,"7273 LINDERSON WAY SW, OLYMPIA, WA, 98501",46.982673453927,-122.91836793628,651720306,L
1084,73 REMITTANCE DR,SUITE 1951,CHICAGO,IL,60675,1,Census_Geocoder,unmatched,0,,,,,
1085,730 S MAIN ST,,WILKES BARRE,PA,18711,1,Census_Geocoder,matched,1,"730 S MAIN ST, WILKES BARRE, PA, 18702",41.233836257677,-75.903305315568,80914304,L
1086,7300 N PERIMETER RD,,MALMSTROM AFB,MT,59402,2,Census_Geocoder,unmatched,0,,,,,
1087,7300 NORTH PERIMETER RD,,MALMSTROM AFB,MT,59402,1,Census_Geocoder,unmatched,0,,,,,
1089,736 W INGOMAR RD UNIT 744,,INGOMAR,PA,15127,1,Census_Geocoder,unmatched,0,,,,,
1090,737 BROADWAY,,FARGO,ND,58122,3,Census_Geocoder,matched,1,"737 BROADWAY, FARGO, ND, 58102",46.883681758995,-96.78767361379,639639603,R
1091,737 BROADWAY N,,FARGO,ND,58122,4,Census_Geocoder,matched,1,"737 BROADWAY, FARGO, ND, 58102",46.883681758995,-96.78767361379,639639603,R
1092,7410 DELAWARE LN,SEA-MAR COMMUNITY HEALTH CENTER,VANCOUVAR,WA,91664,1,Census_Geocoder,unmatched,0,,,,,
1093,75 REMITTANCE DR,SUITE 1951,CHICAGO,IL,60675,8,Census_Geocoder,unmatched,0,,,,,
1094,75 REMITTANCE DR,,CHICAGO,IL,60675,1,Census_Geocoder,unmatched,0,,,,,
1095,750 BRUNSWICK AVE,,TRENTON,NJ,19178,1,Census_Geocoder,matched,1,"750 BRUNSWICK AVE, TRENTON, NJ, 08638",40.235748401673,-74.752830133515,60197109,R
1096,7600 CENTRAL AVENUE - JEANES,SUITE A,PHILADELPHIA,PA,11911,1,Census_Geocoder,matched,1,"7600 CENTRAL AVE, PHILADELPHIA, PA, 19111",40.069424653981,-75.086288290443,131414760,L
1097,770 SUMNEYTOWN PIKE,WP39-250,WEST POINT,PA,19486,1,Census_Geocoder,unmatched,0,,,,,
1098,7838 JAY STREET,,PULTNEYVILLE,NY,14538,1,Census_Geocoder,unmatched,0,,,,,
1099,8 TH AVENUE AND C ST,,SALT LAKE CITY,UT,84143,1,Census_Geocoder,matched,1,"8TH AVE & C ST, SALT LAKE CITY, UT, 84103",40.778507960008,-111.880554263996,,
1100,80 JESSIE HILL JR DR,,ATLANTA,GA,30335,1,Census_Geocoder,matched,2,"80 JESSE HILL JR DR, ATLANTA, GA, 30303",33.754210807515,-84.380395399389,17344697,L
1101,80 SEYMOUR ST,EMERGENCY DEPT HARTFORD HOSPITAL,HARTFORD,CT,06102,1,Census_Geocoder,matched,1,"80 SEYMOUR ST, HARTFORD, CT, 06106",41.753898285654,-72.680679557458,639475918,R
1102,80 SEYMOUR ST,HARTFORD HOSPITAL NEUROLOGY DEPT,HARTFORD,CT,06102,1,Census_Geocoder,matched,1,"80 SEYMOUR ST, HARTFORD, CT, 06106",41.753898285654,-72.680679557458,639475918,R
1103,80 SEYMOUR ST,HARTFORD HOSPITAL THE GRAY CANCER CENTER,HARTFORD,CT,06102,1,Census_Geocoder,matched,1,"80 SEYMOUR ST, HARTFORD, CT, 06106",41.753898285654,-72.680679557458,639475918,R
1104,80 SEYMOUR ST,HARTFORD HOSPITAL TRAUMA DEPT,HARTFORD,CT,06102,1,Census_Geocoder,matched,1,"80 SEYMOUR ST, HARTFORD, CT, 06106",41.753898285654,-72.680679557458,639475918,R
1105,80 SEYMOUR ST,HARTFORD HOSPITAL TRAUMA PROGRAM,HARTFORD,CT,06102,1,Census_Geocoder,matched,1,"80 SEYMOUR ST, HARTFORD, CT, 06106",41.753898285654,-72.680679557458,639475918,R
1106,80 SEYMOUR ST,SUITE 502,HARTFORD,CT,06102,1,Census_Geocoder,matched,1,"80 SEYMOUR ST, HARTFORD, CT, 06106",41.753898285654,-72.680679557458,639475918,R
1107,80 SEYMOUR ST,,HARTFORD,CT,06102,7,Census_Geocoder,matched,1,"80 SEYMOUR ST, HARTFORD, CT, 06106",41.753898285654,-72.680679557458,639475918,R
1108,80 SEYMOUR STREET,DEPARTMENT OF EMERGENCY MEDICINE,HARTFORD,CT,06102,1,Census_Geocoder,matched,1,"80 SEYMOUR ST, HARTFORD, CT, 06106",41.753898285654,-72.680679557458,639475918,R
1109,80 SEYMOUR STREET,EMERGENCY DEPT,HARTFORD,CT,06102,1,Census_Geocoder,matched,1,"80 SEYMOUR ST, HARTFORD, CT, 06106",41.753898285654,-72.680679557458,639475918,R
1110,80 SEYMOUR STREET,HARTFORD HOSPITAL CARDIOLOGY DEPT,HARTFORD,CT,06102,2,Census_Geocoder,matched,1,"80 SEYMOUR ST, HARTFORD, CT, 06106",41.753898285654,-72.680679557458,639475918,R
1111,80 SEYMOUR STREET,HARTFORD HOSPITAL CRITICAL CARE MEDICINE,HARTFORD,CT,06102,1,Census_Geocoder,matched,1,"80 SEYMOUR ST, HARTFORD, CT, 06106",41.753898285654,-72.680679557458,639475918,R
1112,80 SEYMOUR STREET,HARTFORD HOSPITAL EMERGENCY MEDICINE,HARTFORD,CT,06102,3,Census_Geocoder,matched,1,"80 SEYMOUR ST, HARTFORD, CT, 06106",41.753898285654,-72.680679557458,639475918,R
1113,80 SEYMOUR STREET,HARTFORD HOSPITAL GERIATRIC DEPT,HARTFORD,CT,06102,1,Census_Geocoder,matched,1,"80 SEYMOUR ST, HARTFORD, CT, 06106",41.753898285654,-72.680679557458,639475918,R
1114,80 SEYMOUR STREET,HARTFORD HOSPITAL GERIATRICS PROGRAM,HARTFORD,CT,06102,1,Census_Geocoder,matched,1,"80 SEYMOUR ST, HARTFORD, CT, 06106",41.753898285654,-72.680679557458,639475918,R
1115,80 SEYMOUR STREET,HARTFORD HOSPITAL MATERNAL FETAL MEDICINE,HARTFORD,CT,06012,1,Census_Geocoder,matched,1,"80 SEYMOUR ST, HARTFORD, CT, 06106",41.753898285654,-72.680679557458,639475918,R
1116,80 SEYMOUR STREET,HARTFORD HOSPITAL MEDICINE DEPT,HARTFORD,CT,06102,3,Census_Geocoder,matched,1,"80 SEYMOUR ST, HARTFORD, CT, 06106",41.753898285654,-72.680679557458,639475918,R
1117,80 SEYMOUR STREET,HARTFORD HOSPITAL NEUROSURGERY DEPT,HARTFORD,CT,06102,1,Census_Geocoder,matched,1,"80 SEYMOUR ST, HARTFORD, CT, 06106",41.753898285654,-72.680679557458,639475918,R
1118,80 SEYMOUR STREET,HARTFORD HOSPITAL OB/GYN DEPT,HARTFORD,CT,06102,2,Census_Geocoder,matched,1,"80 SEYMOUR ST, HARTFORD, CT, 06106",41.753898285654,-72.680679557458,639475918,R
1119,80 SEYMOUR STREET,HARTFORD HOSPITAL ORTHOPEDIC SERVICES,HARTFORD,CT,06102,1,Census_Geocoder,matched,1,"80 SEYMOUR ST, HARTFORD, CT, 06106",41.753898285654,-72.680679557458,639475918,R
1120,80 SEYMOUR STREET,HARTFORD HOSPITAL PSYCHIATRY DEPT,HARTFORD,CT,06102,1,Census_Geocoder,matched,1,"80 SEYMOUR ST, HARTFORD, CT, 06106",41.753898285654,-72.680679557458,639475918,R
1121,80 SEYMOUR STREET,HARTFORD HOSPITAL REHAB DEPT,HARTFORD,CT,06102,1,Census_Geocoder,matched,1,"80 SEYMOUR ST, HARTFORD, CT, 06106",41.753898285654,-72.680679557458,639475918,R
1122,80 SEYMOUR STREET,HARTFORD HOSPITAL SURGERY DEPT,HARTFORD,CT,06102,1,Census_Geocoder,matched,1,"80 SEYMOUR ST, HARTFORD, CT, 06106",41.753898285654,-72.680679557458,639475918,R
1123,80 SEYMOUR STREET,,HARTFORD,CT,06141,1,Census_Geocoder,matched,1,"80 SEYMOUR ST, HARTFORD, CT, 06106",41.753898285654,-72.680679557458,639475918,R
1124,800 E CARPENTER ST,,SPRINGFIELD,IL,62769,4,Census_Geocoder,matched,1,"800 E CARPENTER ST, SPRINGFIELD, IL, 62769",39.807214322163,-89.644792779866,97325201,R
1125,800 EAST CARPENTER,,SPRINGFIELD,IL,62769,4,Census_Geocoder,matched,1,"800 E CARPENTER ST, SPRINGFIELD, IL, 62769",39.807214322163,-89.644792779866,97325201,R
1126,800 EAST CARPENTER STREET,ROOM 2K64,SPRINGFIELD,IL,62769,1,Census_Geocoder,matched,1,"800 E CARPENTER ST, SPRINGFIELD, IL, 62769",39.807214322163,-89.644792779866,97325201,R
1127,800 EAST CARPENTER STREET,,SPRINGFIELD,IL,62769,1,Census_Geocoder,matched,1,"800 E CARPENTER ST, SPRINGFIELD, IL, 62769",39.807214322163,-89.644792779866,97325201,R
1128,800 HOWARD AVENUE #318,,NEW HAVEN,CT,06520,1,Census_Geocoder,matched,1,"800 HOWARD AVE, NEW HAVEN, CT, 06519",41.30313934069,-72.936416858934,3700547,L
1129,800 ROSE STREET,,LEXINGTON,KY,40535,1,Census_Geocoder,matched,1,"800 ROSE ST, LEXINGTON, KY, 40536",38.032831817334,-84.506721276415,618018847,L
1130,801 BROADWAY N,,FARGO,ND,58122,1,Census_Geocoder,matched,1,"801 BROADWAY, FARGO, ND, 58102",46.884668069131,-96.787717271622,619610799,R
1131,803 N SALK DR,,CASA GRANDE,AZ,85222,2,Census_Geocoder,matched,1,"803 N SALK DR, CASA GRANDE, AZ, 85122",32.879664626702,-111.707832577245,657416197,R
1132,8031 CAMPUS DELIVERY,COLORADO STATE UNIVERSITY,FORT COLLINS,CO,80523,1,Census_Geocoder,unmatched,0,,,,,
1133,8040 PRINCETON-GLENDALE RD,,WEST CHESTER,OH,45060,1,Census_Geocoder,matched,1,"8040 PRINCETON GLENDALE RD, WEST CHESTER, OH, 45069",39.357564546463,-84.4608749507,651469538,L
1134,809 LAMONT ST,,MOUNTAIN HOME,TN,37684,1,Census_Geocoder,unmatched,0,,,,,
1135,81 DS KEESLER AFB,,BILOXI,MS,39524,1,Census_Geocoder,unmatched,0,,,,,
1136,810 CHURCH STREET,,GREENEVILLE,TN,37744,1,Census_Geocoder,matched,1,"810 CHURCH ST, GREENEVILLE, TN, 37745",36.330781281305,-82.83454491485,127748856,L
1137,810 VERMONT AVE NW,,WASHINGTON,DC,20420,2,Census_Geocoder,matched,1,"810 VERMONT AVE NW, WASHINGTON, DC, 20005",38.900384885767,-77.035107337571,76225753,L
1138,810 VERMONT AVE NW RM 667,,WASHINGTON,DC,20420,1,Census_Geocoder,matched,1,"810 VERMONT AVE NW, WASHINGTON, DC, 20005",38.900384885767,-77.035107337571,76225753,L
1139,8100 34TH AVE S,PHYSICIAN SERVICES,MINNEAPOLIS,MN,55440,1,Census_Geocoder,matched,1,"8100 34TH AVE N, MINNEAPOLIS, MN, 55427",45.01817578814,-93.383241749639,43830747,R
1140,8100 34TH AVENUE S,ATTN PHYSICIAN SERVICES,MINNEAPOLIS,MN,55440,1,Census_Geocoder,matched,1,"8100 34TH AVE N, MINNEAPOLIS, MN, 55427",45.01817578814,-93.383241749639,43830747,R
1141,8170 33RD AVE S,MAIL STOP 21110Q,MINNEAPOLIS,MN,55440,1,Census_Geocoder,matched,1,"8170 33RD AVE S, MINNEAPOLIS, MN, 55425",44.85604789025,-93.225539814307,616711387,L
1142,8170 33RD AVE S MS 21110Q,HEALTHPARTNERS FLOATING CLINIC C/O PHYSICIAN SERVICES,MINNEAPOLIS,MN,55440,1,Census_Geocoder,matched,1,"8170 33RD AVE S, MINNEAPOLIS, MN, 55425",44.85604789025,-93.225539814307,616711387,L
1143,820 4TH ST N,,FARGO,ND,58122,1,Census_Geocoder,matched,1,"820 4TH ST N, FARGO, ND, 58102",46.884813996904,-96.784787795362,636292472,L
1144,825 NICOLLET AVE,STE 1131,MINNEAPOLIS,MN,54402,1,Census_Geocoder,matched,1,"825 NICOLLET AVE, MINNEAPOLIS, MN, 55402",44.975586043811,-93.273228696933,43632325,L
1145,825 NORTH CHANCERY ST,,MCMINVILLE,TN,37111,2,Census_Geocoder,matched,1,"825 N CHANCERY ST, MC MINNVILLE, TN, 37110",35.696819395333,-85.783380878414,81344482,L
1146,8301 WISCONSIN AVE,,BETHESDA,MD,20810,1,Census_Geocoder,matched,1,"8301 WISCONSIN AVE, BETHESDA, MD, 20814",38.992808538155,-77.095927810191,62065519,R
1147,84 W SOUTH ST,,WILKES BARRE,PA,18766,1,Census_Geocoder,matched,1,"84 W SOUTH ST, WILKES BARRE, PA, 18701",41.244347865445,-75.889920075055,639345425,L
1148,8495 S POWER RD,STE 103,QUEEN CREEK,AZ,85242,1,Census_Geocoder,unmatched,0,,,,,
1149,850 76TH ST SW,MAILCODE: GR761120,GRAND RAPIDS,MI,49518,1,Census_Geocoder,unmatched,0,,,,,
1150,850 S IRONWOOD DR,STE 104,APACHE JUNCTION,AZ,85220,1,Census_Geocoder,matched,1,"850 S IRONWOOD DR, APACHE JUNCTION, AZ, 85120",33.407333005644,-111.563394436088,129201646,R
1151,854 CONCORD ROAD,,CONCORDVILLE,PA,19331,1,Census_Geocoder,unmatched,0,,,,,
1152,8549 MONTGOMERY ROAD,,CINCINNATI,OH,45263,1,Census_Geocoder,matched,1,"8549 MONTGOMERY RD, CINCINNATI, OH, 45236",39.210514838822,-84.363466064096,656487490,L
1156,86 S COBB DR SE,MAIL DROP 0454,MARIETTA,GA,30063,1,Census_Geocoder,unmatched,0,,,,,
1157,865 N ARIZOLA RD,,CASA GRANDE,AZ,85222,2,Census_Geocoder,matched,1,"865 N ARIZOLA RD, CASA GRANDE, AZ, 85122",32.882254466662,-111.714203921873,657334758,L
1158,8690 RELIABLE,,CHICAGO,IL,60686,1,Census_Geocoder,unmatched,0,,,,,
1159,8700 BEVERLY BLVD,,LOS ANGELES,CA,90051,2,Census_Geocoder,matched,1,"8700 W BEVERLY BLVD, LOS ANGELES, CA, 90048",34.076790853421,-118.381790961414,241239519,L
1160,8716 EASTON ROAD,,REVERE,PA,18953,1,Census_Geocoder,unmatched,0,,,,,
1161,875 UNION AVE,SUITE N228,MEMPHIS,TN,38163,1,Census_Geocoder,matched,1,"875 UNION AVE, MEMPHIS, TN, 38103",35.138389769956,-90.032546762672,638464016,R
1162,8813 CHAFFEE RD,,BRUNSWICK,TN,38014,1,Census_Geocoder,unmatched,0,,,,,
1163,885 SW 109 AVE,ROOM 130,MIAMI,FL,33199,1,Census_Geocoder,unmatched,0,,,,,
1164,885 SW 109 AVE STE 131,#113,MIAMI,FL,33199,1,Census_Geocoder,unmatched,0,,,,,
1165,8902 N MERIDIAN STREET,SUITE 230,INDIANAPOLIS,IN,40260,1,Census_Geocoder,matched,1,"8902 N MERIDIAN ST, INDIANAPOLIS, IN, 46260",39.917296511916,-86.158005189608,108028839,L
1166,8956 RELIABLE PARKWAY,,CHICAGO,IL,60686,1,Census_Geocoder,unmatched,0,,,,,
1167,8TH AVE & C ST,LDS HOSPITAL,SALT LAKE CITY,UT,84143,1,Census_Geocoder,matched,1,"8TH AVE & C ST, SALT LAKE CITY, UT, 84103",40.778507960008,-111.880554263996,,
1168,8TH AVENUE & C STREET,,SALT LAKE CITY,UT,84143,1,Census_Geocoder,matched,1,"8TH AVE & C ST, SALT LAKE CITY, UT, 84103",40.778507960008,-111.880554263996,,
1169,8TH AVENUE AND C STREET,LDS HOSPITAL,SALT LAKE CITY,UT,84143,1,Census_Geocoder,matched,1,"8TH AVE & C ST, SALT LAKE CITY, UT, 84103",40.778507960008,-111.880554263996,,
1170,8TH AVENUE AND C STREET,,SALT LAKE CITY,UT,84143,1,Census_Geocoder,matched,1,"8TH AVE & C ST, SALT LAKE CITY, UT, 84103",40.778507960008,-111.880554263996,,
1171,9 ASBURY ROAD,STE 201A,ENKA,NC,28728,1,Census_Geocoder,unmatched,0,,,,,
1172,9 LA CRUE AVE,,CONCORDVILLE,PA,19331,1,Census_Geocoder,unmatched,0,,,,,
1173,900 E FLORENCE BLVD,STE H,CASA GRANDE,AZ,85222,1,Census_Geocoder,matched,1,"900 E FLORENCE BLVD, CASA GRANDE, AZ, 85122",32.879608240244,-111.743173862916,657333056,R
1174,900 S VETERANS DR,,TACOMA,WA,98493,1,Census_Geocoder,unmatched,0,,,,,
1175,9040 A FITZSIMMONS AVE,,TACOMA,WA,98431,1,Census_Geocoder,matched,1,"9040 FITZSIMMONS DR, TACOMA, WA, 98433",47.106173505494,-122.551901081345,184743169,L
1176,9040 A JACKSON AVE,,TACOMA,WA,98431,1,Census_Geocoder,matched,1,"9040 JACKSON AVE, TACOMA, WA, 98433",47.100659681291,-122.559067213408,184715851,L
1177,9040 A REID ST,,TACOMA,WA,98431,1,Census_Geocoder,unmatched,0,,,,,
1178,9040 A REID STREET,MADIGAN ARMY MEDICAL CENTER ATTN: MCHJ- QCR,TACOMA,WA,98431,1,Census_Geocoder,unmatched,0,,,,,
1179,9040 FITZSIMMONS DR,,JOINT BASE LEWIS MCCHORD,WA,98431,1,Census_Geocoder,matched,1,"9040 FITZSIMMONS DR, JOINT BASE LEWIS MCCHORD, WA, 98433",47.106173505494,-122.551901081345,184743169,L
1180,9040 FITZSIMMONS DR,,TACOMA,WA,98431,2,Census_Geocoder,matched,1,"9040 FITZSIMMONS DR, TACOMA, WA, 98433",47.106173505494,-122.551901081345,184743169,L
1181,9040 JACKSON AVE,MADIGAN ARMY MEDICAL CENTER,TACOMA,WA,98431,1,Census_Geocoder,matched,1,"9040 JACKSON AVE, TACOMA, WA, 98433",47.100659681291,-122.559067213408,184715851,L
1182,9040 JACKSON AVE,,JOINT BASE LEWIS MCCHORD,WA,98431,1,Census_Geocoder,matched,1,"9040 JACKSON AVE, JOINT BASE LEWIS MCCHORD, WA, 98433",47.100659681291,-122.559067213408,184715851,L
1183,9040 JACKSON AVE,,TACOMA,WA,98431,30,Census_Geocoder,matched,1,"9040 JACKSON AVE, TACOMA, WA, 98433",47.100659681291,-122.559067213408,184715851,L
1184,9040 JACKSON AVE,,TACOMA,WA,98481,1,Census_Geocoder,matched,1,"9040 JACKSON AVE, TACOMA, WA, 98433",47.100659681291,-122.559067213408,184715851,L
1185,9040 JACKSON AVE DEPT OF PEDIATRICS,,TACOMA,WA,98431,1,Census_Geocoder,matched,1,"9040 JACKSON AVE, TACOMA, WA, 98433",47.100659681291,-122.559067213408,184715851,L
1186,9040 JACKSON AVE MADIGAN ARMY MEDICAL CENTER,,TACOMA,WA,98431,2,Census_Geocoder,matched,1,"9040 JACKSON AVE, TACOMA, WA, 98433",47.100659681291,-122.559067213408,184715851,L
1187,9040 JACKSON AVE MCHJ-QSD-C CREDENTIALS OFFICE,,TACOMA,WA,98431,1,Census_Geocoder,matched,1,"9040 JACKSON AVE, TACOMA, WA, 98433",47.100659681291,-122.559067213408,184715851,L
1188,9040 JACKSON AVENUE,,TACOMA,WA,98431,5,Census_Geocoder,matched,1,"9040 JACKSON AVE, TACOMA, WA, 98433",47.100659681291,-122.559067213408,184715851,L
1189,9040 JACKSON DRIVE,,TACOMA,WA,98431,1,Census_Geocoder,matched,1,"9040 JACKSON AVE, TACOMA, WA, 98433",47.100659681291,-122.559067213408,184715851,L
1190,9040 READ ST,MADIGAN ARMY MEDICAL CENTER ATTN: MCHJ-QCR,TACOMA,WA,98431,1,Census_Geocoder,unmatched,0,,,,,
1191,9040 REID ST,ATTN MCHJ-QCR,TACOMA,WA,98431,1,Census_Geocoder,unmatched,0,,,,,
1192,9040 REID ST,,JOINT BASE LEWIS MCCHORD,WA,98431,1,Census_Geocoder,unmatched,0,,,,,
1193,9040 REID ST,,TACOMA,WA,98431,1,Census_Geocoder,unmatched,0,,,,,
1194,9040 REID ST # A,,JOINT BASE LEWIS MCCHORD,WA,98431,1,Census_Geocoder,unmatched,0,,,,,
1196,9040-A FITZSIMMONS AVE,,TACOMA,WA,98431,1,Census_Geocoder,matched,1,"9040 FITZSIMMONS DR, TACOMA, WA, 98433",47.106173505494,-122.551901081345,184743169,L
1197,9040A FITZSIMMON AVE,,TACOMA,WA,98431,1,Census_Geocoder,unmatched,0,,,,,
1198,9040A FITZSIMMONS DRIVE,,TACOMA,WA,98431,1,Census_Geocoder,matched,1,"9040A FITZSIMMONS DR, TACOMA, WA, 98433",47.106173505494,-122.551901081345,184743169,L
1199,9040A JACKSON AVE,,JOINT BASE LEWIS MCCHORD,WA,98431,1,Census_Geocoder,matched,1,"9040A JACKSON AVE, JOINT BASE LEWIS MCCHORD, WA, 98433",47.100659681291,-122.559067213408,184715851,L
1200,9040A JACKSON AVENUE,MCHJ-CLP,TACOMA,WA,98431,1,Census_Geocoder,matched,1,"9040A JACKSON AVE, TACOMA, WA, 98433",47.100659681291,-122.559067213408,184715851,L
1201,9040A JACKSON AVENUE JOINT BASE LEWIS-MCCHORD 98341,,JOINT BASE LEWIS-MCCHORD,WA,98341,1,Census_Geocoder,matched,1,"9040A JACKSON AVE, JOINT BASE LEWIS MCCHORD, WA, 98433",47.100659681291,-122.559067213408,184715851,L
1202,9040A REID STREET,,TACOMA,WA,98431,1,Census_Geocoder,unmatched,0,,,,,
1203,906 JUDSON RD,,LONGVIEW,TX,75606,1,Census_Geocoder,matched,1,"906 JUDSON RD, LONGVIEW, TX, 75601",32.504471419498,-94.740191013177,141128006,R
1204,909 MOUNTCASTLE ST,,KNOXVILLE,TN,37996,3,Census_Geocoder,matched,1,"909 MOUNTCASTLE ST SW, KNOXVILLE, TN, 37916",35.953940852441,-83.936573839754,42620283,R
1205,911 STANTON L YOUNG BLVD,,OKLAHOMA CITY,OK,73190,1,Census_Geocoder,matched,1,"911 STANTON L YOUNG BLVD, OKLAHOMA CITY, OK, 73117",35.480175275097,-97.495127035415,606081034,L
1206,912 W OWENS,VA OF SOUTHERN NEVADA,NORTH LAS VEGAS,NV,89036,1,Census_Geocoder,matched,1,"912 W OWENS AVE, LAS VEGAS, NV, 89106",36.18846701163,-115.153574507444,201865213,R
1207,914 CHARLES MORRIS CT SE,HQ MILITARY SEALIFT COMMAND,WASHINGTON NAVY YARD,DC,20398,1,Census_Geocoder,unmatched,0,,,,,
1208,914 N SCOTTSDALE RD STE 104,,TEMPE,AZ,85288,1,Census_Geocoder,matched,1,"914 N SCOTTSDALE RD, TEMPE, AZ, 85288",33.439488280021,-111.926371724871,128356834,L
1209,9169 COORS RD NW,,ALBUQUERQUE,NM,87193,1,Census_Geocoder,matched,1,"9169 COORS BLVD NW, ALBUQUERQUE, NM, 87120",35.178174917599,-106.671232924868,658279671,L
1210,919 E SLABAUGH,SUITE B,MISSION,TX,78512,1,Census_Geocoder,matched,1,"919 W E ST, MISSION, TX, 78572",26.201015376337,-98.338550305232,625089431,L
1211,930 MADISON AVE,SUITE 500,MEMPHIS,TN,38163,1,Census_Geocoder,matched,1,"930 MADISON AVE, MEMPHIS, TN, 38103",35.14032393037,-90.030326025844,638911794,L
1212,930 MADISON AVE STE 200,,MEMPHIS,TN,38163,1,Census_Geocoder,matched,1,"930 MADISON AVE, MEMPHIS, TN, 38103",35.14032393037,-90.030326025844,638911794,L
1213,945 NORTH 12TH STREET,,MILWAUKEE,WI,53201,1,Census_Geocoder,matched,1,"945 N 12TH ST, MILWAUKEE, WI, 53233",43.04231746894,-87.927242602279,77741304,L
1214,950 E MOUNTAIN BLVD,,WILKES BARRE,PA,18711,1,Census_Geocoder,matched,1,"950 MOUNTAIN RD, WILKES BARRE, PA, 18708",41.268215695378,-75.979905008205,635215818,R
1215,950 E MOUNTAIN DR,,WILKES BARRE,PA,18711,1,Census_Geocoder,matched,1,"950 MOUNTAIN RD, WILKES BARRE, PA, 18708",41.268215695378,-75.979905008205,635215818,R
1216,9500 EUCLID AVE,A 41,CLEVELAND,OH,44195,1,Census_Geocoder,matched,1,"9500 EUCLID AVE, CLEVELAND, OH, 44195",41.503346094361,-81.622884159903,638278962,L
1217,9500 EUCLID AVE,A-24,CLEVELAND,OH,44195,1,Census_Geocoder,matched,1,"9500 EUCLID AVE, CLEVELAND, OH, 44195",41.503346094361,-81.622884159903,638278962,L
1218,9500 EUCLID AVE,A-41,CLEVELAND,OH,44195,1,Census_Geocoder,matched,1,"9500 EUCLID AVE, CLEVELAND, OH, 44195",41.503346094361,-81.622884159903,638278962,L
1219,9500 EUCLID AVE,A-71,CLEVELAND,OH,44195,1,Census_Geocoder,matched,1,"9500 EUCLID AVE, CLEVELAND, OH, 44195",41.503346094361,-81.622884159903,638278962,L
1220,9500 EUCLID AVE,A10,CLEVELAND,OH,44195,1,Census_Geocoder,matched,1,"9500 EUCLID AVE, CLEVELAND, OH, 44195",41.503346094361,-81.622884159903,638278962,L
1221,9500 EUCLID AVE,A24,CLEVELAND,OH,44195,1,Census_Geocoder,matched,1,"9500 EUCLID AVE, CLEVELAND, OH, 44195",41.503346094361,-81.622884159903,638278962,L
1222,9500 EUCLID AVE,A40,CLEVELAND,OH,44195,1,Census_Geocoder,matched,1,"9500 EUCLID AVE, CLEVELAND, OH, 44195",41.503346094361,-81.622884159903,638278962,L
1223,9500 EUCLID AVE,A80,CLEVELAND,OH,44195,1,Census_Geocoder,matched,1,"9500 EUCLID AVE, CLEVELAND, OH, 44195",41.503346094361,-81.622884159903,638278962,L
1224,9500 EUCLID AVE,BUILDING JJ 10,CLEVELAND,OH,44195,1,Census_Geocoder,matched,1,"9500 EUCLID AVE, CLEVELAND, OH, 44195",41.503346094361,-81.622884159903,638278962,L
1225,9500 EUCLID AVE,C-21,CLEVELAND,OH,44195,1,Census_Geocoder,matched,1,"9500 EUCLID AVE, CLEVELAND, OH, 44195",41.503346094361,-81.622884159903,638278962,L
1226,9500 EUCLID AVE,CLEVELAND CLINIC - AREA M2-141,CLEVELAND,OH,44195,1,Census_Geocoder,matched,1,"9500 EUCLID AVE, CLEVELAND, OH, 44195",41.503346094361,-81.622884159903,638278962,L
1227,9500 EUCLID AVE,DEPARTMENT OF NUCLEAR MEDICINE GB3,CLEVELAND,OH,44195,1,Census_Geocoder,matched,1,"9500 EUCLID AVE, CLEVELAND, OH, 44195",41.503346094361,-81.622884159903,638278962,L
1228,9500 EUCLID AVE,DESK A-10,CLEVELAND,OH,44195,1,Census_Geocoder,matched,1,"9500 EUCLID AVE, CLEVELAND, OH, 44195",41.503346094361,-81.622884159903,638278962,L
1229,9500 EUCLID AVE,DESK A-90,CLEVELAND,OH,44195,1,Census_Geocoder,matched,1,"9500 EUCLID AVE, CLEVELAND, OH, 44195",41.503346094361,-81.622884159903,638278962,L
1230,9500 EUCLID AVE,DESK A70,CLEVELAND,OH,44195,1,Census_Geocoder,matched,1,"9500 EUCLID AVE, CLEVELAND, OH, 44195",41.503346094361,-81.622884159903,638278962,L
1231,9500 EUCLID AVE,DESK S20,CLEVELAND,OH,44195,1,Census_Geocoder,matched,1,"9500 EUCLID AVE, CLEVELAND, OH, 44195",41.503346094361,-81.622884159903,638278962,L
1232,9500 EUCLID AVE,E31,CLEVELAND,OH,44195,1,Census_Geocoder,matched,1,"9500 EUCLID AVE, CLEVELAND, OH, 44195",41.503346094361,-81.622884159903,638278962,L
1233,9500 EUCLID AVE,ECC-1,CLEVELAND,OH,44195,1,Census_Geocoder,matched,1,"9500 EUCLID AVE, CLEVELAND, OH, 44195",41.503346094361,-81.622884159903,638278962,L
1234,9500 EUCLID AVE,G10,CLEVELAND,OH,44195,1,Census_Geocoder,matched,1,"9500 EUCLID AVE, CLEVELAND, OH, 44195",41.503346094361,-81.622884159903,638278962,L
1235,9500 EUCLID AVE,GENETIC HEALTHCARE T-10,CLEVELAND,OH,44195,1,Census_Geocoder,matched,1,"9500 EUCLID AVE, CLEVELAND, OH, 44195",41.503346094361,-81.622884159903,638278962,L
1236,9500 EUCLID AVE,J2-3,CLEVELAND,OH,44195,1,Census_Geocoder,matched,1,"9500 EUCLID AVE, CLEVELAND, OH, 44195",41.503346094361,-81.622884159903,638278962,L
1237,9500 EUCLID AVE,J3-4,CLEVELAND,OH,44195,1,Census_Geocoder,matched,1,"9500 EUCLID AVE, CLEVELAND, OH, 44195",41.503346094361,-81.622884159903,638278962,L
1238,9500 EUCLID AVE,L10,CLEVELAND,OH,44195,1,Census_Geocoder,matched,1,"9500 EUCLID AVE, CLEVELAND, OH, 44195",41.503346094361,-81.622884159903,638278962,L
1239,9500 EUCLID AVE,MAGSM27,CLEVELAND,OH,44195,1,Census_Geocoder,matched,1,"9500 EUCLID AVE, CLEVELAND, OH, 44195",41.503346094361,-81.622884159903,638278962,L
1240,9500 EUCLID AVE,MAIL CODE A81,CLEVELAND,OH,44195,1,Census_Geocoder,matched,1,"9500 EUCLID AVE, CLEVELAND, OH, 44195",41.503346094361,-81.622884159903,638278962,L
1241,9500 EUCLID AVE,MAIL CODE HB3,CLEVELAND,OH,44195,1,Census_Geocoder,matched,1,"9500 EUCLID AVE, CLEVELAND, OH, 44195",41.503346094361,-81.622884159903,638278962,L
1242,9500 EUCLID AVE,MAIL CODE JB-3,CLEVELAND,OH,44195,1,Census_Geocoder,matched,1,"9500 EUCLID AVE, CLEVELAND, OH, 44195",41.503346094361,-81.622884159903,638278962,L
1243,9500 EUCLID AVE,MAILSTOP M41,CLEVELAND,OH,44195,1,Census_Geocoder,matched,1,"9500 EUCLID AVE, CLEVELAND, OH, 44195",41.503346094361,-81.622884159903,638278962,L
1244,9500 EUCLID AVE,MC U-15,CLEVELAND,OH,44195,1,Census_Geocoder,matched,1,"9500 EUCLID AVE, CLEVELAND, OH, 44195",41.503346094361,-81.622884159903,638278962,L
1245,9500 EUCLID AVE,PHARMACY/W20,CLEVELAND,OH,44195,1,Census_Geocoder,matched,1,"9500 EUCLID AVE, CLEVELAND, OH, 44195",41.503346094361,-81.622884159903,638278962,L
1246,9500 EUCLID AVE,R35,CLEVELAND,OH,44195,3,Census_Geocoder,matched,1,"9500 EUCLID AVE, CLEVELAND, OH, 44195",41.503346094361,-81.622884159903,638278962,L
1247,9500 EUCLID AVE,SO30,CLEVELAND,OH,44195,1,Census_Geocoder,matched,1,"9500 EUCLID AVE, CLEVELAND, OH, 44195",41.503346094361,-81.622884159903,638278962,L
1248,9500 EUCLID AVE,ST10,CLEVELAND,OH,44195,2,Census_Geocoder,matched,1,"9500 EUCLID AVE, CLEVELAND, OH, 44195",41.503346094361,-81.622884159903,638278962,L
1249,9500 EUCLID AVE,SUITE S-51,CLEVELAND,OH,44195,1,Census_Geocoder,matched,1,"9500 EUCLID AVE, CLEVELAND, OH, 44195",41.503346094361,-81.622884159903,638278962,L
1250,9500 EUCLID AVE,TW 2-3,CLEVELAND,OH,44195,1,Census_Geocoder,matched,1,"9500 EUCLID AVE, CLEVELAND, OH, 44195",41.503346094361,-81.622884159903,638278962,L
1251,9500 EUCLID AVE,TW10,CLEVELAND,OH,44195,1,Census_Geocoder,matched,1,"9500 EUCLID AVE, CLEVELAND, OH, 44195",41.503346094361,-81.622884159903,638278962,L
1252,9500 EUCLID AVE,WAR106,CLEVELAND,OH,44195,1,Census_Geocoder,matched,1,"9500 EUCLID AVE, CLEVELAND, OH, 44195",41.503346094361,-81.622884159903,638278962,L
1253,9500 EUCLID AVE,WH10,CLEVELAND,OH,44195,1,Census_Geocoder,matched,1,"9500 EUCLID AVE, CLEVELAND, OH, 44195",41.503346094361,-81.622884159903,638278962,L
1254,9500 EUCLID AVE,WL20,CLEVELAND,OH,44195,1,Census_Geocoder,matched,1,"9500 EUCLID AVE, CLEVELAND, OH, 44195",41.503346094361,-81.622884159903,638278962,L
1255,9500 EUCLID AVE,,CLEVELAND,OH,44195,503,Census_Geocoder,matched,1,"9500 EUCLID AVE, CLEVELAND, OH, 44195",41.503346094361,-81.622884159903,638278962,L
1256,9500 EUCLID AVE # A71,,CLEVELAND,OH,44195,1,Census_Geocoder,matched,1,"9500 EUCLID AVE, CLEVELAND, OH, 44195",41.503346094361,-81.622884159903,638278962,L
1257,9500 EUCLID AVE # C21,,CLEVELAND,OH,44195,1,Census_Geocoder,matched,1,"9500 EUCLID AVE, CLEVELAND, OH, 44195",41.503346094361,-81.622884159903,638278962,L
1258,9500 EUCLID AVE # C22,,CLEVELAND,OH,44195,1,Census_Geocoder,matched,1,"9500 EUCLID AVE, CLEVELAND, OH, 44195",41.503346094361,-81.622884159903,638278962,L
1259,9500 EUCLID AVE # J2-2,,CLEVELAND,OH,44195,1,Census_Geocoder,matched,1,"9500 EUCLID AVE, CLEVELAND, OH, 44195",41.503346094361,-81.622884159903,638278962,L
1260,9500 EUCLID AVE # J4-1,,CLEVELAND,OH,44195,1,Census_Geocoder,matched,1,"9500 EUCLID AVE, CLEVELAND, OH, 44195",41.503346094361,-81.622884159903,638278962,L
1261,9500 EUCLID AVE # JJ10,,CLEVELAND,OH,44195,1,Census_Geocoder,matched,1,"9500 EUCLID AVE, CLEVELAND, OH, 44195",41.503346094361,-81.622884159903,638278962,L
1262,9500 EUCLID AVE # M31,,CLEVELAND,OH,44195,1,Census_Geocoder,matched,1,"9500 EUCLID AVE, CLEVELAND, OH, 44195",41.503346094361,-81.622884159903,638278962,L
1263,9500 EUCLID AVE # M31-37,,CLEVELAND,OH,44195,1,Census_Geocoder,matched,1,"9500 EUCLID AVE, CLEVELAND, OH, 44195",41.503346094361,-81.622884159903,638278962,L
1264,9500 EUCLID AVE # R3,,CLEVELAND,OH,44195,3,Census_Geocoder,matched,1,"9500 EUCLID AVE, CLEVELAND, OH, 44195",41.503346094361,-81.622884159903,638278962,L
1265,9500 EUCLID AVE FL 8,,CLEVELAND,OH,44195,1,Census_Geocoder,matched,1,"9500 EUCLID AVE, CLEVELAND, OH, 44195",41.503346094361,-81.622884159903,638278962,L
1266,9500 EUCLID AVE STE M31-36,,CLEVELAND,OH,44195,1,Census_Geocoder,matched,1,"9500 EUCLID AVE, CLEVELAND, OH, 44195",41.503346094361,-81.622884159903,638278962,L
1267,9500 EUCLID AVE/Q10-1,GLICKMAN UROLOGICAL & KIDNEY INSTITUTE,CLEVELAND,OH,44195,1,Census_Geocoder,matched,1,"9500 EUCLID AVE, CLEVELAND, OH, 44195",41.503346094361,-81.622884159903,638278962,L
1268,9500 EUCLID AVENUE,A10,CLEVELAND,OH,44195,1,Census_Geocoder,matched,1,"9500 EUCLID AVE, CLEVELAND, OH, 44195",41.503346094361,-81.622884159903,638278962,L
1269,9500 EUCLID AVENUE,CARDIOTHORACIC ANESTHESIA CLEVELAND CLINIC J4331,CLEVELAND,OH,44195,1,Census_Geocoder,matched,1,"9500 EUCLID AVE, CLEVELAND, OH, 44195",41.503346094361,-81.622884159903,638278962,L
1270,9500 EUCLID AVENUE,,CLEVELAND,OH,44195,1,Census_Geocoder,matched,1,"9500 EUCLID AVE, CLEVELAND, OH, 44195",41.503346094361,-81.622884159903,638278962,L
1271,9500 EUCLID AVENUE A60,CLEVELAND CLINIC,CLEVELAND,OH,44195,1,Census_Geocoder,matched,1,"9500 EUCLID AVE, CLEVELAND, OH, 44195",41.503346094361,-81.622884159903,638278962,L
1272,9500 EULID AVE,,CLEVELAND,OH,44195,1,Census_Geocoder,matched,1,"9500 EUCLID AVE, CLEVELAND, OH, 44195",41.503346094361,-81.622884159903,638278962,L
1273,9600 VETERAN'S DRIVE SW,AMERICAN LAKE VAMC,TACOMA,WA,98493,1,Census_Geocoder,matched,1,"9600 VETERANS DR SW, TACOMA, WA, 98498",47.142242246382,-122.564565860795,184712028,R
1274,9600 VETERANS DR,,TACOMA,WA,98493,1,Census_Geocoder,matched,1,"9600 VETERANS DR SW, TACOMA, WA, 98498",47.142242246382,-122.564565860795,184712028,R
1275,9600 VETERANS DR SW,AMERICAN LAKE VAMC (A-112-DENT),TACOMA,WA,98493,1,Census_Geocoder,matched,1,"9600 VETERANS DR SW, TACOMA, WA, 98498",47.142242246382,-122.564565860795,184712028,R
1276,9600 VETERANS DR SW,,TACOMA,WA,98493,6,Census_Geocoder,matched,1,"9600 VETERANS DR SW, TACOMA, WA, 98498",47.142242246382,-122.564565860795,184712028,R
1277,981080 NEBRASKA MEDICAL CTR,,OMAHA,NE,68198,1,Census_Geocoder,unmatched,0,,,,,
1278,981090 NEBRASKA MEDICAL CTR,,OMAHA,NE,68198,1,Census_Geocoder,unmatched,0,,,,,
1279,981225 NEBRASKA MEDICAL CENTER,,OMAHA,NE,68198,1,Census_Geocoder,unmatched,0,,,,,
1280,985300 NEBRASKA MEDICAL CTR,,OMAHA,NE,68198,1,Census_Geocoder,unmatched,0,,,,,
1281,985440 NEBRASKA MEDICAL CTR,,OMAHA,NE,68198,1,Census_Geocoder,unmatched,0,,,,,
1282,986 WALNUT ST,,NEWTOWN HIGHLANDS,MA,02161,1,Census_Geocoder,matched,1,"986 WALNUT ST, NEWTON HIGHLANDS, MA, 02461",42.3276475782,-71.206084991537,86865771,L
1283,986605 NEBRASKA MEDICAL CENTER,,OMAHA,NE,68198,1,Census_Geocoder,unmatched,0,,,,,
1284,987400 NEBRASKA MEDICAL CTR,,OMAHA,NE,68198,3,Census_Geocoder,unmatched,0,,,,,
1285,988095 NEBRASKA MEDICAL CTR,,OMAHA,NE,68198,6,Census_Geocoder,unmatched,0,,,,,
1286,988102 NEBRASKA MEDICAL CTR,,OMAHA,NE,68198,45,Census_Geocoder,unmatched,0,,,,,
1287,989200 NEBRASKA MEDICAL CTR,,OMAHA,NE,68198,1,Census_Geocoder,unmatched,0,,,,,
1288,9900 VETERANS DR SW,A-116-CWT,TACOMA,WA,98493,1,Census_Geocoder,matched,1,"9900 VETERANS DR SW, TACOMA, WA, 98498",47.14145332024,-122.568450504172,601367083,L
1289,9901 N KNOXVILLE AVE,STE D,PEORIA,IL,61515,1,Census_Geocoder,matched,1,"9901 N KNOXVILLE AVE, PEORIA, IL, 61615",40.808246713873,-89.612951163578,639990036,L
1290,9931-B WEST HAYES,,TACOMA,WA,98431,1,Census_Geocoder,unmatched,0,,,,,
1291,995 9TH AVENUE,,BESSEMER,AL,35021,2,Census_Geocoder,matched,2,"995 9TH AVE N, BESSEMER, AL, 35020",33.396709178449,-86.968785256886,651789037,R
1293,AFIP 6825 16TH ST NW,BLDG 54 RM 3055,WASHINGTON,DC,20306,1,Census_Geocoder,matched,1,"6825 16TH ST NW, WASHINGTON, DC, 20012",38.972507819728,-77.0362970038,76221589,R
1294,AFIP BLDG 54 RM G117 DEPT VETERINARY PATHOLOGY,14TH ST AND ALASKA AVE NW,WASHINGTON,DC,20306,1,Census_Geocoder,unmatched,0,,,,,
1295,AINSWORTH US ARMY HEALTH CLINIC PHARMACY,AINSWORTH US ARMY HEALTH CLINIC BLDG 114,FORT HAMILTON,NY,11252,1,Census_Geocoder,unmatched,0,,,,,
1296,AIRMENS CLINIC,BUILDING 690,TACOMA,WA,98431,1,Census_Geocoder,unmatched,0,,,,,
1298,ANNA MARSH LANE,,BRATTLEBORO,VT,05302,3,Census_Geocoder,unmatched,0,,,,,
1299,ARMED FORCES INST OF PATHOLOGY,14TH & ALASKA AVE NW,WASHINGTON,DC,20306,1,Census_Geocoder,unmatched,0,,,,,
1300,ARMED FORCES INSTITUTE OF PATHOLOGY,14TH STREET & ALASKA AVE NW,WASHINGTON,DC,20306,1,Census_Geocoder,unmatched,0,,,,,
1321,BACK OF THE YARDS MENTAL HEALTH CENTER,4313 S ASHLAND,CHICAGO,IL,40609,1,Census_Geocoder,unmatched,0,,,,,
1330,BLDG 9040 FITZSIMMONS DRIVE,MCHJ-OG ATTN: LTC NAPOLITANO DEPT OBGYN MADIGAN AMC,TACOMA,WA,98431,1,Census_Geocoder,matched,1,"9040 FITZSIMMONS DR, TACOMA, WA, 98433",47.106173505494,-122.551901081345,184743169,L
1331,BLDG 9040 FITZSIMMONS DRIVE,,TACOMA,WA,98431,1,Census_Geocoder,matched,1,"9040 FITZSIMMONS DR, TACOMA, WA, 98433",47.106173505494,-122.551901081345,184743169,L
1332,BLDG 9900 2ND FLOOR,US ARMY DENTAL ACTIVITY,TACOMA,WA,98431,3,Census_Geocoder,unmatched,0,,,,,
1333,BLDG 9900 2ND FLOOR,US ARMY DENTAL ACTIVITY - FT LEWIS,TACOMA,WA,98431,6,Census_Geocoder,unmatched,0,,,,,
1334,BLDG 9921A EAST JOHNSON ST,,TACOMA,WA,98431,1,Census_Geocoder,unmatched,0,,,,,
1335,BLDG N46 CAPE SARICHEF,,KODIAK,AK,99619,17,Census_Geocoder,unmatched,0,,,,,
1336,BLDG N46 US COAST GUARD BASE,,KODIAK,AK,99619,1,Census_Geocoder,unmatched,0,,,,,
1338,BLUE EARTH COUNTY GOVERNMENT CENTER,410 SOUTH 5TH STREET,MANKATO,MN,56002,1,Census_Geocoder,unmatched,0,,,,,
1346,BOX 1798 DEPT 07-49,,MEMPHIS,TN,38101,1,Census_Geocoder,unmatched,0,,,,,
1348,BOX 2907 DIV DERM DUKE UNIV MED CENTER,,DURHAM,NC,27710,1,Census_Geocoder,unmatched,0,,,,,
1349,BOX 3834 DUMC,,DURHAM,NC,27710,1,Census_Geocoder,unmatched,0,,,,,
1350,BOX 5299,MULTICARE MEDICAL CENTER (M/S A2-RXD),TACOMA,WA,98415,1,Census_Geocoder,unmatched,0,,,,,
1352,BRISTOL HOSPITAL,,BRISTOL,CT,06011,1,Census_Geocoder,unmatched,0,,,,,
1353,BROARDWAY AT 11TH STREET,,QUINCY,IL,62350,1,Census_Geocoder,matched,1,"BROADWAY ST & N 11TH ST, QUINCY, IL, 62301",39.935584692157,-91.398332357396,,
1354,BUILDING 0221,,CEDAR FALLS,IA,50614,3,Census_Geocoder,unmatched,0,,,,,
1355,BUILDING 110 SOUTH RODMAN AVENUE,,ROCK ISLAND ARSENAL,IL,61299,1,Census_Geocoder,unmatched,0,,,,,
1357,BUILDING 52,VA MEDICAL CENTER,MOUNTAIN HOME,TN,37684,1,Census_Geocoder,unmatched,0,,,,,
1359,BUILDING N46 CAPE SARICHEF,,KODIAK,AK,99619,1,Census_Geocoder,unmatched,0,,,,,
1360,BUILDING N46 CAPE SCHARIFF,,KODIAK,AK,99619,1,Census_Geocoder,unmatched,0,,,,,
1376,CAMPUS BOX 7130 - HORTON FIELDHOUSE,ILLINOIS STATE UNIVERSITY,NORMAL,IL,61790,1,Census_Geocoder,unmatched,0,,,,,
1377,CAPE SARICHEF,BLDG N46,KODIAK,AK,99619,4,Census_Geocoder,unmatched,0,,,,,
1389,CCF MAIN CAMPUS 9500 EUCLID AVE,,CLEVELAND,OH,44195,1,Census_Geocoder,matched,1,"9500 EUCLID AVE, CLEVELAND, OH, 44195",41.503346094361,-81.622884159903,638278962,L
1390,CENTER FOR SPINE HEALTH,9500 EUCLID AVENUE/ C21,CLEVELAND,OH,44195,1,Census_Geocoder,unmatched,0,,,,,
1393,CHILDREN'S HOSPITAL OF ILLINOIS 530 NE GLEN OAK AVE,,PEORIA,IL,61637,1,Census_Geocoder,matched,1,"530 NE GLEN OAK AVE, PEORIA, IL, 61603",40.702117371729,-89.59116554187,637891592,R
1394,CHURCH ST & BARCELOW ST,,PORT JERVIS,NY,12271,1,Census_Geocoder,matched,1,"CHURCH ST & BARCELOW ST, PORT JERVIS, NY, 12771",41.373081639913,-74.686660291999,,
1395,CLEVELAND CLINIC,9500 EUCLID AVENUE,CLEVELAND,OH,44195,1,Census_Geocoder,unmatched,0,,,,,
1396,CLEVELAND CLINIC,9500 EUCLID AVENUE MAIL CODE Q10,CLEVELAND,OH,44195,1,Census_Geocoder,unmatched,0,,,,,
1397,CLEVELAND CLINIC,CARDIOTHORACIC ANESTHESIA G30,CLEVELAND,OH,44195,1,Census_Geocoder,unmatched,0,,,,,
1398,CLEVELAND CLINIC,,CLEVELAND,OH,44195,1,Census_Geocoder,unmatched,0,,,,,
1399,CLEVELAND CLINIC DEPT OF COLORECTAL SURGERY,9500 EUCLID AVENUE DESK A30,CLEVELAND,OH,44195,1,Census_Geocoder,unmatched,0,,,,,
1400,CLEVELAND CLINIC FOUNDATION,9500 EUCLID AVENUE,CLEVELAND,OH,44195,1,Census_Geocoder,unmatched,0,,,,,
1401,CLEVELAND CLINIC FOUNDATION 9500 EUCLID AVENUE,DESK S-51 SECTION OF ADULT EPILEPSY,CLEVELAND,OH,44195,1,Census_Geocoder,matched,1,"9500 EUCLID AVE, CLEVELAND, OH, 44195",41.503346094361,-81.622884159903,638278962,L
1402,CLEVELAND CLINIC FOUNDATION EUCLID AVENUE PHARMACY,9211 EUCLID AVENUE JJ10,CLEVELAND,OH,44195,1,Census_Geocoder,unmatched,0,,,,,
1405,CMR 402,LANDSTUHL DENTAL ACTIVITY CREDENTIALS OFFICE,APO AE,NY,09180,2,Census_Geocoder,unmatched,0,,,,,
1408,CMR 402 BOX 62,LANDSTUHL DENTAL ACTIVITY CREDENTIALS OFFICE,APO AE,NY,09180,1,Census_Geocoder,unmatched,0,,,,,
1413,CMR 415,BLDG 507,APO,NY,09114,1,Census_Geocoder,unmatched,0,,,,,
1415,CMR 442,HEIDELBERG DENTAL ACTIVITY CREDENTIALS OFFICE,APO AE,NY,09042,6,Census_Geocoder,unmatched,0,,,,,
1422,CMR431,,DARMSTADT,CA,09175,1,Census_Geocoder,unmatched,0,,,,,
1423,COLLEGE AND UNIVERSITY 2540,,NORMAL,IL,61790,1,Census_Geocoder,matched,1,"W COLLEGE AVE & N UNIVERSITY ST, NORMAL, IL, 61761",40.510810458565,-88.993271985449,,
1424,COLLEGE OF NURSING MSC O9 5350,1 UNIVERSITY OF NEW MEXICO,ALBUQUERQUE,NM,87131,1,Census_Geocoder,unmatched,0,,,,,
1425,COLORADO STATE UNIVERSITY,HARTSHORN HEALTH SERVICE,FORT COLLINS,CO,80523,1,Census_Geocoder,unmatched,0,,,,,
1426,COLORADO STATE UNIVERSITY - HARTSHORN HEALTH SERVI,HARTSHORN BUILDING (8031),FORT COLLINS,CO,80523,1,Census_Geocoder,unmatched,0,,,,,
1427,COLORADO STATE UNIVERSITY HARTSHORN HEALTH SERVICE,8031 CAMPUS DELIVERY,FORT COLLINS,CO,80523,1,Census_Geocoder,unmatched,0,,,,,
1432,CORNER OF LAMONT AND VETERAN'S WAY,,MOUNTAIN HOME,TN,37684,1,Census_Geocoder,unmatched,0,,,,,
1433,CORNER OF SIDNEY AND LAMONT,JAMES H QUILLEN -VAMC,(JOHNSON CITY) MOUNTAIN HOME,TN,37684,1,Census_Geocoder,unmatched,0,,,,,
1434,CORNER OF SYDNEY AND LAMONT,,JOHNSON CITY,TN,37684,1,Census_Geocoder,unmatched,0,,,,,
1435,CORNER OF SYDNEY AND LAMONT ST,JAMES H QUILLEN VAMC SURGICAL SERVICES (112),MOUNTAIN HOME,TN,37684,1,Census_Geocoder,unmatched,0,,,,,
1436,CORNER OLD TRAIL AND MILL ROAD,,HUMMELS WHARF,PA,17831,1,Census_Geocoder,matched,1,"N OLD TRL & E MILL RD, SELINSGROVE, PA, 17870",40.830602325886,-76.836354643369,,
1439,DENTAC BAVARIA CMR 411,,APO,NY,09112,1,Census_Geocoder,unmatched,0,,,,,
1441,DEPARTMENT OF DENTISTRY WFUSM,MEDICAL CENTER BOULEVARD,WINSTON-SALEM,NC,27157,1,Census_Geocoder,unmatched,0,,,,,
1442,DEPARTMENT OF NEUROLOGICAL SURGERY M780,505 PARNASSUS AVE,SAN FRANCISCO,CA,94143,1,Census_Geocoder,unmatched,0,,,,,
1443,DEPARTMENT OF PEDIATRICS,MADIGAN ARMY MEDICAL CENTER,TACOMA,WA,98431,1,Census_Geocoder,unmatched,0,,,,,
1444,DEPARTMENT OF PHARMACY QQB5,9500 EUCLID AVENUE,CLEVELAND,OH,44195,1,Census_Geocoder,unmatched,0,,,,,
1445,DEPARTMENT OF PHARMACY SERVICES,50 NORTH MEDICAL DRIVE A-050,SALT LAKE CITY,UT,84132,1,Census_Geocoder,unmatched,0,,,,,
1446,DEPARTMENT OF PSYCHIATRY AND BEHAVIORAL SCIENCES,UNIVERSITY OF NEW MEXICO SCHOOL OF MEDICINE,ALBUQUERQUE,NM,87131,1,Census_Geocoder,unmatched,0,,,,,
1448,DEPARTMENT OF SURGERY; SCHOOL OF MEDICINE,UNIVERSITY OF LOUISVILLE,LOUISVILLE,KY,40292,1,Census_Geocoder,unmatched,0,,,,,
1449,DEPARTMENT PHARMACY SERVICES A050,50 NORTH MEDICAL DRIVE,SALT LAKE CITY,UT,84132,1,Census_Geocoder,unmatched,0,,,,,
1450,DEPT #0861,,DENVER,CO,80256,4,Census_Geocoder,unmatched,0,,,,,
1451,DEPT 6029,,WASHINGTON,DC,20042,1,Census_Geocoder,unmatched,0,,,,,
1452,DEPT OF EMERGENCY MEDICINE,,WINSTON SALEM,NC,27157,1,Census_Geocoder,unmatched,0,,,,,
1453,DEPT OF INTERNAL MEDICINE,530 NE GLEN OAK,PEORIA,IL,61637,1,Census_Geocoder,unmatched,0,,,,,
1455,DILORENZO PENTAGON HEALTH CLINIC 5801 ARMY PENTAGON,,WASHINGTON,DC,20310,1,Census_Geocoder,unmatched,0,,,,,
1456,DILORENZO PENTAGON HEALTH CLINIC 5801 DEFENSE PENTAGON,,WASHINGTON,DC,20310,1,Census_Geocoder,unmatched,0,,,,,
1457,DILORENZO TRICARE HEALTH CLINIC,5801 ARMY PENTAGON CORRIDOR 8,WASHINGTON,DC,20310,1,Census_Geocoder,unmatched,0,,,,,
1458,DIV OF PSYCH PRODUCTS FDA HFD 130 BLDG 22 RM 4235,10903 NEW HAMPSHIRE AVENUE,SILVER SPRING,MD,20993,1,Census_Geocoder,unmatched,0,,,,,
1459,DIVISION OF PULMONARY &,263 FARMINGTON AVENUE,FARMINGTON,CT,06030,1,Census_Geocoder,unmatched,0,,,,,
1461,DUKE UNIVERSITY MEDICAL CENTER,BOX 3912 DUMC,DURHAM,NC,27710,1,Census_Geocoder,unmatched,0,,,,,
1462,DUKE UNIVERSITY MEDICAL CENTER,DUKE SOUTH CLINICS RED ZONE RM 3828A,DURHAM,NC,27710,1,Census_Geocoder,unmatched,0,,,,,
1463,DUKE UNIVERSITY MEDICAL CENTER,DUMC 3704,DURHAM,NC,27710,1,Census_Geocoder,unmatched,0,,,,,
1464,DUMC - DEPARTMENT OF ANESTHESIOLOGY,BOX 3094,DURHAM,NC,27710,1,Census_Geocoder,unmatched,0,,,,,
1465,DUMC 3022,WALLACE CLINIC,DURHAM,NC,27710,1,Census_Geocoder,unmatched,0,,,,,
1466,DUMC 3174,,DURHAM,NC,27710,1,Census_Geocoder,unmatched,0,,,,,
1467,DUMC 3662,,DURHAM,NC,27710,1,Census_Geocoder,unmatched,0,,,,,
1468,E MAIN & SOUTH 20TH STREETS,,VAN BUREN,AR,72957,1,Census_Geocoder,matched,1,"MAIN ST & N 20TH ST, VAN BUREN, AR, 72956",35.436539652598,-94.338091935189,,
1469,EAST MAIN & SOUTH 20TH STREET,,VAN BUREN,AR,72957,3,Census_Geocoder,matched,1,"MAIN ST & N 20TH ST, VAN BUREN, AR, 72956",35.436539652598,-94.338091935189,,
1470,EASTWAY DR,,KENT,OH,44242,3,Census_Geocoder,unmatched,0,,,,,
1472,ELI LILLY AND COMPANY,LILLY CORPORATE CENTER,INDIANAPOLIS,IN,46285,1,Census_Geocoder,unmatched,0,,,,,
1473,ELI LILLY AND COMPANY,LILLY TECHNOLOGY CENTER NORTH DROP CODE 3203,INDIANAPOLIS,IN,46285,1,Census_Geocoder,unmatched,0,,,,,
1474,ELM AND CARLTON ST,,BUFFALO,NY,14263,84,Census_Geocoder,matched,1,"ELM ST & CARLTON ST, BUFFALO, NY, 14203",42.898509525566,-78.86500334534,,
1475,ELM AND CARLTON STREETS,,BUFFALO,NY,14263,34,Census_Geocoder,matched,1,"ELM ST & CARLTON ST, BUFFALO, NY, 14203",42.898509525566,-78.86500334534,,
1476,EMILE 42ND ST,,OMAHA,NE,68198,1,Census_Geocoder,unmatched,0,,,,,
1477,EMILE @ 42ND ST,,OMAHA,NE,68198,3,Census_Geocoder,matched,1,"EMILE ST & S 42ND ST, OMAHA, NE, 68198",41.254228751605,-95.97578046737,,
1478,EMILE AT 42ND ST,,OMAHA,NE,68198,1,Census_Geocoder,matched,1,"EMILE ST & S 42ND ST, OMAHA, NE, 68198",41.254228751605,-95.97578046737,,
1479,ERWIN RD,,DURHAM,NC,27710,3,Census_Geocoder,unmatched,0,,,,,
1480,ERWIN ROAD,,DURHAM,NC,27710,2,Census_Geocoder,unmatched,0,,,,,
1481,EXIT ONE PARK,71 GSP DRIVE,BRATTLEBORO,VT,05302,1,Census_Geocoder,unmatched,0,,,,,
1483,FIRST STREET,,MOUNTAIN HOME,TN,37684,1,Census_Geocoder,unmatched,0,,,,,
1484,FITZSIMMONS BLVD,,TACOMA,WA,98431,1,Census_Geocoder,unmatched,0,,,,,
1485,FIU COLLEGE OF MEDICINE,11200 SW 8TH STREET AHC2-485,MIAMI,FL,33199,1,Census_Geocoder,unmatched,0,,,,,
1486,GENERAL ELECTRIC APPLIANCE PARK,WORK-FIT CENTER AP 3,LOUISVILLE,KY,40225,1,Census_Geocoder,unmatched,0,,,,,
1487,GEORGE E WAHLEN DEPARTMENT OF VAMC,500 FOOTHILL DRIVE,SALT LAKE CITY,UT,84148,1,Census_Geocoder,unmatched,0,,,,,
1488,GOVE SHC PHARMACY UNCG,GRAY DRIVE,GREENSBORO,NC,27402,1,Census_Geocoder,unmatched,0,,,,,
1489,GRAY DR,,GREENSBORO,NC,27402,1,Census_Geocoder,unmatched,0,,,,,
1490,HARTFORD HOSPITAL OB GYN DEPT,80 SEYMOUR STREET,HARTFORD,CT,06102,1,Census_Geocoder,unmatched,0,,,,,
1494,HIP HEALTH PLAN OF NEW YORK,55 WATER STREET,NEW YORK,NY,10041,1,Census_Geocoder,unmatched,0,,,,,
1504,HOWARD UNIVERSITY,2041 GEORGIA AVENUE NW,WASHINGTON,DC,20060,1,Census_Geocoder,unmatched,0,,,,,
1506,HUDSON VALLEY VAMC ROUTE 9D,MENTAL HEALTH CLINIC,CASTLE POINT,NY,12511,1,Census_Geocoder,unmatched,0,,,,,
1508,HUNTER HOLMES MCGUIRE VA MEDICAL CTR,1201 BROADROCK BLVD,RICHMOND,VA,23249,1,Census_Geocoder,unmatched,0,,,,,
1509,IU HEALTH PHYSICIANS BUILDING,820 SAMUEL MOORE PARKWAY,MOORESVILLE,IN,46258,1,Census_Geocoder,unmatched,0,,,,,
1510,JAMES H QUILLEN VA MED CENTER SIDNEY STREET,,JOHNSON CITY,TN,37684,1,Census_Geocoder,unmatched,0,,,,,
1511,JAMES H QUILLEN VA MEDICAL CENTER,4000,MOUNTAIN HOME,TN,37684,1,Census_Geocoder,unmatched,0,,,,,
1512,JAMES H QUILLEN VA MEDICAL CENTER,CORNER OF LAMONT & VETERANS WAY,MOUNTAIN HOME,TN,37684,1,Census_Geocoder,unmatched,0,,,,,
1513,JAMES H QUILLEN VA MEDICAL CENTER,,MOUNTAIN HOME,TN,37684,1,Census_Geocoder,unmatched,0,,,,,
1514,JAMES H QUILLEN VAMC,CORNER OF SIDNEY AND LAMONT (JOHNSON CITY),MOUNTAIN HOME,TN,37684,1,Census_Geocoder,unmatched,0,,,,,
1515,JAMES H QUILLEN VAMC,NUTRITION AND FOOD SERVICES 120,MOUNTAIN HOME,TN,37684,1,Census_Geocoder,unmatched,0,,,,,
1516,JAMES H QUILLEN/VAMC,CORNER OF SYDNEY AND LAMONT,JOHNSON CITY,TN,37684,1,Census_Geocoder,unmatched,0,,,,,
1517,JAMES H QUILLIN VAMC (621-119),SYDNEY AND LAMAR,MT HOME,TN,37684,1,Census_Geocoder,unmatched,0,,,,,
1518,JAMES QUILLEN MEDICAL CENTER,MOUTAIN HOME VA,JOHNSON CITY,TN,37684,1,Census_Geocoder,unmatched,0,,,,,
1519,JOHN DEMPSEY HOSPITAL,263 FARMINGTON AVENUE,FARMINGTON,CT,06030,2,Census_Geocoder,unmatched,0,,,,,
1520,JOHN DEMPSEY HOSPITAL,263 FARMINGTON AVENUE MC-2801,FARMINGTON,CT,06030,1,Census_Geocoder,unmatched,0,,,,,
1521,KLARAS CHILDREN'S CENTER ECI,110 S 12TH STREET,WACO,TX,76703,1,Census_Geocoder,unmatched,0,,,,,
1524,LAHEY CLINIC,41 MALL RD,BURLINGTON,MA,01805,6,Census_Geocoder,unmatched,0,,,,,
1525,LAHEY CLINIC,41 MALL ROAD,BURLINGTON,MA,01805,3,Census_Geocoder,unmatched,0,,,,,
1526,LAHEY CLINIC INC,41 MALL ROAD,BURLINGTON,MA,01805,1,Census_Geocoder,unmatched,0,,,,,
1527,LAHEY CLINIC MEDICAL CTR,41 MALL ROAD,BURLINGTON,MA,01805,1,Census_Geocoder,unmatched,0,,,,,
1528,LAHEY HOSPITAL & MEDICAL CTR,41 MALL RD,BURLINGTON,MA,01805,1,Census_Geocoder,unmatched,0,,,,,
1529,LAHEY HOSPITAL AND MEDICAL CENTER,41 MALL ROAD,BURLINGTON,MA,01805,1,Census_Geocoder,unmatched,0,,,,,
1530,LAMONT & SIDNEY STS,VA MEDICAL CENTER,MOUNTAIN HOME,TN,37684,1,Census_Geocoder,unmatched,0,,,,,
1543,LDS HOSPITAL HOSPITALISTS,8TH AVENUE AND C STREET,SALT LAKE CITY,UT,84143,1,Census_Geocoder,unmatched,0,,,,,
1548,MADIGAN ARMY HOSPITAL,NISQUALLY FAMILY CLINIC,TACOMA,WA,98431,1,Census_Geocoder,unmatched,0,,,,,
1549,MADIGAN ARMY HOSPITAL 9040 JACKSON AVE,,TACOMA,WA,98431,1,Census_Geocoder,matched,1,"9040 JACKSON AVE, TACOMA, WA, 98433",47.100659681291,-122.559067213408,184715851,L
1550,MADIGAN ARMY MED 9040 JACKSON AVE OUTPATIENT PHARMACY,,TACOMA,WA,98431,1,Census_Geocoder,matched,1,"9040 JACKSON AVE, TACOMA, WA, 98433",47.100659681291,-122.559067213408,184715851,L
1551,MADIGAN ARMY MEDIAL CENTER,9040A FITZSIMMONS AVE; C/O VASCULAR CLINIC,TACOMA,WA,98431,1,Census_Geocoder,unmatched,0,,,,,
1552,MADIGAN ARMY MEDICAL CE,9040 JACKSON AVE,TACOMA,WA,98431,1,Census_Geocoder,unmatched,0,,,,,
1553,MADIGAN ARMY MEDICAL CENTER,9040 FITZSIMMONS DRIVE,TACOMA,WA,98431,1,Census_Geocoder,unmatched,0,,,,,
1554,MADIGAN ARMY MEDICAL CENTER,9040 JACKSON AVE,TACOMA,WA,98431,1,Census_Geocoder,unmatched,0,,,,,
1555,MADIGAN ARMY MEDICAL CENTER,9040 REID ST ATTN: MCHJ-QCR,TACOMA,WA,98431,5,Census_Geocoder,unmatched,0,,,,,
1556,MADIGAN ARMY MEDICAL CENTER,9040 REID STATTN: MCHJ-QCR,TACOMA,WA,98431,1,Census_Geocoder,unmatched,0,,,,,
1557,MADIGAN ARMY MEDICAL CENTER,ATTN: MCHJ-R,TACOMA,WA,98431,1,Census_Geocoder,unmatched,0,,,,,
1558,MADIGAN ARMY MEDICAL CENTER,BUILDING 9040 FITZSIMMONS DRIVE,TACOMA,WA,98431,1,Census_Geocoder,unmatched,0,,,,,
1559,MADIGAN ARMY MEDICAL CENTER,DEPT OF OB/GYN,TACOMA,WA,98431,1,Census_Geocoder,unmatched,0,,,,,
1560,MADIGAN ARMY MEDICAL CENTER,MCHJ-SET-AUDIOLOGY CLINIC,TACOMA,WA,98431,1,Census_Geocoder,unmatched,0,,,,,
1561,MADIGAN ARMY MEDICAL CENTER,PHARMACY DEPARTMENT,TACOMA,WA,98431,1,Census_Geocoder,unmatched,0,,,,,
1562,MADIGAN ARMY MEDICAL CENTER,PHYSICAL THERAPY SECTION,FORT LEWIS,WA,98431,1,Census_Geocoder,unmatched,0,,,,,
1563,MADIGAN ARMY MEDICAL CENTER,,FT LEWIS,WA,98431,1,Census_Geocoder,unmatched,0,,,,,
1564,MADIGAN ARMY MEDICAL CENTER,,TACOMA,WA,98431,3,Census_Geocoder,unmatched,0,,,,,
1565,MADIGAN ARMY MEDICAL CENTER 9040 JACKSON AVE,,TACOMA,WA,98431,8,Census_Geocoder,matched,1,"9040 JACKSON AVE, TACOMA, WA, 98433",47.100659681291,-122.559067213408,184715851,L
1566,MADIGAN ARMY MEDICAL CENTER 9040 JACKSON AVENUE,,TACOMA,WA,98431,2,Census_Geocoder,matched,1,"9040 JACKSON AVE, TACOMA, WA, 98433",47.100659681291,-122.559067213408,184715851,L
1567,MADIGAN ARMY MEDICAL CENTER 9040A JACKSON AVE,,JOINT BASE LEWIS MCCHORD,WA,98431,1,Census_Geocoder,matched,1,"9040A JACKSON AVE, JOINT BASE LEWIS MCCHORD, WA, 98433",47.100659681291,-122.559067213408,184715851,L
1568,MADIGAN ARMY MEDICAL CENTER 9040A JACKSON AVE,,TACOMA,WA,98431,1,Census_Geocoder,matched,1,"9040A JACKSON AVE, TACOMA, WA, 98433",47.100659681291,-122.559067213408,184715851,L
1569,MADIGAN ARMY MEDICAL CENTER 9040JACKSON AVE,,TACOMA,WA,98431,1,Census_Geocoder,matched,1,"9040 JACKSON AVE, TACOMA, WA, 98433",47.100659681291,-122.559067213408,184715851,L
1570,MADIGAN ARMY MEDICAL CENTER ATTN: CREDENTIALS OFFICE,9040 JACKSON AVE,TACOMA,WA,98431,1,Census_Geocoder,unmatched,0,,,,,
1571,MADIGAN ARMY MEDICAL CENTER ATTN:MCHJ-HOM,9040-A FITZSIMMONS AVE,TACOMA,WA,98431,1,Census_Geocoder,unmatched,0,,,,,
1572,MADIGAN ARMY MEDICAL CENTER BLDG 9040 JACKSON AVE,,TACOMA,WA,98431,1,Census_Geocoder,matched,1,"9040 JACKSON AVE, TACOMA, WA, 98433",47.100659681291,-122.559067213408,184715851,L
1573,MADIGAN ARMY MEDICAL CTR,9040 A REID ST,TACOMA,WA,98431,2,Census_Geocoder,unmatched,0,,,,,
1574,MADIGAN ARMY MEDICAL CTR,9040 JACKSON AVE,TACOMA,WA,98431,1,Census_Geocoder,unmatched,0,,,,,
1575,MADIGAN ARMY MEDICAL CTR,9040 REID STREET,TACOMA,WA,98431,1,Census_Geocoder,unmatched,0,,,,,
1576,MADIGAN ARMY MEDICAL CTR,9040A JACKSON AVE,TACOMA,WA,98431,1,Census_Geocoder,unmatched,0,,,,,
1577,MADIGAN ARMY MEDICAL CTR,9040A REID STREET,TACOMA,WA,98431,1,Census_Geocoder,unmatched,0,,,,,
1578,MADIGAN ARMY MEDICAL CTR,ATTN: MCHJ-CLS-EA,TACOMA,WA,98431,1,Census_Geocoder,unmatched,0,,,,,
1579,MADIGAN ARMY MEDICAL CTR,BLDG 9040 FITZSIMMONS DRIVE,TACOMA,WA,98431,1,Census_Geocoder,unmatched,0,,,,,
1580,MADIGAN ARMY MEDICAL CTR,ENDOCRINE CLINIC,TACOMA,WA,98431,1,Census_Geocoder,unmatched,0,,,,,
1581,MADIGAN ARMY MEDICAL CTR,MCHJ-CLR DEPARTMENT OF RADIOLOGY,TACOMA,WA,98431,1,Census_Geocoder,unmatched,0,,,,,
1582,MADIGAN ARMY MEDICAL CTR 9040 JACKSON AVE,,TACOMA,WA,98431,1,Census_Geocoder,matched,1,"9040 JACKSON AVE, TACOMA, WA, 98433",47.100659681291,-122.559067213408,184715851,L
1583,MADIGAN HEALTHCARE SYSTEM,9040 JACKSON AVE,TACOMA,WA,98431,1,Census_Geocoder,unmatched,0,,,,,
1584,MADIGAN HEALTHCARE SYSTEM,9040 JACKSON AVENUE,TACOMA,WA,98431,1,Census_Geocoder,unmatched,0,,,,,
1585,MARQUETTE CLINIC FOR WOMEN AND CHILDREN,530 N 16TH ST,MILWAUKEE,WI,53201,1,Census_Geocoder,unmatched,0,,,,,
1586,MASON EYE INSTITUTE UNIVERSITY OF MISSOURI,1 HOSPITAL DRIVE,COLUMBIA,MO,65212,1,Census_Geocoder,unmatched,0,,,,,
1587,MCGUIRE VAMC,1201 BRAOD ROCK BLVD (181),RICHMOND,VA,23249,1,Census_Geocoder,unmatched,0,,,,,
1588,MCGUIRE VAMC,1201 BROAD ROCK RD,RICHMOND,VA,23249,1,Census_Geocoder,unmatched,0,,,,,
1589,MCGUIRE VETERANS HOSPITAL,1201 BROAD ROCK BLVD,RICHMOND,VA,23249,1,Census_Geocoder,unmatched,0,,,,,
1590,MEDCENTER ONE PHARMACY,300 N 7TH ST BOX 5525,BISMARCK,ND,58506,1,Census_Geocoder,unmatched,0,,,,,
1591,MEDICAL CENTER BLVD,10 BRENNER TOWER,WINSTON SALEM,NC,27157,1,Census_Geocoder,unmatched,0,,,,,
1592,MEDICAL CENTER BLVD,CLINICAL NUTRITION OFFICE,WINSTON SALEM,NC,27157,1,Census_Geocoder,unmatched,0,,,,,
1593,MEDICAL CENTER BLVD,DEPARTMENT OF ORTHOPEDICS,WINSTON SALEM,NC,27157,1,Census_Geocoder,unmatched,0,,,,,
1594,MEDICAL CENTER BLVD,OPHTHALMOLOGY,WINSTON SALEM,NC,27157,1,Census_Geocoder,unmatched,0,,,,,
1595,MEDICAL CENTER BLVD,WAKE FOREST UNIVERSITY HEALTH SCIENCES,WINSTON SALEM,NC,27157,1,Census_Geocoder,unmatched,0,,,,,
1596,MEDICAL CENTER BLVD,,WINSTON SALEM,NC,27157,359,Census_Geocoder,unmatched,0,,,,,
1597,MEDICAL CENTER BLVD,,WINSTON-SALEM,NC,27157,12,Census_Geocoder,unmatched,0,,,,,
1598,MEDICAL CENTER BOULEVARD,,WINSTON SALEM,NC,27157,4,Census_Geocoder,unmatched,0,,,,,
1599,MEDICAL CENTER BOULEVARD,,WINSTON-SALEM,NC,27157,1,Census_Geocoder,unmatched,0,,,,,
1602,MEMORIAL MEDICAL CTR,701 N 1ST STREET,SPRINGFIELD,IL,62781,1,Census_Geocoder,unmatched,0,,,,,
1603,MERCY MEDICAL CENTER DEPT OF PATHOLOGY,1000 NORTH VILLAGE AVE,ROCKVILLE CENTRE,NY,11571,1,Census_Geocoder,unmatched,0,,,,,
1604,MG886A4 DTHC CORRIDOR # 8,5801 ARMY PENTAGON,WASHINGTON,DC,20310,1,Census_Geocoder,unmatched,0,,,,,
1605,MO4 DAVISON BLDG,DUMC,DURHAM,NC,27710,1,Census_Geocoder,matched,1,"4 DAVISON DR, DURHAM, NC, 27705",36.044064558003,-78.939860183101,618107020,R
1606,MONTANA ARMY NATIONAL GUARD ATTN: 83RD CST LT ALDUENDA,1900 WILLIAMS ST,HELENA,MT,59604,1,Census_Geocoder,unmatched,0,,,,,
1607,MOUNTAIN HOME V A,,MOUNTAIN HOME,TN,37684,1,Census_Geocoder,unmatched,0,,,,,
1608,MSC09 5350,1 UNIVERSITY OF NEW MEXICO,ALBUQUERQUE,NM,87131,1,Census_Geocoder,unmatched,0,,,,,
1610,MUHLENBERG REGIONAL MEDICAL CENTER,PARK AVE AND RANDOLPH RD,PLAINFIELD,NJ,07061,1,Census_Geocoder,unmatched,0,,,,,
1611,N2198 UNC HOSPITALS CB 7010,DEPARTMENT OF ANESTHESIOLOGY,CHAPEL HILL,NC,27699,1,Census_Geocoder,unmatched,0,,,,,
1612,NAVAL AMBULATORY CARE CENTER,2300 GENERAL MEYER AV BLDG H-100,NEW ORLEANS,LA,70142,1,Census_Geocoder,unmatched,0,,,,,
1613,NAVAL AMBULATORY CARE CENTER,ROUTE 12 BLDG 449 ATTN PROFESSIONAL AFFAIRS,GROTON,CT,06349,1,Census_Geocoder,unmatched,0,,,,,
1614,NAVAL BASE HOSPITAL CENTER MAYPORT,BLDG 2104,JACKSONVILLE,FL,22228,1,Census_Geocoder,unmatched,0,,,,,
1616,NAVY SUICIDE PREVENTION OPNAV N171,5720 INTEGRITY DRIVE BLDG 457,MILLINGTON,TN,38055,1,Census_Geocoder,unmatched,0,,,,,
1617,NHRC CODE 25,BOX 85122,SAN DIEGO,CA,92186,1,Census_Geocoder,unmatched,0,,,,,
1618,NMRTU IWAKUNI,BLDG 110,FPO,CA,96310,1,Census_Geocoder,unmatched,0,,,,,
1619,NORTH CAROLINA BAPTIST HOSPITAL,MEDICAL CENTER BLVD,WINSTON SALEM,NC,27157,1,Census_Geocoder,unmatched,0,,,,,
1620,NUCLEAR MEDICINE,4755 OGLETOWN-STANTON RD,NEWARK,DE,19718,1,Census_Geocoder,unmatched,0,,,,,
1621,OF PATHOLOGY AND LABORATORY MEDICINE,930 MADISON AVENUE RM 518,MEMPHIS,TN,38163,1,Census_Geocoder,unmatched,0,,,,,
1622,ON LOK SENIOR HEALTH - INSTITUTE ON AGING,,SAN FRANCISCO,CA,94155,1,Census_Geocoder,unmatched,0,,,,,
1623,ONE AYERS CIRCLE,BLDG H 1 NAVAL BRANCH HEALTH CLINIC,PORTSMOUTH,NH,03804,1,Census_Geocoder,unmatched,0,,,,,
1624,ONE AYERS CIRCLE,BLDG H1,PORTSMOUTH,NH,03804,1,Census_Geocoder,unmatched,0,,,,,
1625,ONE AYERS CIRCLE BLDG H1,NAVAL BRANCH HEALTH CLINIC,PORTSMOUTH,NH,03804,1,Census_Geocoder,unmatched,0,,,,,
1626,ONE HOAG DR,ECU DEPT,NEWPORT BEACH,CA,92633,1,Census_Geocoder,matched,1,"1 HOAG DR, NEWPORT BEACH, CA, 92663",33.623982270369,-117.928863139003,609073205,R
1627,ONE HOAG DR,ECU DEPT,NEWPORT BEACH,CA,92658,1,Census_Geocoder,matched,1,"1 HOAG DR, NEWPORT BEACH, CA, 92663",33.623982270369,-117.928863139003,609073205,R
1628,ONE HOAG DRIVE,,NEWPORT BEACH,CA,92658,1,Census_Geocoder,matched,1,"1 HOAG DR, NEWPORT BEACH, CA, 92663",33.623982270369,-117.928863139003,609073205,R
1629,ONE HOSPITAL DR,,COLUMBIA,MO,65212,25,Census_Geocoder,unmatched,0,,,,,
1630,ONE HOSPITAL DRIVE,,COLUMBIA,MO,65212,2,Census_Geocoder,unmatched,0,,,,,
1631,ONE HOSPITAL PLAZA,,STAMFORD,CT,06904,2,Census_Geocoder,unmatched,0,,,,,
1632,ONE MEDICAL CENTER DR,DARTMOUTH HITCHCOCK - ANESTHESIOLOGY,LEBANON,NH,03756,1,Census_Geocoder,unmatched,0,,,,,
1633,ONE MEDICAL CENTER DR,DARTMOUTH HITCHCOCK - CRITICAL CARE MEDICINE,LEBANON,NH,03756,1,Census_Geocoder,unmatched,0,,,,,
1634,ONE MEDICAL CENTER DR,DARTMOUTH HITCHCOCK - GENERAL SURGERY,LEBANON,NH,03756,1,Census_Geocoder,unmatched,0,,,,,
1635,ONE MEDICAL CENTER DR,DARTMOUTH HITCHCOCK - OB/GYN,LEBANON,NH,03756,1,Census_Geocoder,unmatched,0,,,,,
1636,ONE MEDICAL CENTER DR,DHMC DEPARTMENT OF ORTHOPAEDICS,LEBANON,NH,03756,1,Census_Geocoder,unmatched,0,,,,,
1637,ONE MEDICAL CENTER DR,,LEBANON,NH,03756,1,Census_Geocoder,unmatched,0,,,,,
1638,ONE MEDICAL CENTER DRIVE,ANESTHESIOLOGY,LEBANON,NH,03756,1,Census_Geocoder,unmatched,0,,,,,
1639,ONE MEDICAL CENTER DRIVE,DHMC DEPARTMENT OF ANESTHESIA,LEBANON,NH,03756,1,Census_Geocoder,unmatched,0,,,,,
1640,ONE MEDICAL CENTER DRIVE,OPHTHALMOLOGY,LEBANON,NH,03756,2,Census_Geocoder,unmatched,0,,,,,
1642,OSF SAINT FRANCIS MEDICAL CENTER- PHARMACY DEPT,530 NE GLEN OAK AVE,PEORIA,IL,61637,1,Census_Geocoder,unmatched,0,,,,,
1644,PALMETTO HEALTH BAPTIST HOSPITAL,TAYLOR AT MARION ST,COLUMBIA,SC,29220,1,Census_Geocoder,unmatched,0,,,,,
1648,PEDIATRIC EXTENDED CARE CLINIC,MADIGAN ARMY MEDICAL CENTER,TACOMA,WA,98431,1,Census_Geocoder,unmatched,0,,,,,
1649,PEDIATRIX MEDICAL GROUP,1600 S ANDREWS AVE 7TH FLOOR PICU,FT LAUDERDALE,FL,33318,1,Census_Geocoder,unmatched,0,,,,,
1650,PENTAGON,ROOM 4A674,ARLINGTON,VA,20330,1,Census_Geocoder,unmatched,0,,,,,
1651,PENTAGON TRI-SERVICE DENTAL CLINIC,5801 ARMY PENTAGON,WASHINGTON,DC,20310,1,Census_Geocoder,unmatched,0,,,,,
1652,PICATINNY OCCUPATIONAL HEALTH CLINIC,BLDG 118 BUFFINGTON RD,PICATINNY ARSENAL,NJ,07806,1,Census_Geocoder,unmatched,0,,,,,
1658,PMRS 117,,MOUNTAIN HOME,TN,37684,1,Census_Geocoder,unmatched,0,,,,,
1659,PO BOX 1002,,VAIL,CO,81658,1,Census_Geocoder,unmatched,0,,,,,
1660,PO BOX 101070,,PALM BAY,FL,32910,1,Census_Geocoder,unmatched,0,,,,,
1661,PO BOX 13286,,SCOTTSDALE,AZ,85267,1,Census_Geocoder,unmatched,0,,,,,
1663,PO BOX 19834,,WEST PALM BEACH,FL,33416,1,Census_Geocoder,unmatched,0,,,,,
1664,PO BOX 207830,,DALLAS,TX,75320,1,Census_Geocoder,unmatched,0,,,,,
1665,PO BOX 22697,,FORT LAUDERDALE,FL,33335,1,Census_Geocoder,unmatched,0,,,,,
1666,PO BOX 25364,VIP SAL 7616,MIAMI,FL,33102,1,Census_Geocoder,unmatched,0,,,,,
1667,PO BOX 260489,,PLANO,TX,75026,1,Census_Geocoder,unmatched,0,,,,,
1668,PO BOX 26101,,WINSTON SALEM,NC,27114,1,Census_Geocoder,unmatched,0,,,,,
1669,PO BOX 26666,PHS PROVIDER ENROLLMENT,ALBUQUERQUE,NM,87125,1,Census_Geocoder,unmatched,0,,,,,
1670,PO BOX 2768,,SAN ANSELMO,CA,94979,1,Census_Geocoder,unmatched,0,,,,,
1671,PO BOX 2879,,GLEN ALLEN,VA,23058,1,Census_Geocoder,unmatched,0,,,,,
1673,PO BOX 32569,,KNOXVILLE,TN,37930,1,Census_Geocoder,unmatched,0,,,,,
1674,PO BOX 4000,,MOUNTAIN HOME,TN,37684,1,Census_Geocoder,unmatched,0,,,,,
1675,PO BOX 415348,,BOSTON,MA,02241,1,Census_Geocoder,unmatched,0,,,,,
1676,PO BOX 44008,,JACKSONVILLE,FL,32231,1,Census_Geocoder,unmatched,0,,,,,
1677,PO BOX 4780,,BLOOMINGTON,IN,47402,1,Census_Geocoder,unmatched,0,,,,,
1678,PO BOX 487,,LEXINGTON,SC,29071,2,Census_Geocoder,unmatched,0,,,,,
1679,PO BOX 52233,,LAFAYETTE,LA,70505,1,Census_Geocoder,unmatched,0,,,,,
1680,PO BOX 523882,C/O THE MAILBOX #10649,MIAMI,FL,33152,1,Census_Geocoder,unmatched,0,,,,,
1681,PO BOX 570,,SHREVEPORT,LA,71162,1,Census_Geocoder,unmatched,0,,,,,
1682,PO BOX 67000 DEPARTMENT 272801,,DETROIT,MI,48267,1,Census_Geocoder,unmatched,0,,,,,
1683,PO BOX 7227,,WEST COLUMBIA,SC,29171,1,Census_Geocoder,unmatched,0,,,,,
1684,POK C KIMMD,VA HUDSON VALLEY HCS,CASTLE POINT,NE,12511,1,Census_Geocoder,unmatched,0,,,,,
1686,PRIMARY CARE HSTM VETERANS HOSPITAL,800 HOSPITAL DRIVE,COLUMBIA,MO,65212,1,Census_Geocoder,unmatched,0,,,,,
1687,PRO HEALTH PARTNERS,9 BISHOP RD,OXFORD,CT,06487,1,Census_Geocoder,unmatched,0,,,,,
1704,PSC 476 BOX 25,NBHC SASEBO JAPAN,FPO AP,CA,96322,1,Census_Geocoder,unmatched,0,,,,,
1749,PSHCS AMERICAN LAKE DIVISION,9600 VETERAN'S DR,TACOMA,WA,98493,1,Census_Geocoder,unmatched,0,,,,,
1750,PSHCS DENT A-112,9600 VETERANS DRIVE,TACOMA,WA,98493,1,Census_Geocoder,unmatched,0,,,,,
1751,PUGET SOUND HEALTHCARE SYSTEM- ALVA,9600 VETERANS DRIVE,TACOMA,WA,98493,1,Census_Geocoder,unmatched,0,,,,,
1755,REC CENTER PHYSICAL THERAPY,400 COLLINS RD NE 154-100,CEDAR RAPIDS,IA,52498,1,Census_Geocoder,unmatched,0,,,,,
1756,ROCK ISLAND ARSENAL,1 ROCK ISLAND,ROCK ISLAND,IL,61299,1,Census_Geocoder,unmatched,0,,,,,
1757,ROOM 4530 DUKE SOUTH BLUE ZONE BOX 3807,DUKE UNIVERSITY MEDICAL CENTER,DURHAM,NC,27710,1,Census_Geocoder,unmatched,0,,,,,
1758,ROSWELL PARK CANCER INSTITUTE ELM AND CARLTON STREET,,BUFFALO,NY,14263,1,Census_Geocoder,matched,1,"ELM ST & CARLTON ST, BUFFALO, NY, 14203",42.898509525566,-78.86500334534,,
1759,ROUTE 12 BLDG 449,ATTN: PROFESSIONAL AFFAIRS NAVAL AMBULATORY CARE CENTER,GROTON,CT,06349,1,Census_Geocoder,unmatched,0,,,,,
1760,ROUTE 12 BLDG 449,NAVAL AMBULATORY CARE CENTER ATTN PROFESSIONAL AFFAIRS,GROTON,CT,06349,1,Census_Geocoder,unmatched,0,,,,,
1761,ROUTE 12 BLDG 449,NAVAL AMBULATORY CARE CENTER ATTN: PROFESSIONAL AFFAIRS,GROTON,CT,06349,1,Census_Geocoder,unmatched,0,,,,,
1764,SCHOOL OF DENTISTRY FACULTY PRACTICE PLAN,501 S PRESTON ST UNIVERSITY OF LOUISVILLE,LOUISVILLE,KY,40292,1,Census_Geocoder,unmatched,0,,,,,
1766,SENIOR MEDICAL OFFICER,USS THEODORE ROOSEVELT CVN-71,FPO AE,NY,09599,1,Census_Geocoder,unmatched,0,,,,,
1767,SENTARA OBICI HOSPITAL 2800 GODWIN BLVD,ANESTHESIA DEPARTMENT,SUFFOLK,VA,23534,1,Census_Geocoder,unmatched,0,,,,,
1769,SHCC 1 FLETCHER DRIVE,,GAINESVILLE,FL,32611,1,Census_Geocoder,unmatched,0,,,,,
1770,SHCC UNIVERSITY OF FLORIDA CAMPUS,1 FLETCHER DRIVE,GAINESVILLE,FL,32611,1,Census_Geocoder,unmatched,0,,,,,
1771,SIDNEY & LAMONT STREETS,,JOHNSON CITY,TN,37684,1,Census_Geocoder,unmatched,0,,,,,
1772,SIDNEY AND LAMONT STREET,VA MEDICAL CENTER BOX 4000,MOUNTAIN HOME,TN,37684,1,Census_Geocoder,unmatched,0,,,,,
1773,SIDNEY/LAMONT ST,NUTRITION AND FOOD SERVICE (120),MOUNTAIN HOME,TN,37684,1,Census_Geocoder,unmatched,0,,,,,
1774,SOCPAC SOJ07,BLD 20 RM 212,CAMP H M SMITH,HI,96861,1,Census_Geocoder,unmatched,0,,,,,
1775,SOUTHWIRE FAMILY MEDICAL CTR,1128 SOUTHPARK STREET,CARROLLTON,GA,30119,1,Census_Geocoder,unmatched,0,,,,,
1778,STUDENT HEALTH APPALACHIAN STATE UNIVERSITY,614 HOWARD STREET BOX 32070,BOONE,NC,28608,1,Census_Geocoder,unmatched,0,,,,,
1779,STUDENT HEALTH CARE CENTER 1 FLETCHER DRIVE,UNIVERSITY OF FLORIDA,GAINESVILLE,FL,32611,1,Census_Geocoder,unmatched,0,,,,,
1782,SW WASHINGTON MEDICAL CENTER,,VANCOUVER,WA,98668,1,Census_Geocoder,unmatched,0,,,,,
1783,SWCMHC 215 N MAGNOLIA ST,,SUMTER,SC,29151,1,Census_Geocoder,matched,1,"215 MAGNOLIA ST, SUMTER, SC, 29150",33.922958968897,-80.337171864251,202669489,R
1784,TAMPA GENERAL HOSPITAL,ONE DAVIS BLVD,TAMPA,FL,33601,1,Census_Geocoder,unmatched,0,,,,,
1785,TAYLOR @ MARION ST,,COLUMBIA,SC,29220,1,Census_Geocoder,matched,1,"TAYLOR ST & MARION ST, COLUMBIA, SC, 29201",34.007636388948,-81.032711765521,,
1786,TAYLOR AT MARION,PALMETTO HEALTH BAPTIST,COLUMBIA,SC,29220,1,Census_Geocoder,matched,1,"TAYLOR ST & MARION ST, COLUMBIA, SC, 29201",34.007636388948,-81.032711765521,,
1787,TAYLOR AT MARION ST,,COLUMBIA,SC,29220,1,Census_Geocoder,matched,1,"TAYLOR ST & MARION ST, COLUMBIA, SC, 29201",34.007636388948,-81.032711765521,,
1789,TEXAS TECH SCHOOL OF PHARMACY,3601 4TH STREET MS 8162,LUBBOCK,TX,79430,1,Census_Geocoder,unmatched,0,,,,,
1790,THE CLEVELAND CLINIC,9500 EUCLID AVE,CLEVELAND,OH,44195,1,Census_Geocoder,unmatched,0,,,,,
1791,THE PENTAGON CORRIDOR 8,,WASHINGTON,DC,20310,1,Census_Geocoder,unmatched,0,,,,,
1793,TROUT AVE BLDG 141,NAVAL SUBMARINE MEDICAL RESEARCH LABORATORY,GROTON,CT,06349,1,Census_Geocoder,unmatched,0,,,,,
1794,TTUHSC DEPT OF PSYCHIATRY,3601 4TH ST MS 8103,LUBBOCK,TX,79430,1,Census_Geocoder,unmatched,0,,,,,
1795,TTUHSC SCHOOL OF PHARMACY,3601 4TH ST; MS 8162,LUBBOCK,TX,79430,1,Census_Geocoder,unmatched,0,,,,,
1796,U S NAVAL BRANCH HEALTH CLINIC,PSC 451 BOX 340,FPO AE,NY,09834,1,Census_Geocoder,unmatched,0,,,,,
1797,UCDHSC-SON C-288-5,4200 EAST NINTH AVENUE,DENVER,CO,80262,1,Census_Geocoder,unmatched,0,,,,,
1798,UCHC; MARB BUILDING 263 FARMINGTON AVE,,FARMINGTON,CT,06030,1,Census_Geocoder,unmatched,0,,,,,
1799,UCHSC 4200 E 9TH AVE BOX C238,,DENVER,CO,80262,1,Census_Geocoder,matched,1,"4200 E 9TH AVE, DENVER, CO, 80220",39.730974366252,-104.939420066005,177627660,R
1800,UCONN MEDICAL GROUP,263 FARMINGTON AVE,FARMINGTON,CT,06030,1,Census_Geocoder,unmatched,0,,,,,
1801,UCONN MEDICAL GROUP,263 FARMINGTON AVENUE,FARMINGTON,CT,06030,5,Census_Geocoder,unmatched,0,,,,,
1802,UCONN MEDICAL GROUP,PSYCHIATRY ASSOCIATES,FARMINGTON,CT,06030,1,Census_Geocoder,unmatched,0,,,,,
1803,UMASS MEMORIAL HEALTHCARE,55 LAKE AVE NORTH,WORCESTER,MA,01655,1,Census_Geocoder,unmatched,0,,,,,
1804,UNCG ANNA GOVE STUDENT HEALTH CENTER,GRAY DRIVE,GREENSBORO,NC,27402,1,Census_Geocoder,unmatched,0,,,,,
1808,UNIT 26610,WUERZBURG DENTAL ACTIVITY CREDENTIALS OFFICE,APO AE,NC,09244,1,Census_Geocoder,unmatched,0,,,,,
1809,UNIT 26610,WUERZBURG DENTAL ACTIVITY CREDENTIALS OFFICE,APO AE,NY,09244,6,Census_Geocoder,unmatched,0,,,,,
1810,UNIT 26610,WUEZBURG DENTAL ACTIVITY CREDENTIALS OFFICE,APO AE,NY,09244,1,Census_Geocoder,unmatched,0,,,,,
1811,UNIT 2709 BOX 6,,APO,NY,34021,1,Census_Geocoder,unmatched,0,,,,,
1827,UNIV OF CALIFORNIA SCHOOL OF PHARMACY,521 PARNASSUS AVE RM C 152,SAN FRANCISCO,CA,94143,1,Census_Geocoder,unmatched,0,,,,,
1828,UNIV OF COLORADO BOULDER WARDENBURG,119 UCB,BOULDER,CO,80309,1,Census_Geocoder,unmatched,0,,,,,
1829,UNIV OF NEBRASKA MEDICAL CENTER COLLEGE OF NURSING,685330 UNIVERSITY OF NEBRASKA MEDICAL CENTER,OMAHA,NE,68198,1,Census_Geocoder,unmatched,0,,,,,
1831,UNIVERSITY DRIVE C,VA PITTSBURGH HEALTHCARE SYSTEM,PITTSBURGH,PA,15240,2,Census_Geocoder,unmatched,0,,,,,
1832,UNIVERSITY DRIVE C,,PITTSBURGH,PA,15240,2,Census_Geocoder,unmatched,0,,,,,
1833,UNIVERSITY DRIVE C SUITE 132YA,VA PITTSBURGH HEALTHCARE SYSTEM,PITTSBURGH,PA,15240,1,Census_Geocoder,unmatched,0,,,,,
1834,UNIVERSITY OF COLORADO AT DENVER & HEALTH SCIENCES,,DENVER,CO,80262,1,Census_Geocoder,matched,1,"COLORADO ST & DENVER ST, VERNON, CO, 80755",39.946007368704,-102.315613000308,,
1835,UNIVERSITY OF COLORADO HOSPITAL,4200 E 9TH AVE,DENVER,CO,80262,1,Census_Geocoder,unmatched,0,,,,,
1836,UNIVERSITY OF CONNECTICUT HEALTH CENTER PHARMACY,263 FARMINGTON AVENUE MC2205,FARMINGTON,CT,06030,1,Census_Geocoder,unmatched,0,,,,,
1837,UNIVERSITY OF CONNECTICUT HEALTH CTR,263 FARMINGTON AVENUE - MC1614,FARMINGTON,CT,06030,1,Census_Geocoder,unmatched,0,,,,,
1838,UNIVERSITY OF ILLINOIS COLLEGE OF MEDICINE AT PEOR,530 NE GLEN OAK AVE,PEORIA,IL,61637,1,Census_Geocoder,unmatched,0,,,,,
1839,UNIVERSITY OF LOUISVILLE SCHOOL OF DENTISTRY,501 S PRESTON ST,LOUISVILLE,KY,40292,2,Census_Geocoder,unmatched,0,,,,,
1840,UNIVERSITY OF OKLAHOMA COLLEGE OF PHARMACY,1110 N STONEWALL,OKLAHOMA CITY,OK,73190,1,Census_Geocoder,unmatched,0,,,,,
1841,UNIVERSITY OF PITTSBURGH,440 VICTORIA BUILDING,PITTSBURGH,PA,15261,1,Census_Geocoder,unmatched,0,,,,,
1842,UNIVERSITY OF PITTSBURGH SCHOOL OF PHARMACY,,PITTSBURGH,PA,15261,1,Census_Geocoder,unmatched,0,,,,,
1843,UNIVERSITY OF TEXAS AT ARLINGTON,BOX 19227,ARLINGTON,TX,76019,1,Census_Geocoder,unmatched,0,,,,,
1844,UNIVERSITY OF TN STUDENT HEALTH SERVICES,1818 ANDY HOLT AVE,KNOXVILLE,TN,37996,1,Census_Geocoder,unmatched,0,,,,,
1845,UNIVERSITY OF UTAH,DIVISION OF ID; 30 N 1900 E,SALT LAKE CITY,UT,84132,1,Census_Geocoder,unmatched,0,,,,,
1846,UNIVERSITY OF UTAH DIVISION OF EMERGENCY MEDICINE,30 NORTH 1900 EAST ROOM 1C026,SALT LAKE CITY,UT,84132,1,Census_Geocoder,unmatched,0,,,,,
1847,UNIVERSITY OF UTAH HOSPITAL CLINICS DEPT OF OB/GYN,50 NORTH MEDICAL DRIVE,SALT LAKE CITY,UT,84132,1,Census_Geocoder,unmatched,0,,,,,
1849,UNM BLDG 73,,ALBUQUERQUE,NM,87131,1,Census_Geocoder,unmatched,0,,,,,
1850,UNM COLLEGE OF NURSING MSC 09 5350,1 UNIVERSITY OF NEW MEXICO,ALBUQUERQUE,NM,87131,1,Census_Geocoder,unmatched,0,,,,,
1851,UNMC COLLEGE OF NURSING,985330 NEBRASKA MEDICAL CENTER,OMAHA,NE,68198,1,Census_Geocoder,unmatched,0,,,,,
1852,UNMC NEUROLOGY,982045 NEBRASKA MEDICAL CENTER,OMAHA,NE,68198,1,Census_Geocoder,unmatched,0,,,,,
1853,UNMHSC 1 UNIVERSITY OF NEW MEXICO,DEPT OF NEUROLOGY; MSC 10-5620,ALBUQUERQUE,NM,87131,1,Census_Geocoder,unmatched,0,,,,,
1854,UNR SPORTSMEDICINE COMPLEX,,RENO,NV,89507,1,Census_Geocoder,unmatched,0,,,,,
1858,US ARMY DENTAL ACTIVITY BLDG 9900,2ND FL  CREDENTIALS OFFICE ATTN: PEGGY LEWIS,TACOMA,WA,98431,1,Census_Geocoder,unmatched,0,,,,,
1861,US COAST GUARD ISC KODIAK,BLDG N46,KODIAK,AK,99619,1,Census_Geocoder,unmatched,0,,,,,
1862,US COAST GUARD SFO GALVESTON #1 FERRY ROAD,,GALVESTON,TX,77553,1,Census_Geocoder,matched,1,"1 FERRY RD, GALVESTON, TX, 77550",29.315327722974,-94.770309177101,636934126,L
1863,US DEPT OF STATE,M/MED/QI SA-1,WASHINGTON,DC,20522,1,Census_Geocoder,unmatched,0,,,,,
1864,US DEPT OF STATE M/MED/QM SA-1,,WASHINGTON,DC,20522,1,Census_Geocoder,unmatched,0,,,,,
1865,US DEPT OFSTATE,M/MED/QI SA-1,WASHINGTON,DC,20522,2,Census_Geocoder,unmatched,0,,,,,
1879,USCGC TAHOMA (WMEC-908),C/O PNSY BUILDING 170,PORTSMOUTH,NH,03804,1,Census_Geocoder,unmatched,0,,,,,
1889,USS CARL VINSON CVN-70,DENTAL DEPARTMENT,FPO AE,VA,09566,1,Census_Geocoder,unmatched,0,,,,,
1890,USS DWIGHT D EISENHOWER,,NORFOLK,VA,09532,1,Census_Geocoder,unmatched,0,,,,,
1893,USS JOHN C STENNIS CVN 74,DENTAL DEPARTMENT BOX 66,FPO AP,WA,96615,1,Census_Geocoder,unmatched,0,,,,,
1902,UT HEARING AND SPEECH CENTER,1600 PEYTON MANNING PASS,KNOXVILLE,TN,37996,6,Census_Geocoder,unmatched,0,,,,,
1903,VA HOSPITAL -UNIVERSITY DRIVE DIVISON,132Y-U,PITTSBURGH,PA,15240,1,Census_Geocoder,unmatched,0,,,,,
1904,VA HUDSON VALLEY HCS PM&R/SCI SERVICES,ROUTE 9 CASTLE POINT CAMPUS,CASTLE POINT,NY,12511,1,Census_Geocoder,unmatched,0,,,,,
1905,VA LOMA LINDA HEALTHCARE SYSTEM,11201 BENTON STREET,LOMA LINDA,CA,92357,1,Census_Geocoder,unmatched,0,,,,,
1906,VA LOMA LINDA HEALTHCARE SYSTEM # 119,11201 BENTON STREET,LOMA LINDA,CA,92357,1,Census_Geocoder,unmatched,0,,,,,
1907,VA MEDICAL CENTER,500 FOOTHILL BLVD,SALT LAKE CITY,UT,84148,1,Census_Geocoder,unmatched,0,,,,,
1908,VA MEDICAL CENTER,BUILDING 69 MEDICAL SERVICE 111,MOUNTAIN HOME,TN,37684,1,Census_Geocoder,unmatched,0,,,,,
1909,VA MEDICAL CENTER,PO 4000,MOUNTAIN HOME,TN,37684,1,Census_Geocoder,unmatched,0,,,,,
1910,VA MEDICAL CENTER,UNIVERSITY DRIVE C,PITTSBURGH,PA,15240,1,Census_Geocoder,unmatched,0,,,,,
1911,VA MEDICAL CENTER AT AMERICAN LAKE,URGENT CARE CLINIC-A111PC,TACOMA,WA,98493,1,Census_Geocoder,unmatched,0,,,,,
1912,VA PITTSBURGH HEALTHCARE SYSTEM,UNIVERSITY DR C 132M-U,PITTSBURGH,PA,15240,1,Census_Geocoder,unmatched,0,,,,,
1913,VA PITTSBURGH HEALTHCARE SYSTEM,UNIVERSITY DRIVE C,PITTSBURGH,PA,15240,1,Census_Geocoder,unmatched,0,,,,,
1914,VA PUGET SOUND HEALTH CARE SYSTEM,9600 VETERANS DRIVE,TACOMA,WA,98493,1,Census_Geocoder,unmatched,0,,,,,
1915,VA PUGET SOUND HEALTH CARE SYSTEM,AMERICAN LAKE DIVISION,TACOMA,WA,98493,1,Census_Geocoder,unmatched,0,,,,,
1916,VA PUGET SOUND HEALTH CARE SYSTEM,,TACOMA,WA,98493,1,Census_Geocoder,unmatched,0,,,,,
1917,VA PUGET SOUND HEALTH CARE SYSTEM AMERICAN LAKE D,9600 VETERANS DRIVE SW,TACOMA,WA,98493,1,Census_Geocoder,unmatched,0,,,,,
1918,VA SALT LAKE CITY HEALTH CARE SYSTEM,500 FOOTHILL BLVD,SALT LAKE CITY,UT,84148,1,Census_Geocoder,unmatched,0,,,,,
1919,VA SALT LAKE CITY HEALTH CARE SYSTEM,500 FOOTHILL DR,SALT LAKE CITY,UT,84148,1,Census_Geocoder,unmatched,0,,,,,
1920,VA SALT LAKE CITY HEALTH CARE SYSTEM MENTAL,500 FOOTHILL DR,SALT LAKE CITY,UT,84148,1,Census_Geocoder,unmatched,0,,,,,
1921,VAMC BLDG 160 DOGWOOD AVE,,MOUNTAIN HOME,TN,37684,1,Census_Geocoder,unmatched,0,,,,,
1922,VAMHCS,10 NORTH GREENE STREET,BALTIMORE,MD,21298,1,Census_Geocoder,unmatched,0,,,,,
1923,VAPHS,UNIVERSITY DRIVE C,PITTSBURGH,PA,15240,1,Census_Geocoder,unmatched,0,,,,,
1924,VAPHS UNIVERSITY DRIVE-C,112A-U,PITTSBURGH,PA,15240,1,Census_Geocoder,unmatched,0,,,,,
1925,VAPSHCS AMERICAN LAKE DIV 116-M,,TACOMA,WA,98493,1,Census_Geocoder,unmatched,0,,,,,
1926,VETERAN'S HOSPITAL 500 FOOTHILL BLVD,BLDG 47,SALT LAKE CITY,UT,84148,1,Census_Geocoder,matched,1,"500 FOOTHILL DR, SALT LAKE CITY, UT, 84113",40.756176176103,-111.834686575575,176068491,R
1927,VETERANS ADMINISTRATION CENTER,,MOUNTAIN HOME,TN,37684,1,Census_Geocoder,unmatched,0,,,,,
1928,VETERANS DR,,TACOMA,WA,98493,1,Census_Geocoder,unmatched,0,,,,,
1929,VICENZA HEALTH CLINIC,VICENZA HEALTH CLINIC VICENZA ITALY,APO AE,NY,09630,1,Census_Geocoder,unmatched,0,,,,,
1931,W180 N8085 TOWN HALL ROAD,COMMUNITY MEMORIAL HOSPITAL,MENOMONEE FALLS,WI,53052,1,Census_Geocoder,matched,1,"W180N8085 TOWN HALL RD, MENOMONEE FALLS, WI, 53051",43.163987586884,-88.133901944079,53838907,L
1932,W28550 SUSSEX RD,,MERTON,WI,53056,1,Census_Geocoder,unmatched,0,,,,,
1933,WAKE FOREST UNIVERSITY BAPTIST MEDICAL CENTER,DEPT OF ANESTHESIA - MEDICAL CENTER BOULEVARD,WINSTON SALEM,NC,27157,1,Census_Geocoder,unmatched,0,,,,,
1934,WAKE FOREST UNIVERSITY BAPTIST MEDICAL CENTER,DEPT OF ANESTHESIA MEDICAL CENTER BOULEVARD,WINSTON SALEM,NC,27157,1,Census_Geocoder,unmatched,0,,,,,
1935,WAKE FOREST UNIVERSITY BAPTIST MEDICAL CENTER,MEDICAL CENTER BLVD,WINSTON SALEM,NC,27157,1,Census_Geocoder,unmatched,0,,,,,
1936,WAKE FOREST UNIVERSITY BAPTIST MEDICAL CENTER,MEDICAL CENTER BOULEVARD,WINSTON SALEM,NC,27157,1,Census_Geocoder,unmatched,0,,,,,
1937,WAKE FOREST UNIVERSITY BAPTIST MEDICAL CENTER,MEDICAL CENTER BOULEVARD ANESTHESIA DEPARTMENT,WINSTON SALEM,NC,27157,2,Census_Geocoder,unmatched,0,,,,,
1938,WAKE FOREST UNIVERSITY BAPTIST MEDICAL CENTER,MEDICAL CENTER BOULEVARD--NURSE ANESTHESIA DEPT,WINSTON SALEM,NC,27157,1,Census_Geocoder,unmatched,0,,,,,
1939,WAKE FOREST UNIVERSITY BAPTIST MEDICAL CTR,MEDICAL CENTER BLVD,WINSTON SALEM,NC,27157,1,Census_Geocoder,unmatched,0,,,,,
1940,WEED ARMY COMMUNITY HOSPITAL,3RD ST BLDG 166,FT IRWIN,CA,91230,1,Census_Geocoder,unmatched,0,,,,,
1941,WEST PROSPECTOR PLACE & FOLSOM STREET,,LINCOLN,NE,68509,1,Census_Geocoder,matched,1,"W PROSPECTOR PL & S FOLSOM ST, LINCOLN, NE, 68522",40.784563873612,-96.730259319604,,
1942,WFUBMC,MEDICAL CENTER BOULEVARD/AMBULATORY ANESTHESIA,WINSTON SALEM,NC,27157,1,Census_Geocoder,unmatched,0,,,,,
1944,WILKES BARRE GENEAL HOSPITAL,575 N RIVER STREET,WILKES BARRE,PA,18764,1,Census_Geocoder,unmatched,0,,,,,
1945,WILMINGTON HOSPITAL,501 W 14TH STREET 2ND FLOOR,WILMINGTON,DE,19899,1,Census_Geocoder,unmatched,0,,,,,
