zip_code,specialty,provider_density_per_10k,specialty_mix_pct,medicare_claims_per_provider,avg_services_per_beneficiary,pct_population_over_65,pct_poverty,distance_to_nearest_provider_miles,is_in_healthcare_gov_service_area,access_gap_target
25795,Cardiology,2.841110425223353,0.5054864476743688,169.47698754915595,3.7664531981150002,0.1589991514773094,0.22254276765108305,15.7809460219361,1,1
10860,Mental Health,3.492844596028333,0.6315457180268291,305.1945723054338,3.6022470208264297,0.13588618898594199,0.21139896818745219,16.985454661114915,0,1
86820,Primary Care,6.9348969044202935,0.1692115323484448,195.20239247770624,5.9729099451762995,0.14635221259351358,0.27301471505242353,12.015562691251189,1,0
64886,Primary Care,0.5677280309716268,0.7227564231122965,278.38253478372224,2.0092091768187905,0.14551578222046385,0.23321936322097458,12.759768092505242,1,1
16265,Primary Care,4.913094750054541,0.10861679211125291,538.6552604576063,2.290519645802342,0.22821571984424777,0.17708887189114808,6.374832285940938,1,0
92386,Mental Health,4.990354850750807,0.35903663427197874,503.37979053359805,1.5677032116314336,0.3111993952970365,0.2979579481159076,18.002514813404876,1,1
47194,Mental Health,3.474948322576715,0.11919421698086036,396.52193316399024,5.5877150482687235,0.11990126924812641,0.1165269890423248,1.4599148440280667,0,0
97498,Cardiology,2.2777089283125216,0.37508195774170394,521.9662168381069,4.889056222292254,0.27673907962335564,0.2582979149463635,7.623446919414068,1,0
54131,Cardiology,2.260055286961633,0.4680688192113267,481.0748139594871,5.1116955572842375,0.2635866149132144,0.15669759304847986,14.714208009447264,1,1
70263,Cardiology,7.127822522455644,0.4581769706070583,285.94171251248974,5.513818939822544,0.3181299879573406,0.21218378471893357,2.5217006837520635,1,0
26023,Primary Care,3.8151828033714317,0.21593984291978574,160.5858336274698,3.6244999336291914,0.1610368901267268,0.23181711761310853,4.4802210211375595,1,0
51090,Primary Care,2.9816702224187894,0.5520183570669287,332.8105720051366,3.2559659572536184,0.21252746467125738,0.2084385217975841,12.196428829394172,1,1
77221,Cardiology,3.8658318037355226,0.13134491535326775,454.92588539070255,2.6519573683280826,0.33145684361087935,0.08512682577714832,11.6398797578076,0,1
74820,Primary Care,5.52042801094521,0.6333347740926908,290.0307793012762,3.9460730717392773,0.26499836253382925,0.1607377526869832,15.039637626488146,0,1
10769,Cardiology,1.5931742618356377,0.7626511037954824,416.72455038114344,3.271391983949113,0.1971921032153992,0.1903595944832811,16.439640142675266,1,1
69735,Mental Health,3.870753764103033,0.33783817900578256,101.88008446007399,3.2578279330278757,0.13285309571381712,0.2622609397946492,3.4430119917217135,1,0
72955,Cardiology,4.909132783327902,0.4620675672000324,461.4026050042719,5.6846393186556945,0.16562125197514777,0.16091143719964307,1.349238805729599,0,0
74925,Mental Health,7.6143751613857535,0.3652371946411701,496.9924909411841,5.9201575713956505,0.2453038693723458,0.2796868262010629,14.103131873519215,1,0
77969,Primary Care,2.3939583655656445,0.10469727321284197,438.76082067929764,4.982421946647904,0.27954198689012844,0.16009355575630269,6.726444119560825,1,0
15311,Cardiology,3.1943806093718417,0.3701121520265812,581.9949731395011,4.783790451234641,0.13110547171297338,0.18719496481575293,12.893694364441119,1,1
93104,Primary Care,3.3451894244181783,0.6542041814829426,504.6586316033522,4.4027908088955074,0.24989931501101348,0.24907142073570027,3.8603471731822694,1,0
63707,Mental Health,5.041536182336621,0.5171921895284373,546.7015503320961,1.8303742616675684,0.23758781970968773,0.1957669211055359,9.911760886653294,1,0
95305,Mental Health,3.1754903978000124,0.17088194023061126,563.4640959017064,1.2955291043782726,0.22848886167267698,0.29005451809570615,10.584070175205301,1,1
38693,Mental Health,4.501339439747717,0.6929976427856496,490.74139553059473,4.453631575566316,0.27253077942050197,0.21508395762853189,12.116478511091106,1,0
81932,Primary Care,6.363427473837721,0.47175974141967003,420.8423631035745,4.64393111128288,0.30936239877086547,0.18067736351690028,10.750230310280722,1,0
35658,Primary Care,5.790391955841526,0.6892063532212733,53.14521974843411,1.234864955490699,0.18074742079421707,0.05589799194519897,10.418124634345563,1,0
94478,Primary Care,3.847764848844392,0.5061550631495206,306.2041642727186,5.64025875114424,0.32225304752773987,0.15343322439508245,7.321948925693255,0,1
28431,Primary Care,6.981621332556267,0.4917819113865579,364.13926424229857,1.4557031972233876,0.14015840315463768,0.12481210481504011,2.3524244900436386,0,0
12747,Mental Health,4.686051871953971,0.17368142963790867,217.2166498463998,2.4295026688560117,0.1432559674377911,0.23702641697187232,2.700883739140004,1,0
69150,Mental Health,4.549293796266594,0.21715181319703958,224.95744579690964,4.361949063993523,0.16669301590598096,0.10206941878838645,9.24178721373592,1,0
75725,Cardiology,0.7564082445436864,0.7804176795476138,578.6376786405908,1.8493629720223816,0.12988271738676946,0.10130502182351796,7.760069428598868,1,1
94654,Cardiology,7.9001973526787115,0.25994072272833957,540.4409758615102,1.2770794422112222,0.1575798061707194,0.0973797608093442,10.806561288815459,1,0
45773,Primary Care,1.4222810639722003,0.7842164825932576,517.0484530259373,2.6557324458207487,0.12660294072571115,0.08140390328905898,6.791925215869072,1,1
77435,Mental Health,2.2334818432073495,0.4723388945669844,273.30649093836087,4.829857874275895,0.30543810424634754,0.12775175091772184,14.070291737651162,1,1
66886,Mental Health,0.8877262793114522,0.195052332944756,57.534202724903,3.068393394926302,0.13474224797165615,0.27148052861085625,17.4151416181807,1,1
76803,Mental Health,5.300022251276853,0.16951154192758508,94.12223555064274,4.264864609539696,0.2868243893899642,0.24373211807648876,6.678400586950486,1,0
41551,Cardiology,2.1852588272951,0.246204849494018,221.70800251968203,3.8980954861406834,0.11197846697833344,0.23381280407669836,4.666696150841544,0,1
21394,Cardiology,1.8500782810454262,0.7479461310177351,58.65860214762234,1.111092410127902,0.33713008187847876,0.24933420141249069,3.2074309108276933,1,0
79092,Mental Health,1.1641668816743105,0.3899051570297588,59.43238005335896,5.942699935228533,0.2777900218819415,0.11735447233239292,12.708826770845437,1,1
13890,Mental Health,1.2748171784301174,0.3768039875950401,554.131815903326,1.2071404440969387,0.10169913714652795,0.27186042268812194,9.433263831670818,1,1
51606,Mental Health,4.885030253319416,0.3192443827491218,438.38717616547973,5.839013688242425,0.2909641250500535,0.0843258437854011,4.57229862672949,1,0
90038,Cardiology,5.661558993999466,0.20294329539661188,219.92579453748397,3.749320891821991,0.2285204801915463,0.1340864316788955,13.409597932545253,1,0
97313,Mental Health,3.4803424134830077,0.4414958380346845,122.95451768052423,5.815795135325333,0.2948412925837799,0.19668702974183572,3.8211804771004036,1,0
20627,Mental Health,4.099228111940549,0.1910334477577971,331.3996448422924,1.5737679970691771,0.2306242022226471,0.07572627208550016,11.531713411111099,1,0
18792,Primary Care,5.644758019872381,0.6848361654676294,52.940388469900455,3.452042595927566,0.2602562144088386,0.23253254694410624,11.015819250880028,0,0
83969,Primary Care,0.6303484263910972,0.3592778903927145,566.1275591219792,1.8475204593302932,0.2965829138487601,0.14681151205086873,14.950328222535584,1,1
53001,Cardiology,2.9234799280270893,0.36236249744725746,278.148315663921,1.254874385112212,0.20127701364696415,0.24610141640210004,2.0470831588726686,0,0
86552,Mental Health,7.798233110527598,0.43180449993820913,271.28422538053303,4.087645575311558,0.10067703745511303,0.1732240713961507,17.869585705175275,1,1
33897,Mental Health,4.8508417227160106,0.4108893992160262,264.8264841699802,2.038917104808457,0.3124866239862971,0.09521863110633409,14.35684279678957,0,1
78148,Primary Care,2.4066843492311993,0.7964005811415251,88.13058171327062,3.93848509143773,0.19522259065616565,0.2336904528388361,5.106393968626483,1,0
33483,Cardiology,4.412975349771599,0.48176678485281177,401.0772318855046,1.561822409744928,0.22401068150414577,0.11303598895973589,4.484701623585053,0,0
58555,Primary Care,3.069901160906865,0.16174119265290948,453.1519907955944,2.659932357163514,0.10194166053849218,0.17270257531701072,9.201544068731884,0,0
27159,Primary Care,4.491837416197243,0.524814139103851,421.86896867355966,4.9081627902662355,0.2230230025875245,0.0688833172892269,16.53374126134734,1,1
90077,Primary Care,1.4430613385498663,0.206109005008916,126.13952133116688,3.185257609210938,0.34662185039293236,0.2044666636030092,17.016049869643034,1,1
45920,Primary Care,1.4953599036445804,0.12165635131193939,368.3620924195759,4.138727074486682,0.16956691520469241,0.2164644415540693,10.888665750648277,0,1
77121,Mental Health,1.5765677152954465,0.7795195075740737,363.21646629473963,4.23728970372773,0.1988545675605945,0.14466855249319588,17.35540639104801,1,1
79479,Mental Health,7.548648439451313,0.6414772240741947,527.6259333677601,5.218775219936468,0.2717974991171691,0.28860569508026845,1.1034304746421209,1,0
99475,Primary Care,5.996741887560064,0.7860762946896369,258.52021210660587,2.6246139720332065,0.30369841688091465,0.2685422303705171,1.6683179991003356,1,0
29457,Cardiology,1.7178642099674066,0.4345149136155697,254.31726901268883,4.436477812912588,0.20434790600152508,0.22698522893499867,18.324610279098113,0,1
76557,Cardiology,1.912618128242011,0.4725802718042833,390.18988229500206,5.808079035230828,0.17741721760032314,0.22841301862343566,15.731306667832405,1,1
87189,Cardiology,5.981221061531572,0.21783586914339118,398.18995942473214,4.65121667178934,0.3344564499962668,0.11310042873553781,9.563415106757327,0,0
88953,Cardiology,1.6712288359413046,0.27283519866730993,308.1068750291847,3.4493523835887228,0.26928624166791726,0.21420380777211223,15.318592498081756,1,1
62995,Primary Care,2.259209700011215,0.6869844504319798,293.68264928173164,4.153587222459646,0.12975532612328528,0.09955156630887992,19.15714977274501,0,1
50757,Mental Health,7.725101246152993,0.34932995298231595,321.78121885083544,4.698414488815541,0.11723196953366216,0.08600080597995553,15.669700953744416,1,0
19692,Cardiology,2.4147989354632386,0.6787704816574933,523.5749147268216,4.061378828469362,0.22088746269759224,0.29986697355064507,17.00505534254812,0,1
55758,Primary Care,5.462242627783601,0.5963096070009223,303.6417956896505,1.0833790674491959,0.15502251651181811,0.20559398286829356,15.451525046411174,1,0
82409,Cardiology,7.839734655503978,0.22401964769030586,566.9624855834023,1.9738674884361291,0.16349618834406338,0.15774696816429762,4.196010756237291,1,0
81211,Cardiology,3.307225753548445,0.45521245628381957,327.2020699779793,5.05234108607733,0.31942304470696203,0.12204113072098784,16.837908083269,0,1
75697,Primary Care,0.6313699314654668,0.5741711250631019,572.0603812494903,2.3632532365624233,0.12239150607907767,0.20098011091555684,4.707067580459991,0,1
47065,Mental Health,2.331104678167807,0.2645260503626776,508.05754602799163,4.657810597805669,0.2788410288072224,0.062398377055021534,17.959615232838793,1,1
42606,Mental Health,6.731578935062791,0.6814819573640538,249.337227438706,2.8606010762084937,0.167785563345147,0.07367024762619877,9.714348063540443,1,0
21534,Primary Care,6.984566269662775,0.48137936028163075,525.0027817131388,3.6094216407897157,0.2900820553510344,0.05821417443509909,13.862558293909542,1,1
50397,Mental Health,6.263895233928434,0.21566943530982224,110.53480631061336,1.3398664990970186,0.28060284611588615,0.17479245831566542,10.447576109732227,1,0
11016,Primary Care,1.3483236430742978,0.5080890983152218,558.7759464386579,1.9061278052485477,0.10184797536107326,0.20015165729679563,2.7858276589154385,1,0
99789,Primary Care,6.466327787723023,0.7997996629091398,397.4039332955904,5.785984817596173,0.22728385323039976,0.06561994033945522,6.523723844792636,1,0
65591,Primary Care,7.390083477451282,0.2053650441643895,79.91491168727114,5.45069026723457,0.1348298705945116,0.23030611687472913,19.690905225943116,0,1
99812,Mental Health,5.004571569096771,0.6717298510836697,404.34119800794633,4.261375554495251,0.3165567576446692,0.1075987678786411,19.253580281726528,1,1
33247,Primary Care,7.556565172535486,0.24511630223129058,585.8362097796158,3.2982229869286868,0.3178964707156016,0.2213003634424665,7.0892510554553985,0,0
34300,Cardiology,6.701291627839081,0.6476718306220611,88.39036003804591,4.378806464476119,0.2045864518734395,0.2954742850088114,19.92963928065929,1,0
84065,Mental Health,5.502286377431805,0.6142045461849893,355.0782403790475,4.093051445469695,0.21109890461277014,0.2227764675134628,17.065472714441093,1,0
92798,Mental Health,4.828889275338111,0.3103425699203027,461.28689236765484,3.8427612780230604,0.17582073485113175,0.2707982632309021,12.60823048921284,1,0
19268,Mental Health,3.1143025043147787,0.3280761822951149,495.64222268474225,1.295885359317709,0.27915157474000774,0.28704962668576683,1.7623677849591803,1,0
96807,Mental Health,1.6946558393210385,0.6547649743740435,277.6051059264377,4.164013053307535,0.1896653407566148,0.1716877620880789,18.12748976122921,1,1
22185,Cardiology,5.037154420179056,0.42301185832111887,162.29160754253365,4.844600222855842,0.16694811863065845,0.2255812448549267,11.591156306022075,1,0
73704,Mental Health,2.8858366521358962,0.6115726200982662,73.28825332481111,5.970408273227878,0.20805776487612704,0.26299231338896045,17.501046872852623,0,1
96779,Mental Health,6.99829000645734,0.20358890315608436,368.8493864034736,1.0553927629715485,0.12287187959686469,0.13915222821859652,16.854153278209104,1,1
49099,Primary Care,7.950027030189713,0.6967904473310875,299.101088647186,4.650867266553384,0.2866508011610509,0.11534932914009872,16.827118088820633,1,0
18571,Mental Health,6.143208219616794,0.5976193016776234,571.809417332341,3.8589465796799023,0.10314910031794675,0.2866496431945847,14.265303353583196,1,1
48044,Cardiology,1.1786127146528806,0.7348599661843838,83.33269924320038,3.1702608804047836,0.26112126538014846,0.2315758750922045,6.536887634844923,0,0
61214,Cardiology,2.6651419664797857,0.19266066532448073,426.96743889530313,1.6378508728568544,0.1457161316887181,0.10492053334395658,7.387044897145877,0,0
71228,Cardiology,1.318322238243123,0.5151101502524185,63.73142216603144,3.045425743174381,0.1581010115536033,0.16227084816902837,6.86091503907104,0,0
58984,Cardiology,5.378837358437869,0.5193844095282276,144.2887971907985,2.7718859149306763,0.25890799966001,0.24911294238445236,1.380873991118729,0,0
50774,Mental Health,6.238931484168385,0.34742251838274774,299.46844995755873,2.514149444893711,0.3482358664457268,0.18676574772961052,12.068809275081414,1,0
12568,Mental Health,7.442561231605338,0.4209264971984805,300.1798435415775,4.654398116611039,0.29442937226813765,0.21248802454147225,14.277839738474624,1,0
72592,Cardiology,3.7862925980899074,0.12658709430289744,427.1352986135042,4.503627606421319,0.156459908055848,0.2384420505112631,17.223453876978866,1,1
77563,Cardiology,7.260317371913332,0.6221020270389084,550.6171691772661,3.9451004549045576,0.14400618876028345,0.20550229720224517,3.663143234271877,1,0
12695,Mental Health,7.084183692809956,0.4845257355822219,401.46768740320647,5.693324066466861,0.3165582175669176,0.18501983048054893,11.339479830559233,1,0
58190,Cardiology,2.8789678757404893,0.14041873630842167,574.4443038183299,2.749271920904272,0.21104598698037608,0.23740357109694338,1.1521546728018743,0,0
15258,Primary Care,7.016754691554283,0.5765291250723399,534.8886019328986,2.219009688550898,0.13426320070703887,0.23189075885805016,2.80677930650386,1,0
97538,Cardiology,3.3175418891129484,0.42674745406183157,371.4748875419346,4.279516565491997,0.31555285583048454,0.20746810004579475,2.030023139913868,1,0
49504,Cardiology,2.7265195592021056,0.12412288159750001,508.585573005355,1.9940703046870147,0.30402308822856533,0.13994735334548242,14.784082646294252,0,1
43159,Primary Care,5.368059940957948,0.7787254087936668,403.4176856779987,2.575052535917123,0.3459765909742909,0.15145302305006791,2.54013171367446,1,0
23986,Primary Care,2.962859209138108,0.7643785001626083,93.20680700804994,2.1230122003744243,0.3274359216781709,0.29260963722102434,14.61260664961701,1,0
71858,Mental Health,5.2265656124685815,0.45903169130303834,457.31059779273045,1.345767838592506,0.3129475846651354,0.07809648307288146,5.742869383801084,0,0
22666,Mental Health,5.073738541240209,0.16557069449413714,102.19964269704042,5.137493708178367,0.11314359945275079,0.11712622931320883,17.67654625324185,0,0
48660,Primary Care,4.725791955113441,0.6282348551190143,376.7455293133418,2.2727027146083056,0.1261038423745295,0.17310043980108392,16.44984977891247,1,0
13561,Primary Care,3.3531477817459825,0.4443517700740104,436.45211322202584,3.3651375167151034,0.24224579857603068,0.25918242153594645,19.198774132030255,0,1
36854,Mental Health,4.613747912386076,0.31171323480256596,86.59018451597038,1.2165763662715596,0.2328698115704552,0.09091891593243197,17.791478293702607,1,0
74505,Cardiology,4.973641062390662,0.4439927242699898,176.93705965959248,4.496697331263215,0.21449080362238387,0.11923865453115247,18.7332589632106,0,1
62251,Primary Care,4.592651663716051,0.4657109017838251,553.6197277439073,2.652805011531454,0.19919733135364603,0.06644955444880975,17.316105533752847,1,1
32662,Mental Health,3.8331458956340114,0.49389818931563745,388.972970728093,4.723683639146049,0.20780262121608223,0.22649631651270463,14.174256111682253,1,1
18392,Cardiology,0.6100029278469785,0.40885659955872866,185.45731034579237,3.0620153023393306,0.2423244835336988,0.10955235886890403,4.234923890383284,1,0
40535,Primary Care,4.902962807758632,0.5240287121973397,429.8738741314036,1.978778032028123,0.10051912940002031,0.1471686876677376,6.162442858227766,1,0
88603,Cardiology,1.7633328885703974,0.7431142974244642,378.2270309789293,3.5658754114101794,0.16517719353321303,0.16092536175741695,5.041812356475189,0,0
62256,Mental Health,5.319319767103922,0.35358766096901384,325.8666349548716,1.6525227981871988,0.22956993017217775,0.2728284839016139,12.468129965505906,1,1
99135,Primary Care,6.195082459421495,0.6080015242539644,586.902836243446,3.2026957993649736,0.2805540246684115,0.1528325725828092,10.568778821498427,1,1
45222,Cardiology,4.253339818480561,0.7261167897769626,425.8995775741299,2.5865273871024326,0.1435391730988491,0.08630625497881227,17.474519946010048,0,1
87373,Primary Care,4.567727487348037,0.41918549303195585,256.49261031735193,5.559797920998166,0.23672029344685822,0.18107873458503027,19.100784463482437,0,1
89575,Cardiology,7.636089197494933,0.41041908546733297,490.0403876422774,1.3046436086035997,0.2786149209714454,0.2907394986621574,8.692337902744743,1,0
94651,Mental Health,6.853755210294307,0.5214818897483458,536.5208111066532,4.47008707052871,0.21115691447847618,0.20192141026270277,10.620660512335435,1,0
73335,Mental Health,7.356773869636024,0.5139847315957418,118.87130773425729,1.9137558299371795,0.10677028341751277,0.29584680511514316,19.458810779278643,1,0
20965,Primary Care,6.603247162396898,0.664612539628394,160.30413781489656,2.5952253716611993,0.2123170396164092,0.2602768272347175,6.248539890839727,1,0
34538,Cardiology,1.3168875638504858,0.4335383686448049,168.92485502027884,3.0775703153103295,0.17411122193603829,0.058991439053353203,16.05542473181746,1,1
80592,Primary Care,1.6174389197764603,0.7972860647476089,430.1664951625972,5.540075446874871,0.33241240192533206,0.21459989884426045,5.279558144369679,1,0
18110,Primary Care,4.449678479517197,0.14163009820709654,381.67175527930584,2.2128913303691258,0.13115334641958185,0.12169171938947092,13.947742193080167,1,1
89309,Cardiology,2.345522440984987,0.10221749400649122,390.4453605842235,1.456544012723351,0.263118988876808,0.18990421391118095,5.818696925132719,0,0
37266,Cardiology,4.0752160628086935,0.5481388180917367,567.4253148292255,2.5934480199526178,0.1131799415836253,0.11983629773280664,17.79093438779635,1,1
62992,Cardiology,3.4577399286376265,0.30890443865331374,476.75134304401826,1.5233798526776667,0.2115426094531741,0.13721760415132261,11.66808093099686,1,0
92948,Mental Health,4.6206067882284,0.2682676720896387,120.36530848148075,1.6429824298027627,0.23849487180502013,0.28079217793854483,4.5327391766133065,1,0
16910,Primary Care,6.101567871018671,0.3183293560029964,241.12889533384956,3.8692529898751333,0.17448873282921634,0.10166079622292633,5.263014338271234,1,0
10206,Primary Care,5.866181803244558,0.27923329557346804,289.4665053966546,1.3045096654974666,0.2137689088800961,0.2685272795064576,10.383134718453904,1,1
97054,Mental Health,4.4092559936400075,0.1215530347623135,267.77887381118273,1.1546544069678302,0.14088844863254685,0.057614452017624204,19.270438485922696,1,1
97897,Cardiology,6.667950641127936,0.7800731296734121,418.11973503903357,4.572070507352489,0.17603096236700905,0.0727191345924121,15.623201113789435,0,0
33419,Mental Health,3.73146568653525,0.25452184191694727,540.5412067911094,2.8082354742052225,0.2552765812275507,0.2636687603460659,10.277883213691057,0,1
60636,Mental Health,7.2253571738009175,0.6138208338125144,218.3283049375334,1.6268767461693665,0.17545001396528875,0.20763900772729882,7.416663746682125,1,0
60015,Mental Health,1.0346020254137294,0.6338174762859228,353.5324250316521,2.268063854298541,0.3249357696022179,0.23680903450988755,11.43610137362041,1,1
64268,Primary Care,7.659950225249806,0.7504801786050606,484.1751820524721,4.210432536761996,0.2571017394102474,0.10235441770546357,15.218855835143774,0,0
97939,Mental Health,5.410198110735111,0.12138461996536598,278.91993236494216,2.377682835704256,0.20966225460899612,0.1842708638975259,15.8946431806032,1,0
28141,Primary Care,3.3505588170290395,0.7104338369129054,142.4649706196127,3.4726056256020397,0.10968923388854562,0.2343048058928262,7.167567163841948,0,0
90356,Primary Care,1.97865594929658,0.4690583265878602,311.2230308950615,1.6084765336333615,0.2248870838011678,0.20682853425256564,14.702026096063667,1,1
81910,Primary Care,4.093874220826999,0.5427808769760796,80.37238640866566,3.9404681880272348,0.2911940605312723,0.1679246917228024,13.497986820687537,1,1
66044,Cardiology,1.9591874238897573,0.5511291939847236,568.3108997012523,2.5803884192163205,0.16638939950310339,0.2899459466094287,19.223133547929585,1,1
77214,Primary Care,1.7474870580735662,0.6738584634893093,91.15166285723518,4.134842172643583,0.30169339241219184,0.21903933336336134,18.690715519652283,0,1
43827,Primary Care,5.1301381805973065,0.3333851255113774,291.151193387818,5.041974411520115,0.16295169151272038,0.2769377000603095,15.998207186467964,1,0
65820,Cardiology,4.423135434363385,0.6131358329019954,341.4346935986894,4.058232096949962,0.3059365969877001,0.2324426278934203,14.74449908824364,1,0
72623,Primary Care,5.525720259582062,0.47000467680553804,591.917107758007,2.4787378129751034,0.12131708540291936,0.23386588214942078,6.206790204381241,1,1
91734,Mental Health,7.472044080664919,0.6553758100137435,141.3120030035734,2.2787185077415018,0.3165459272172574,0.07000456743941984,17.073339865872132,1,0
85450,Mental Health,4.4919516000428015,0.7933822229390934,112.93733523679721,2.6371047936672403,0.22479661273333262,0.1398661554634859,9.122608370553957,1,0
32299,Primary Care,4.856990399470983,0.24045571218263287,54.78838088439897,1.8231025661825242,0.17413439740506548,0.26459235167991463,6.172570307614849,1,0
53585,Cardiology,1.1721975436620657,0.7962540490919986,135.56429027811626,1.9058592542501005,0.16627831260378717,0.10815096553718899,8.299054401115788,0,0
74044,Mental Health,5.882268394314721,0.1628685079979418,164.00013848721719,4.95345550950084,0.20800263973259064,0.07887646653911655,16.88277431031365,1,0
52557,Cardiology,3.4992890510311714,0.10162228353336972,396.8195178707008,2.923662882537225,0.3497623745259112,0.13152651415969835,3.824031095979815,1,0
59080,Cardiology,7.825439289969341,0.1309133553244819,170.83873471527022,3.179975902852929,0.15508184835939565,0.10510947122315349,9.667016081276627,1,0
12693,Mental Health,6.673805116967452,0.3392476833157332,61.28644810112887,3.9702473278340555,0.1258041622197499,0.2813220486982888,10.354794296060303,0,0
79163,Cardiology,4.418607803870888,0.5430344314749039,504.6400900263688,3.948267475757738,0.24625879217966545,0.2669916605005328,1.6959642543775686,0,0
35939,Mental Health,1.4241699062912454,0.14832067862149476,251.07763555218173,1.3368843576096285,0.22213561661006426,0.17492080757072603,4.719174561415141,0,0
58925,Cardiology,6.945618449604418,0.10396607017069709,244.53317761940366,5.157703931688328,0.23104906776582682,0.06533596862096701,16.708106142941272,1,1
52941,Mental Health,6.498358215680162,0.7559637199211564,216.36346604235962,1.886632766119697,0.26673385438930425,0.22864058652328906,16.78458038330045,1,0
31834,Primary Care,1.8843884715277475,0.6753486451579508,586.4553024305314,4.615358180248345,0.1667860174676623,0.20585293283406614,6.555886593800712,1,1
28047,Mental Health,2.714587169152326,0.6664282197973218,143.5634795201048,4.863354940640833,0.32766624884597206,0.292638667682124,17.6230474573606,1,1
36105,Mental Health,6.45055443610878,0.7190969928513841,544.0309351742793,4.5744976704565685,0.20891801653057257,0.18973831006759423,15.663875842298609,0,1
85766,Mental Health,1.8892133491055725,0.5900239909404731,477.2418326769384,3.894888232770726,0.13227154878561545,0.13409843085072737,8.94024219211278,1,1
25707,Mental Health,7.38314366878533,0.17308289082365702,92.0639755246222,1.0730449855444144,0.28557468918348605,0.17975542339463896,15.219720543695718,1,0
31976,Cardiology,3.683955688972714,0.37937013165160616,592.7010058254668,2.8018774618158533,0.2607760881544625,0.29481582285112906,19.26535799270132,1,1
54262,Primary Care,1.1527922194074398,0.6062046405252407,199.2512799464558,4.024197146812906,0.17893585062100925,0.22409060813325765,9.720424643241627,1,1
33776,Mental Health,6.618114826282107,0.29623412255406467,104.22060986232678,2.937256479612693,0.2553796810085121,0.2179940344817628,5.5301164001161895,1,0
40080,Cardiology,3.301322622787907,0.5811844548953663,506.1228287691677,5.317399474564065,0.15496548909224422,0.11017039743147135,18.89451350095296,1,1
76842,Primary Care,4.448743956153358,0.11714891378735665,438.6715435227349,2.5440113767480765,0.21120983983513236,0.23590062939015444,12.471141482701873,0,1
71373,Primary Care,1.3422825830841438,0.31429613861571526,389.47034323284544,2.4676739622933024,0.3248531305418313,0.23756795736794295,3.0000380871280803,1,0
16776,Primary Care,0.519380111337368,0.48439123539402096,135.78947503441324,2.32998846546329,0.13338355829018736,0.12932224594397634,11.880973501277099,1,1
65016,Primary Care,5.284889043449732,0.5424628806543697,313.17286394077905,2.6639043448039774,0.1966741124968655,0.17092845809767832,10.511036899517675,1,0
19474,Mental Health,4.363813777502987,0.5039284651233377,479.3058147879676,3.787024821570936,0.3052856061800868,0.12365083323511401,17.256188987435703,0,1
68053,Mental Health,4.951539268423604,0.5884293932514006,216.99316597911215,4.535076471362954,0.3423727248515445,0.11467626758107168,11.083208605506906,0,0
31959,Cardiology,6.453078877853873,0.10426212376788735,221.4294056832728,4.312839588693926,0.21348153410544896,0.05647401756237129,5.849416252541386,1,0
15530,Cardiology,5.349544350671451,0.17065883998426506,51.72749832646716,5.038589099907398,0.22674990503583684,0.12130293616333303,13.837237213432882,1,0
13748,Cardiology,1.8108008212053288,0.7082609765954015,145.83387090495876,5.429569977487125,0.2430429904459424,0.1884924874695687,11.308933598176022,1,0
23545,Primary Care,3.2057938933294987,0.5772240508631129,531.4730938170089,5.080395211716756,0.33308703540842766,0.05040029688725721,5.427847937070577,0,0
76199,Primary Care,7.294183285908202,0.17905214988020793,292.9605704007389,1.0947270168717729,0.3145516977442574,0.12080477095241686,11.898929300915249,0,0
44766,Mental Health,6.274585251887592,0.6894521061790055,591.3289745789386,4.679589767759944,0.1426502811554111,0.2703525830808125,16.609175979904037,1,0
83530,Primary Care,4.6747779345253795,0.2695618524771969,267.63937996558593,2.041997868091658,0.20918945446176873,0.19841214627684023,1.5428474367561984,1,0
71087,Primary Care,2.4173374835695425,0.4347819189366565,443.3525501291327,1.6646402135399132,0.21600010704910655,0.2019657060202451,12.986169734257123,1,1
78840,Primary Care,2.765453763760963,0.20163755901926222,205.05547359760104,4.192443923995677,0.29727402791218915,0.15084107625658832,7.642118719903449,1,0
64384,Cardiology,5.989685506892259,0.5970770394951948,250.09530262751343,2.5987159770384745,0.25072322065135877,0.21911803587310275,6.560757469429059,1,0
61005,Cardiology,6.883806956395781,0.5667980947099875,154.89929317499207,1.2855858168522163,0.2635551155072532,0.09748319155758979,8.459167256861114,0,0
56576,Mental Health,5.535685021479608,0.24777872981629534,240.88430267466723,1.6881486719918066,0.3495499769164044,0.2546867025960479,7.498430620711652,0,0
49353,Primary Care,6.571474818263313,0.7043805367999013,350.9806362313537,1.0046470843498052,0.11874001086750327,0.07917227998397496,16.81254302746039,1,1
72003,Primary Care,6.249921014003045,0.38091421695379857,595.4750845385872,5.516118136723536,0.15575245588343326,0.21400033866327733,6.221158404590111,1,0
93211,Mental Health,1.622779759677183,0.3047605637495193,415.3109421894821,1.123089919206193,0.20197398434288671,0.13528733145492078,14.929907439025122,0,1
62733,Primary Care,3.679586096849765,0.20663071262517485,159.58527492457273,2.047278847547555,0.18694560076222178,0.23687824264561919,2.7871365843431857,1,0
75318,Primary Care,1.64737850621422,0.28631760876087625,74.72879287535312,3.0813139034395367,0.1054113903367459,0.187441137816505,19.076531077203896,1,1
99474,Cardiology,2.264266886014886,0.1154188448566719,119.49606472298083,2.7828566297540953,0.12294440161779396,0.16308825961967904,12.824016107722484,0,1
33664,Mental Health,7.019447184882894,0.5082802447192809,359.40536070017606,5.558629384563878,0.270238322850894,0.09235560052331175,14.427652963846642,0,0
77172,Mental Health,4.046689742248866,0.6895615224407635,470.8381808492215,1.2014447286727106,0.31983111584064017,0.2092053660710882,6.662747309794569,0,0
95616,Mental Health,4.515185763819956,0.4842863146091493,567.2305640154108,3.5610735383852576,0.22855675281649437,0.29369246085510325,8.829834805454178,1,1
36736,Mental Health,1.8383447392082908,0.253491773346713,58.70274459825145,4.40239731262187,0.23479776987840822,0.25640085622675374,5.251789339148549,0,0
10854,Cardiology,2.8420383953659702,0.12356842474971091,337.5180778590284,5.6584898684058444,0.16377335820809485,0.06500204814725295,18.718185630242253,1,1
48623,Cardiology,2.2268462632090245,0.250239651281162,308.9770459227472,4.1018562606186055,0.2919690909084278,0.1440573445902978,10.273984494926175,1,0
17392,Primary Care,2.0463962338881982,0.3912849996497646,410.83026208663716,5.018776180058813,0.2879486468418141,0.28139575229756797,12.97851419750181,0,1
65680,Primary Care,5.2847059498697755,0.6317280000898575,357.76836995593806,1.418624689226742,0.24709142230441414,0.17576093688925537,14.951168580083593,0,1
56717,Primary Care,2.426628857342861,0.2314899967764419,427.8715328203643,2.929697554684637,0.15316607162783571,0.2155279564520448,8.05101573089124,0,1
97092,Primary Care,5.240116145153139,0.6038540173482803,411.9454216120547,2.869735672395337,0.12425455455927237,0.2781498363978476,14.681931436243683,1,1
60859,Cardiology,0.9384096058141542,0.7068534278463187,114.35644867187041,5.431441082278588,0.11605964396428148,0.2684486726049702,13.843857305370463,0,1
36309,Mental Health,1.563307951453264,0.41776279367585,489.84485249029575,1.7568558563163745,0.24817401666071942,0.17545509388512776,14.407527343604984,0,1
97455,Cardiology,2.55905190500094,0.6750023941498153,117.77791664397867,1.7594308616831513,0.30625882978569996,0.1594115756644005,10.295368103887645,1,1
73734,Primary Care,4.977851876717687,0.48826014362456693,434.1918438650254,2.6427907494289924,0.3145826079452312,0.1349231546198968,8.275810263540725,0,0
80467,Cardiology,5.56880933815532,0.5459635859566335,278.8799522023337,1.272330236834188,0.21590551858586243,0.22975486079072277,5.219561575970807,1,0
62662,Mental Health,3.820377250846453,0.46839492223674195,332.61790401712886,1.9122902032624502,0.2960678248266792,0.12174669986788582,16.667900703216965,1,1
22688,Mental Health,3.8434318593292174,0.4242209017259393,546.8139079066408,5.826048192728676,0.3367200490852559,0.11247190160772504,12.558650884101894,1,1
35342,Cardiology,5.9338763854896355,0.2642574092430946,539.4360495604176,3.140919699335864,0.168792528122017,0.13906247365094504,9.442691725852406,1,0
47157,Cardiology,0.6186581882418682,0.31223584162273227,499.8209681102662,4.1600960421121815,0.1994900865951893,0.09430376421969801,18.935922227501617,0,1
77863,Cardiology,3.058175183556654,0.30297908326052636,330.5816092509778,4.630556296723185,0.33286974814917014,0.22377995398644185,1.9089374376337374,1,0
62083,Primary Care,6.640302928394245,0.4943022516676704,454.9318955736082,2.834807035036002,0.18455774182932122,0.20406016233265306,17.153266958895905,1,1
75733,Cardiology,5.024145576600292,0.18396758511672295,332.09338053534515,1.7361353720525847,0.32846907258044905,0.1707196335289609,19.954069265973477,1,1
99045,Cardiology,3.029203495665653,0.7417541834916346,528.2833453611277,2.032905081108904,0.34526121556361644,0.14758144481538865,17.85190010677448,0,1
44698,Cardiology,7.291435942472554,0.6044586016981793,271.52670827809493,2.5663323829030515,0.2654526821436062,0.2772656357241829,16.39829512669688,1,0
90623,Mental Health,6.294670455870369,0.3810119416392356,583.6294394281822,4.180342101761129,0.30422257237604206,0.057280946247276324,8.111813874720168,0,0
32671,Mental Health,2.4867158542755003,0.21103690116846457,562.7775170258826,2.991402745445272,0.2873863910552713,0.2422769358768248,5.3949694629835765,1,0
35184,Primary Care,5.339673781442877,0.7173945188051452,457.88144069848204,1.0340734895006407,0.27488356440388095,0.2754773929372222,14.96215988949242,1,1
52107,Primary Care,4.968130461417175,0.6766446630708157,203.6787362968396,3.617035925337359,0.17673276824530815,0.16158864485748148,6.7869319594828,0,0
96202,Mental Health,3.5089093552923702,0.6052050869020256,122.40947383629212,5.607566959537089,0.11427358447698593,0.18767262286766168,4.344753960944443,1,1
61663,Mental Health,3.252170594036005,0.2900829331878697,520.0868975512586,5.060388055043395,0.18576293312991266,0.2861159219705095,15.943991854968234,1,1
25708,Mental Health,3.0767035608177795,0.38171264620356826,140.9162573758787,5.126056856298155,0.2667339963009766,0.10306937882137861,6.938329392497722,1,1
59811,Cardiology,5.128668375467351,0.17192377671669637,519.8434339485347,4.975290088030656,0.12563229955695035,0.18003371194617124,18.37439286025943,1,0
12811,Cardiology,3.8180745236050213,0.2323276673092722,319.92075369179827,2.6186541280521185,0.10297949574456053,0.16868028178205324,16.97202025156338,1,0
66250,Mental Health,6.738973349385665,0.648111646121713,273.6062310944573,4.82596916877196,0.13492309315073467,0.11459816196759252,17.105166260675848,1,0
82082,Cardiology,5.5220196210047146,0.6005271031954788,546.754928358936,1.715806789055965,0.2789339816026988,0.254648307593277,15.659824795060697,0,0
44754,Cardiology,1.024487042820756,0.5154400340831543,382.11804039715287,4.288580736379767,0.34319842541411094,0.274900148690809,17.736747051719995,1,1
21411,Primary Care,5.301261678711246,0.7270087081483211,367.1377039213448,4.207842833424972,0.3457661749037051,0.2454831449470522,16.30919095138428,0,1
12911,Mental Health,2.533605773751386,0.5082865624691318,357.32126954341874,1.1278489954486735,0.22349478728504696,0.0988397402121521,12.447715907919845,1,1
77270,Mental Health,4.94608993740067,0.42687759997452757,254.1432338107423,4.9398506679546585,0.3173380752480868,0.0716871588753454,6.6206316530553995,1,0
93763,Cardiology,5.600989483275885,0.3382595224140339,482.10370694102,5.516240525475653,0.284206613937876,0.2013611213263356,17.875974671068832,1,0
18680,Mental Health,2.231218918655091,0.7583139540153209,189.03914420867514,2.3370763923605384,0.22526005924615083,0.06427369012747099,16.971468832690647,1,1
94896,Primary Care,3.926439836602765,0.15790082306704745,566.3922280227013,5.061953620930755,0.24319013323877167,0.21820647213952105,9.984707122000357,1,0
93879,Primary Care,1.9274364711430085,0.7516211604425659,541.6918627758284,1.4120298593097411,0.13430678665421777,0.18260605508181066,1.7424950340371486,1,0
81295,Primary Care,0.8925415683988123,0.6787002619517128,235.61417912119398,3.9998392913053302,0.334415365154148,0.21569643318591591,13.132330820636355,1,1
98614,Mental Health,3.338573176144018,0.19095094717499092,451.20507340741506,3.4282343266713857,0.18798244268294417,0.19754269341243602,1.961340219855053,1,0
21111,Mental Health,3.22208203884494,0.49548905037267754,365.2727569472753,3.729617666545,0.21153731411429239,0.1556756423817932,18.599319275119736,1,1
47504,Mental Health,7.966103680281928,0.7065835872243609,235.70711609957903,5.631026009421725,0.26791505774947466,0.10021929503505707,19.270993875880833,1,0
11802,Mental Health,3.847642633982316,0.5002664145250076,593.6869063974957,5.356576236234267,0.18347561788163846,0.12642553395262213,4.60031277209248,0,0
18155,Mental Health,3.0017716210415033,0.7350398750924356,63.88054021654531,4.925418286198785,0.16356479024723264,0.18112514355474413,13.851398183043289,1,1
83656,Primary Care,4.8535625503750595,0.7600886717712297,188.95531684170766,2.368492288391855,0.2577623483175551,0.2129670234119015,2.753111086692493,1,0
49384,Cardiology,1.1657554558082635,0.3956691655290142,336.04073361113274,5.5590931434304585,0.10624602057046237,0.24487075422113214,14.86082164288932,1,1
57254,Primary Care,7.712493019661099,0.3641195629844266,337.07415191321013,1.4875384623193764,0.2801812780066697,0.2417926796122652,7.598465656900817,1,0
31918,Mental Health,5.262200341932749,0.7554248077784098,373.9131912200603,5.2666460827939385,0.22850584246912742,0.2931721858152713,13.93995212287846,1,0
95981,Primary Care,6.161283649556358,0.5725980428047677,463.42189461260557,2.640800361768039,0.2514384326302336,0.12146036216585236,8.08465367484138,1,1
70713,Mental Health,1.7785845363043815,0.18121587694371852,392.91280678561304,1.2688615583099168,0.2579700398117213,0.0677776770533592,3.765782686831479,1,0
40306,Mental Health,3.571083897539029,0.12960422445587685,380.1548032904203,4.346784921203741,0.2317625391231409,0.1364142338854648,8.716089629548598,0,0
26646,Primary Care,3.6701683504714215,0.49524033569808423,79.43295460217381,2.1563996415797773,0.24563344436018397,0.23582361880601915,3.1407970060610104,1,0
56843,Mental Health,6.663548329258151,0.7511196758068972,257.09165828411403,2.2178556293231595,0.2709470502224686,0.1595279127583238,11.96078222456197,1,0
26371,Cardiology,0.5092750981955708,0.6909740916840729,177.63065683563582,2.5302358311438575,0.2882797117949185,0.25444710764735484,1.7780791108401157,0,1
87371,Mental Health,2.756398312649413,0.5730934225250356,195.9535613810865,1.3184238375125836,0.2818630978215301,0.18733159129650373,11.019073912397335,1,0
12049,Cardiology,7.859272807582279,0.19738109422376127,354.88561088718967,1.8856357209912702,0.3174041144330654,0.28244793065762575,17.841004294815278,1,0
41616,Cardiology,4.061649076296639,0.27796196862408695,159.72792321128463,1.0256981379278014,0.1473608582918507,0.2869658604997672,16.919592132267894,1,0
30932,Mental Health,3.368947101830062,0.7128578585868314,211.67200555929364,3.227047605528934,0.2002869923729494,0.06732612650468718,17.772852292903437,1,1
39855,Primary Care,1.3987175151323477,0.22796506565983035,180.39658968453705,1.4212768870898564,0.33694901650361425,0.1641033599281061,18.51892724041504,1,1
71434,Cardiology,7.806234714710117,0.2949075857753042,571.676618770007,4.413263025220995,0.19914764359658244,0.202422265312392,2.98602986963819,1,0
82694,Primary Care,0.6501976694436835,0.19072045583680938,569.5661526941024,2.178114255958242,0.13121751922648067,0.1139681352030532,3.446196854638548,1,1
53016,Cardiology,6.028851687554323,0.5732757619900878,385.46785722782846,5.717870720175886,0.23136128159054486,0.15176919484474505,11.583129319949443,1,0
17400,Mental Health,6.2644985359138134,0.7607876137542467,558.4873578025449,5.356258136993263,0.12737274313861555,0.2194203852794246,17.985480700064155,1,1
52642,Mental Health,2.3274253704789998,0.2882776221167702,482.19695500760525,2.4472044748410413,0.1507133096819663,0.10668355672459036,19.512639673956585,1,1
25151,Cardiology,5.53668832709778,0.4327846254950516,374.4713355409948,4.916077273283394,0.3495796891427392,0.2004953382436131,1.8789764294599993,1,0
61407,Mental Health,1.1969685828454244,0.544037817797843,53.539366323237644,5.0162245233240315,0.23534065959903297,0.22436195704107653,7.759707599812542,1,0
76690,Cardiology,2.427854498240599,0.7996263737509415,474.8839573436722,5.932815570572052,0.17101459726010726,0.07262407777396669,5.044990838539876,1,0
14499,Mental Health,6.409264912191987,0.1733656454983005,436.3685878736579,3.9891999342284246,0.3486937386434765,0.17438232900686318,15.363351129693713,1,0
16295,Primary Care,6.985146440251552,0.4489995596539964,388.3895093053277,1.409828673218311,0.34163972963878575,0.1157700074810477,13.163683502203607,1,0
69040,Mental Health,5.063648094948435,0.36958408393175,468.23337142535945,4.234186144631905,0.21018476027106586,0.23109658899951113,3.277872598193063,1,0
22183,Primary Care,4.301288238653619,0.7060741156556487,332.10719062612117,4.124898741880176,0.16510077719697708,0.09738887713423512,10.18691927993446,1,0
39299,Mental Health,1.6947801546423522,0.43317741170815915,437.2457992267365,4.191752887102159,0.3095999095230475,0.2730594788845266,14.023369925054537,1,1
22874,Primary Care,0.9733177480936263,0.17768426720960367,564.3446476995713,2.5357282405210575,0.27890517924294644,0.15773533412958174,15.801102484556715,1,1
42711,Mental Health,1.3823677135516896,0.5440969017006086,256.69275871534745,5.298397925401664,0.27173535875087756,0.09950075757688838,1.381001485896162,1,0
15539,Primary Care,2.205179750720741,0.6395464327847159,439.46700919534396,5.79736091477706,0.3232784353306181,0.15950544908758235,17.918921905693907,1,1
63351,Cardiology,3.0625587642269063,0.10201687616593022,311.6282999060273,2.0885625648907578,0.27235428346783114,0.15218594070213198,11.816346276059964,1,1
71267,Cardiology,3.356821441332404,0.7012696797944407,420.91980849768987,1.4407607906832223,0.17094948576038727,0.1572297398734276,16.42627318423819,0,1
58354,Primary Care,3.0974132644175265,0.23021610000396595,469.59133455490024,1.9726751658424204,0.27346579046893305,0.19639032337436174,16.350822570271383,1,1
12557,Mental Health,2.292914991479492,0.4864485552573645,74.99887523968778,5.102760696278594,0.17645337782091597,0.18029343122838437,4.607200545148414,1,0
48360,Primary Care,4.322931850637736,0.3910582504812151,405.63024417176405,4.383223174099237,0.2898097449142487,0.08744428292022567,3.0932702848190288,1,1
92018,Mental Health,6.689645811746726,0.6037576716273713,174.70765142381953,4.180236711695633,0.2549369636228915,0.06639476816165908,14.704458110502706,1,0
12200,Cardiology,2.597776538536094,0.3598131303500193,418.51789579416175,3.0089656755471226,0.11935288799618765,0.23235386218163512,3.9721114576107626,1,1
78497,Mental Health,7.567902643266748,0.7088342236771976,307.5816022635974,3.8891398575571787,0.2282088406087855,0.18992935898207836,17.14881233668975,1,0
56975,Cardiology,7.050024962928859,0.6113474526711532,475.454008025688,2.539370626371837,0.1858252422989352,0.13975019201981592,14.797600193379997,1,1
31357,Mental Health,1.713231585140822,0.553399219744045,117.87044836307804,3.3860003970898065,0.18214265818307357,0.25208945562451845,16.99468192293999,0,1
87505,Mental Health,6.397069675678209,0.657368416893998,394.4772934109073,4.96531514185328,0.25056407559431426,0.14701461856523923,6.681240912577575,1,0
12869,Mental Health,4.80940536738325,0.6278161244498677,203.15890091015376,5.906207987277311,0.18058120611735623,0.2489912724001519,7.015363147800811,1,0
71135,Primary Care,4.749315216285639,0.12515707244508734,519.1400974318253,5.662444617949009,0.2942234370512181,0.1264390318780937,13.753209570580035,1,1
60108,Primary Care,3.432820722936308,0.37631404769137977,560.6109280999691,5.669329714231244,0.11769785900279361,0.06821132438629994,1.5974731461200031,0,1
48467,Cardiology,4.258647493865073,0.7515651081215429,598.0190615234804,3.011118674235562,0.2650970630989563,0.28315992344998225,14.80343818041103,0,1
33328,Cardiology,3.478840830719083,0.18800698829455836,487.8040713350058,3.343949402533955,0.3022987009141853,0.1486377823203433,16.879878346237426,1,1
96831,Primary Care,4.547994640699571,0.6159675853024359,464.55373873540253,4.528176981844908,0.2682079224801075,0.24817314321234446,8.888108145477975,0,0
13987,Cardiology,5.2096253957947685,0.7822142679347308,168.52541737715308,5.6109596402564215,0.22430729875499894,0.11978603330557612,15.532697771680905,0,0
68871,Primary Care,5.557278548067863,0.13653904033148015,234.8038824445598,1.7099712967604233,0.33757675343404525,0.211591278030914,4.317607422662977,0,0
32399,Mental Health,4.493608944195696,0.5775357164386273,306.12539796925375,2.521209319135979,0.1749846224495159,0.2683277183144321,7.122947482570209,1,0
56214,Cardiology,5.910665504965488,0.42770789891072136,475.3595762802373,1.6962342229705476,0.10479197188124445,0.060411005584995084,19.511794299099073,1,1
96416,Cardiology,1.5595853695662936,0.5054226787623055,553.2312257928827,4.060042649797277,0.2079973428658602,0.2576589411715223,19.7402352976424,0,1
80271,Primary Care,2.089868681766789,0.1597389355390274,154.02650501264154,2.531504984437688,0.10825298397508182,0.19283325124298217,10.739496007410171,0,1
54064,Cardiology,6.640512530557026,0.13010486630685764,557.3021165685566,2.630539262562867,0.3384841881316022,0.2018679384771423,18.751126037813663,1,1
80091,Cardiology,2.9189598338481137,0.5668066623856453,432.5935587947319,1.354579797439896,0.15247951143701288,0.18078950020149565,10.931882883080236,1,1
50818,Mental Health,0.6717036873209019,0.6763166008745025,385.92390187677125,2.7489803090379596,0.29723175598721985,0.2686187758209106,6.540174435061989,0,1
55525,Cardiology,1.6534336225102333,0.6474107344530771,159.91269920506673,5.312482537007927,0.29364302079359117,0.06085833930890937,6.071086473876665,1,0
29830,Mental Health,2.1771082587223343,0.48066400950636623,80.53876804503281,2.1653640594541748,0.15443222492073339,0.11525709788396203,18.66060840199483,1,1
27429,Primary Care,7.679921659209404,0.16990677479532473,362.65569417936695,4.4759373310503285,0.25530663262004183,0.26894063471478885,4.2764813905033225,1,0
16893,Cardiology,4.7978107169813695,0.5816311106852097,408.3336258308908,4.148141724692963,0.11201974212161256,0.23808642563298898,12.013016705834545,1,0
89909,Mental Health,7.495480553571911,0.26932221848790217,165.9297971450785,5.317423041845577,0.22089364642596687,0.054411290044651464,11.554976293191674,1,0
57333,Primary Care,4.813725128724687,0.7377480919371686,356.050913204001,1.6614397382551913,0.10366178181812169,0.17925157080242715,15.052812008406903,1,0
13436,Cardiology,4.095158301033888,0.6867857516819935,521.0713715194155,5.887949801725216,0.33028597004521043,0.1823931701781687,10.48561524297072,1,1
84290,Primary Care,2.8529576839557205,0.5965680769611736,509.286270000261,3.913143230201828,0.3440215060498929,0.15022053378197758,6.17342755345455,1,1
86213,Cardiology,5.047782083250317,0.7641921690817913,560.0453493224634,5.977370761734072,0.15557069165964632,0.12434833301549743,4.218533492999992,1,0
15895,Primary Care,1.5439851846314738,0.12199527505789105,251.23719525628425,5.557573629329254,0.1520265086490932,0.2204312126030855,12.795557266611944,1,1
29738,Primary Care,7.236962204695295,0.6153402975425334,224.9272649030053,2.107586360565529,0.2884300441405324,0.10194761617618846,14.660824380211428,1,0
40746,Mental Health,6.719993038559628,0.33116994553548373,462.18430328944476,1.2808100495165655,0.1633448497073336,0.2497371405179265,11.82090429495862,1,0
59377,Primary Care,2.8814858590755277,0.7342461199804557,287.11182280335277,2.278195468976808,0.32376913979046124,0.25075929019186793,15.0286742653027,0,1
58404,Cardiology,7.645981457009707,0.28667263766338436,98.15176521527934,3.6378182449970993,0.24348228403074554,0.15381535939320512,3.688902846549243,1,0
64045,Cardiology,6.689005755616761,0.607399549520512,205.54062186877485,1.8579818353259498,0.187694405752578,0.12088700272741192,17.766933703919573,0,0
49790,Mental Health,5.497301643762798,0.714352913755547,280.220257042319,1.8372987225899426,0.30817343658735497,0.1209695453976783,12.065514659761558,0,0
15600,Cardiology,1.4132143334395608,0.12915977286787772,210.8840340119386,3.3129677355257656,0.2233516751033488,0.17057283099905252,3.410034610959346,0,0
50764,Cardiology,4.086755172860542,0.37835330571442527,232.7130640210269,1.1663398558467921,0.32790822842711886,0.2298948061873397,9.776578879908966,1,0
84543,Cardiology,4.295806661350632,0.6336163224153571,211.5767483959149,1.6094404126613524,0.33200355918234525,0.13971717274846468,17.05104301945232,0,0
55714,Primary Care,2.244135187740351,0.418443222655311,72.82454195069369,3.079306697039738,0.14135503803210234,0.2025108363644379,18.053681675610044,1,1
66835,Primary Care,1.0997404576947645,0.28707684085551677,400.40208545344336,1.3156495460398323,0.10058085153298257,0.14562111514564857,6.028340594976468,1,1
83744,Cardiology,6.325427228537695,0.25386374417623303,378.5108311944081,2.9837752822776467,0.3459827350356005,0.12613079728784582,14.514050669498609,1,0
66491,Mental Health,1.4152628909329628,0.19206278684146455,409.3609241632743,3.3700313297422255,0.32653438403186985,0.05621487897894854,2.899719702191757,1,0
28589,Primary Care,4.95718062921331,0.6999906918993977,155.7704428184951,3.256333070365572,0.11386130892596036,0.05097852643384766,1.6373715568309986,1,0
53484,Mental Health,7.523368804127454,0.5027487822760892,212.6099978868669,5.3458742870154365,0.30825856598526746,0.10680191945800112,11.647580122578912,1,0
92989,Cardiology,7.070788944485319,0.1534694614940192,390.78875981970725,3.650312275258662,0.21445123313980163,0.15160157170024885,14.201724007234391,1,1
46212,Cardiology,2.5831446781194582,0.36780622649944483,379.7951626529568,3.3399023123902167,0.16474040125624378,0.26281529184051505,16.119947892353537,1,1
53525,Primary Care,6.88586478163449,0.3574135555635769,328.48167014484727,3.053546226958331,0.31968663091923244,0.24962106073260637,7.464108530651359,1,0
57202,Cardiology,0.5024937959036706,0.2272174334966241,242.7272875056086,5.08811689152243,0.14916680809757682,0.11679131564699748,1.1239827981488528,1,0
42635,Primary Care,0.6326585720994291,0.4048553378305335,552.1120526260795,5.475283019999166,0.3368249998550167,0.11113511074607484,10.110865505115722,1,1
73208,Cardiology,5.019148728821487,0.33246955577519555,236.8736332643641,5.266212345985588,0.15140537192483527,0.10683051776750686,1.3012173620977725,0,0
43828,Cardiology,3.235986643583971,0.33926259384452784,300.59053604048836,4.367732890656955,0.2534207969321859,0.13480933513221677,2.7477057027451988,1,0
28711,Primary Care,3.3984563086936035,0.6173185904515711,422.9626070248148,1.6868087298433712,0.15577158363224372,0.17454967989042136,7.207091428103219,1,1
13420,Primary Care,4.733308180091619,0.25628436985363745,348.6617869767203,2.3843498474600615,0.23641716624215867,0.15966694300789386,9.306268941643367,1,0
10301,Primary Care,1.9383684169389543,0.5493019711987488,240.78728700041205,1.2303153184098872,0.2709937824787853,0.10456829969537344,6.309919383363322,1,0
55236,Cardiology,2.0881651299910877,0.4994547367166544,289.6046347510804,5.654120374950571,0.1475569827050344,0.08261285248590451,12.05544006358945,1,0
76235,Cardiology,4.134511902641485,0.49766475863650717,486.96444981942835,4.303992648454551,0.23022144567516978,0.05314445312154885,2.051645995143809,1,0
64240,Mental Health,6.156901582578973,0.5641051422992432,202.97103551763684,4.731814421566208,0.21726493609752973,0.08849080966662597,3.7470144945521096,0,0
75726,Primary Care,5.1462331355569075,0.4838674253369578,128.24038187724847,2.557858697911145,0.11775935535083532,0.22633909254852957,14.209909614353238,0,0
20492,Cardiology,2.7301628617762916,0.7154785803924693,222.2397610063774,5.228267611386712,0.3045769544188257,0.11090964233639573,3.700676218360437,0,0
16102,Cardiology,3.727528831316909,0.5729060643651819,517.2438185183457,2.2980164185423924,0.18392060016071043,0.16715045253037747,13.155728829838026,1,0
60336,Primary Care,1.7799856891249881,0.4828742759599717,98.94434317099066,1.0082187855622484,0.24364554938796987,0.19782528723081116,2.0390077943139455,1,0
95314,Mental Health,1.059723607528113,0.6808341842013514,595.4328403548485,2.8820748126034696,0.22869605873328358,0.27171022570790176,8.740263303263667,1,1
36641,Primary Care,6.370220305581119,0.5243025954534358,347.55159441021436,3.853807404795367,0.22831512614261054,0.2722137745983549,4.370779932302465,1,0
44584,Mental Health,2.4904055689114593,0.3038009734496253,591.6651591819017,3.393524289827613,0.12680559855212187,0.23643343342033973,3.083089368168542,1,0
42745,Cardiology,1.8332479088843616,0.24496644272359988,566.4480321472877,5.310380712882985,0.20587050231233317,0.05878924801212536,11.773622886523324,1,1
33093,Mental Health,5.687135416769895,0.20662944996387517,299.04754281600424,1.5270264297808347,0.21309168980164256,0.19376760477135374,18.638379668106815,1,1
76105,Cardiology,5.135387557153895,0.7296186487822711,159.170091032942,3.7691172031686277,0.2834107100911121,0.2466458677078766,2.0409539105474277,1,0
61885,Primary Care,5.24892219510098,0.5970948022586461,140.68662711082615,3.564896749104537,0.3100047079801746,0.054322011190840805,9.00953071614265,1,0
46631,Primary Care,2.216709536349602,0.7561649067150246,181.99415012847663,2.406964910860815,0.23624556952500447,0.18742115341414456,14.44317331716343,0,1
82991,Primary Care,2.2448415392201078,0.5223042640004602,440.5729523104955,5.111140562885053,0.12169573851624763,0.26444103644650735,9.791068802068713,1,1
14014,Mental Health,2.1560197233922933,0.4313806170464388,200.1224971023183,4.764243279411032,0.15921236764913657,0.16852551896056672,16.32342297599966,1,0
21093,Cardiology,1.8031444674672088,0.14180154227962255,237.78389828236408,4.664295936659155,0.14123350671318277,0.051026550724362116,4.413261001418502,0,0
28070,Primary Care,5.417927544212422,0.5701495970822209,296.8283421970381,5.38096239134778,0.1311537657972812,0.05275333958390187,19.23228989552707,1,1
45777,Primary Care,6.860119139370511,0.5075461318377619,552.277974231801,4.613923003107606,0.19147482465445187,0.15415900935343763,8.318089927678269,1,1
66958,Cardiology,5.932381022574959,0.7931462255113351,154.16637983666536,2.159206458573632,0.15734837553859551,0.08875216685418864,7.489823025941227,1,0
92074,Primary Care,6.440702253204074,0.26741114444757014,52.76460393539171,4.5278135582484555,0.15457577795287808,0.21611266427331488,17.617510095560153,0,0
20729,Cardiology,3.5359882181389986,0.4715161487007852,83.05302570799358,2.538514066949219,0.11367329364406692,0.2271998162265385,11.713473605943564,1,0
55017,Cardiology,5.405568465289986,0.5556701345826509,547.6214879240649,2.2108732517373526,0.10441751119885848,0.09446994886515715,10.812442496153608,1,0
76320,Cardiology,3.156771803335809,0.5512138223196406,406.1340556638497,1.3650179644981366,0.12569206066244545,0.27213332213112124,14.812580471040189,0,1
37751,Cardiology,4.4412846647648,0.4929054800638819,200.17234063029372,4.720142901738384,0.14304936985590827,0.1604769612447315,12.016850527340717,1,0
88069,Cardiology,4.112261349011467,0.6438496072290578,147.4558755561551,4.555004809749056,0.2077459322120508,0.08571147689798093,4.087797250385192,0,0
64748,Mental Health,1.826653588578908,0.24348684666877152,211.84670515041287,2.1724973883704686,0.22763006532471114,0.24106289951734888,13.809754834433663,0,1
15801,Primary Care,3.4030907025172312,0.6079390401920911,113.13830998820406,4.74689508362078,0.1351479795433414,0.2474936250041932,3.535908706360441,0,0
29190,Mental Health,7.728667066117633,0.5338142000031625,567.8431006564426,5.589204415467766,0.20619583538104658,0.2098238681663644,16.311296401347178,0,0
59689,Primary Care,2.3643519328620655,0.7272525782562014,481.31339590089675,1.5401447874578964,0.18543721058148183,0.2633663883006383,19.804995356533148,1,1
60993,Mental Health,1.5035280220961653,0.6930361073235073,304.3151473018974,2.1631831919338746,0.14585591087448901,0.23434324300766785,8.17036487452075,0,1
39592,Cardiology,3.6393546621795148,0.3206029273927873,525.7294328133611,4.751303970436577,0.1017101870370909,0.27055143430674766,9.450362065838238,1,0
20647,Primary Care,6.42753301895111,0.29336612748260715,187.20201236127775,2.3725333675353912,0.2167544666304354,0.15847201212136985,1.8822394541734337,1,0
18716,Primary Care,4.866111723349792,0.7871573266967136,444.4163126597064,4.123319871418584,0.2714129373162998,0.2368992820248606,1.2609305735689875,1,0
98891,Mental Health,5.607311204286834,0.46908562664067965,520.872874457559,1.4058211223185726,0.15656933353595176,0.2999378908572611,18.506967362650226,1,0
97545,Mental Health,1.9227113613100788,0.7344946747401058,246.22279139279993,3.2610123955176937,0.13295170747416984,0.23123279937990482,3.443857148344649,1,1
99912,Primary Care,5.1421114475579115,0.21471671664633757,466.6054449978947,4.6954571099647655,0.32176068611174047,0.07854594505928304,9.469796203629937,1,1
80316,Mental Health,2.9262529618360533,0.5499732403601221,212.28979209537016,4.432569715216262,0.16875619312194945,0.17957968060729573,16.491737853255668,0,0
12368,Mental Health,6.7572752446607565,0.6669021311524104,214.37142439246693,5.075360503379034,0.1559031549481662,0.196836947810757,17.89705643863807,1,1
87575,Mental Health,5.2197410450805215,0.7631766747105129,108.88144820480233,5.387260633015845,0.31427423490247897,0.09355266876784775,10.868556020385885,1,0
16655,Cardiology,1.9914220833147194,0.33613809871191647,292.0319255801693,4.865917506293791,0.3042767747916903,0.2907229085445094,11.735617974543047,1,1
80031,Cardiology,0.9846250988306461,0.6074868189468368,451.3415485735822,4.35793871469463,0.21208661763115838,0.09389494440865408,13.723995476802177,0,1
86429,Mental Health,0.8197490696527455,0.47716910632773335,567.1214430642067,1.1586124590801559,0.2223097153569436,0.0943894799283057,19.26626693273059,1,1
97922,Mental Health,3.2855642573760555,0.14244024824652773,382.0883455610028,3.67483336704722,0.1544371762085055,0.27879178449363873,12.450729257945596,1,1
65766,Cardiology,2.493883524907351,0.5829998161162604,524.7245457546564,1.1884886245742639,0.11957541761988938,0.16630135828041775,11.63002992967058,1,1
23403,Cardiology,5.34567592596881,0.5830675907664905,502.3720571096249,5.040339085580113,0.24335795633891524,0.06579706981862905,1.2761485700538229,1,0
42097,Primary Care,4.245003762339637,0.7514247633925759,145.33867913640447,2.603622622299788,0.12458623039755329,0.19954687498463214,2.5380443384247653,0,0
88657,Primary Care,2.4951445850403555,0.4481187123182807,317.19958590194733,3.8121468705896047,0.21231863673916246,0.20045658715826198,11.966260905855929,1,1
20966,Cardiology,1.619283334626321,0.2611756444973603,114.30794453896532,2.397226536594513,0.33512429962825263,0.06612518967164045,18.78856736833686,0,1
62921,Mental Health,1.4539982201558719,0.13119467641407542,425.1842388588992,4.912500721901468,0.3382085972926461,0.2931306239084155,17.467135619588504,0,1
59726,Mental Health,6.984952941053132,0.39094953068013405,572.4448175353418,5.432512633209512,0.15983307163683966,0.18600749132364391,19.66899953685189,1,1
60300,Mental Health,2.326084763036504,0.3113416900542513,125.39920194331607,2.99321247106532,0.2560283550114136,0.18994893054494105,11.028846713664207,0,1
32677,Mental Health,5.387829859332262,0.632761814216713,453.6357219413977,5.314611967554945,0.21851906602696441,0.18002885362559862,15.97068783031757,0,1
65609,Primary Care,6.580144459896997,0.34798743538873267,397.73098297732355,2.335375037281662,0.31892128189652647,0.20268294491115502,16.96760629829747,0,1
66661,Cardiology,5.105609833885521,0.7643498374203908,370.98277035445483,3.673304615377619,0.16785771606901329,0.11607493819343874,13.312601489286374,1,0
41024,Mental Health,6.9467392373520935,0.773617142091449,264.5661290785866,5.29380714919352,0.10092560170810422,0.1218103369937102,7.436248180075637,1,0
80313,Primary Care,3.442952911463559,0.5346360131523957,245.3224062645969,2.629406713078952,0.14064030148285378,0.17783477244903317,9.929590258498095,1,0
63006,Mental Health,7.671666429867113,0.7500622009104181,74.88705396038833,5.770211325390429,0.1873807002923495,0.2516714636908949,17.300424372627788,1,0
25338,Cardiology,1.498587531335727,0.632598041160147,169.8497895386074,1.6093975089069181,0.17893028244262216,0.06246614412354472,6.672410593661115,0,0
78027,Primary Care,1.2661214724315357,0.4828017486825884,58.34728525775479,1.091375348617531,0.29784072978072146,0.2008510530550615,18.551119494066324,1,1
90135,Cardiology,5.440191096555827,0.2262155547959447,369.7794080701113,5.520676762890953,0.2701401665347094,0.2516945356265785,5.366320487030637,1,0
29508,Cardiology,7.571233560599463,0.421018560459688,108.21927973284986,1.3432433307393612,0.17488907990372432,0.0892293180093068,15.240811887978833,1,0
13051,Primary Care,6.566625962272461,0.4926121243538324,530.1606667163438,5.959445979737459,0.21443595429155332,0.05375563549514158,12.98062545256903,0,1
58747,Primary Care,1.0731264457853857,0.7047731065145072,337.72866138344085,5.756984309895531,0.12388977598958381,0.12817832378536453,15.242389381294483,0,1
97142,Primary Care,2.595257854510373,0.4369333635749655,434.82944998228965,1.6851045501816033,0.3245366112050252,0.19703592668239955,9.3096038762193,1,1
97235,Primary Care,7.477391636283677,0.7283722708745697,275.971400512273,3.6879231284628293,0.3338562061121335,0.08457079335118693,18.720180188525706,1,0
64021,Primary Care,2.397938246005884,0.5720442853164283,358.31889495057675,1.9246014873357216,0.34495088384523453,0.15653059274312137,13.01697184581807,1,1
76412,Primary Care,6.358778178401894,0.19589934413757,568.4625473316468,3.1407758651505993,0.3171382076964594,0.1880803743435695,6.47762028653087,1,0
68335,Primary Care,6.688491469465278,0.7964869585275651,95.50372179301891,1.3071256462991634,0.1434902219240564,0.19972077368932928,13.13064634239073,0,0
66179,Mental Health,4.215890775957363,0.4690628625277389,189.6657745580329,2.1196229389829475,0.11154912080040721,0.11860293025009379,6.449499196933592,1,0
42093,Cardiology,3.397616823862366,0.3743008074863552,478.99357980079935,2.8163639819944977,0.24489918185316847,0.15000740899657283,6.57901544343761,1,0
79678,Primary Care,3.8759332431481974,0.5613796351286686,104.30546378546622,3.193237501230274,0.3281512567207776,0.2445848072668897,8.59237172079649,0,0
90738,Mental Health,2.202235207740231,0.17622531978672737,91.61360714726096,5.887481291044466,0.14433784041493572,0.2853036735301714,17.19617793381326,0,1
49734,Mental Health,7.170431870966332,0.5455770527273481,248.8477693147212,5.039328228419906,0.10176072865603547,0.2654700827795643,10.505659613485848,0,0
82615,Mental Health,3.879647425473184,0.4487652003494911,100.69237715983778,4.687049721559731,0.3013740115080611,0.191070875433358,13.89911600237394,0,1
83523,Cardiology,7.118445803420749,0.3846718489990082,371.7931432134117,3.685206573709871,0.1191989210716835,0.15257320073598662,8.447387065214798,1,0
27019,Primary Care,1.2927010992970556,0.7671140148252295,174.45138794912992,5.199988803021717,0.2034265079775076,0.13323915359285454,6.008503356330747,1,0
93613,Mental Health,7.9120645325009855,0.4657778017124373,542.6338797596547,2.6966141782785553,0.2697218342971962,0.08123914152100452,19.138163053608395,1,1
96672,Cardiology,3.824548155827137,0.2533822356289569,480.9250444648912,4.5444955638665805,0.15919939636404504,0.07663781180402825,12.468043695338189,1,1
83847,Cardiology,0.858731152955791,0.42127443556410904,434.8378633547119,5.96891987689086,0.12099064086168168,0.22208940622841444,18.745075433071648,1,1
92750,Cardiology,0.7851638617809118,0.7435711832008709,389.3192150614761,2.573144544675994,0.29250530711395717,0.1149486040427901,4.864847041767986,1,1
89634,Mental Health,6.096554431113789,0.22326682993141628,524.9061516878048,4.370087674419837,0.2575437712217603,0.1136654216081117,3.7909891143457224,0,0
38251,Primary Care,5.442766506527605,0.24976992708176585,172.6841338485163,5.2215743207619125,0.34712262112170117,0.29954876361944643,17.26063523535417,1,0
35945,Mental Health,6.5159791859569065,0.10912069742995863,530.2098635203251,5.579037916753361,0.1860770083299898,0.09698148946844885,13.937427039727778,1,1
42217,Mental Health,1.2902565046460448,0.10993303457703703,484.2207641332288,4.589663454700509,0.11544059657254993,0.08701493987220742,4.544991485819185,0,0
18308,Primary Care,0.7667815027666126,0.6805741388709589,461.48845451322705,2.4180396170856815,0.2835875088338239,0.07467130693998016,6.117834312607218,1,1
15949,Primary Care,4.314344670856839,0.6124858247900691,358.69062294120823,2.6314107578447326,0.2304333547133114,0.19495133629169903,16.212614888980912,1,1
61990,Primary Care,3.4069642361207713,0.3485287395163708,185.43428853383006,1.103790160619821,0.15330098284728377,0.20696595650052535,9.623503779922785,1,0
11150,Cardiology,3.964602025032168,0.588817810059301,282.951353795543,4.804429888357548,0.29543224725118983,0.1413069815642205,13.740269623615726,0,1
99480,Primary Care,7.936913066527055,0.37664414841697913,486.4638599963409,1.2136980303097569,0.15093887146248594,0.18385333387786695,7.048688420584207,1,0
84740,Mental Health,7.780624682530027,0.7670277571984793,67.47816639652845,5.323261773013728,0.16516541370823412,0.24709988273622813,8.243369102722657,1,0
76617,Primary Care,7.567365422548947,0.7769368769982244,480.12792309506705,1.593303072372694,0.12313213859167979,0.2545260420804371,19.823538613838995,0,1
26896,Mental Health,6.378820075757554,0.3749556430665404,182.03890726816158,1.8593825606796213,0.19985806975771359,0.28947801892891206,5.704724656319652,0,0
56175,Cardiology,3.161310201926678,0.6979553344386077,129.37006039688168,3.3826323541611867,0.2047323059843547,0.2560669964807186,10.622671163693767,1,1
17805,Mental Health,3.590981976970787,0.6411623291882264,113.63572499916619,4.689402075843712,0.22864044758707458,0.19121035917935664,17.043644520620113,0,0
15237,Mental Health,4.622120327891934,0.31699995602025255,64.9875065729483,1.6950110259953886,0.27724106678094435,0.0949142414592115,5.5452410596513015,1,0
30056,Primary Care,6.7290084230363,0.26242788023077424,337.9725668717991,3.2003553753324923,0.3265252321701064,0.0749408894257106,8.889061377002283,1,0
55543,Primary Care,1.0153462438870082,0.42076425527498373,170.0429299815512,3.4142563720505237,0.13443352472195216,0.0636279724777148,12.686734460029777,0,1
66556,Mental Health,3.682226644136661,0.6469441884300844,594.1874711787973,2.0614282083429565,0.11358702458716427,0.21663145794634592,10.142574878026949,0,1
13343,Primary Care,1.119632475944515,0.7721174493101218,365.9402157297132,1.5777918834031586,0.10463280839858333,0.2518840638494983,9.73054306483603,1,1
23500,Cardiology,4.359931899301337,0.6345053482066009,125.83689814580573,5.182104614928198,0.13590534451720407,0.17717098767101974,7.887684895120349,0,0
63222,Cardiology,7.241756180046766,0.6986448895128591,428.81939744625095,3.5123282488138274,0.26448737144540646,0.06367854370840999,12.146280227723576,0,0
39375,Primary Care,6.368636934229534,0.5221450143193617,543.7589615803489,1.0719061799207648,0.28186926949912416,0.18386764364783453,12.863081260548595,1,0
19662,Cardiology,2.2088181315733246,0.6847854815894882,459.8487224532879,5.014906506545519,0.2966264283820305,0.2839373153811376,13.41250127712589,1,1
26964,Primary Care,7.819931371990943,0.6490946006023924,92.04192357169622,5.903969027072924,0.16092705297608567,0.1994032977331151,2.336994050214557,1,0
69638,Mental Health,5.505127985348213,0.3638898793483961,542.7362996559627,4.029630977071236,0.17647370331537998,0.25235687211570373,12.98964933852893,0,1
83666,Mental Health,0.578207745480523,0.48639321148450476,486.66116222298064,3.5185419354203535,0.22078366139137484,0.25003816209793767,19.111506396843424,1,1
95067,Cardiology,2.4156011351391466,0.6633271853927865,137.06714505808787,5.392079315224809,0.11579577421505663,0.2830322749451632,11.27873847503359,1,0
77215,Primary Care,2.455349749399374,0.13223971393296946,78.48223880304928,5.762583948422993,0.25278538080281154,0.24255719141246834,14.590074567675641,1,1
79042,Primary Care,1.0194072971439496,0.6656554976490809,356.5208164228697,4.772684579512303,0.3459337584189394,0.2369251285032724,11.577913847425139,1,1
23284,Cardiology,7.698698885569468,0.22452168683431642,135.81969623698728,3.227264648671439,0.19020157784450065,0.10852566624266015,17.240071753247594,0,0
82789,Mental Health,4.086914709319428,0.46027853198500734,509.0250239273996,3.961106996657202,0.288211868772846,0.06498128883027036,18.66207879735381,1,1
94664,Cardiology,7.218609480289115,0.6657928076891564,247.08406116942055,4.504676825089996,0.22500847889240197,0.17939986626345195,4.500178086630827,1,0
71389,Mental Health,2.9166162758347127,0.2776747547096864,552.0908446051164,1.971367855009007,0.1319529610900957,0.0811085519866888,9.300340694585405,1,1
19435,Primary Care,1.4392517782462035,0.27206520751430713,361.12849467755314,3.2360051610821903,0.24555936220064656,0.29054896906949784,8.455259917721705,1,1
64340,Mental Health,4.0575208242966045,0.38193507892357637,150.46981133181748,5.149106323586425,0.17496856711101622,0.12248119065825715,8.699087342686294,1,0
54078,Cardiology,1.3546747603573788,0.7262499583043442,126.77937704789005,4.273626742492215,0.10860080211336456,0.26323605084607327,3.384959443329642,0,0
88832,Primary Care,4.145116272331549,0.10030994700604552,367.05984065676466,3.0560203360592704,0.2587324325294359,0.14690615630061482,16.458698793633666,1,1
61293,Cardiology,7.402228859145558,0.7309681676493545,469.03598652434414,4.316812670073407,0.3147330873311819,0.13079856246434435,1.6795586172837698,0,0
88781,Cardiology,4.405761063756596,0.20766491724912545,479.8281062582002,1.5911120603622995,0.18619244172496852,0.2837896430941553,11.036305546815981,1,0
70403,Mental Health,5.123747951713126,0.7930604632472374,201.6665724427047,3.0074880528243817,0.1975738868031926,0.140830643021556,13.575689372849133,1,0
39124,Cardiology,1.6747882773035623,0.7683928951269277,162.3357174016921,4.965642689815282,0.32275542074180286,0.14757197716578413,4.941919323118666,1,0
53919,Mental Health,0.8280171940997711,0.4462726327138984,59.21596747081033,2.10254393568324,0.303402203341839,0.0765229449032273,18.211153649877115,0,1
45247,Primary Care,1.3310597163485527,0.4589041734688397,423.5595331606431,1.9298075377870885,0.2787382058879443,0.21761166632062734,16.932434933471068,1,1
72752,Mental Health,4.9889868176327425,0.437084538193098,92.11254213844644,5.754093299582157,0.16219926593828699,0.12220985361937838,9.95059086019458,1,0
66573,Primary Care,1.212587742442285,0.5448105519616658,281.4186609712592,2.0494881479311537,0.32755416374166113,0.1964010419598768,8.811829714462636,1,0
69101,Mental Health,3.3199466745598354,0.16350519156445173,380.92519021006285,2.3045928982508403,0.13860393938480325,0.19783792601330236,5.494790579010901,0,0
36646,Cardiology,4.62568955343617,0.12283256383909656,565.4099197058224,5.84807969452169,0.2566926298543054,0.22979992389894177,14.86987126825431,1,1
33049,Mental Health,3.4148959897238527,0.14039204989112922,221.49117532567274,4.673542851325129,0.10720029513662968,0.2363103715431103,3.5031321930073185,0,0
89605,Mental Health,1.7276285109897611,0.4110557444690601,187.3746893455859,4.497982665117641,0.26092995158123644,0.17861310860038487,13.924517323031878,0,1
78385,Primary Care,2.553434806355799,0.29288355745363837,409.78808485735414,5.264631919272906,0.16928608796833994,0.13274798690085077,17.006682736249857,0,1
50158,Cardiology,7.462381496364327,0.5354276936596957,390.5814676294699,1.5791154111839714,0.21241924429593,0.25936272370868346,5.340959942423451,0,0
75417,Mental Health,5.5698670668976655,0.7947096025623454,232.66038081946851,4.529781182900036,0.18631613801426328,0.1274664123521212,17.46212065507637,1,1
33289,Cardiology,4.22035879009915,0.3704262211535262,560.4560095303825,3.5184430466411944,0.14318918906155248,0.17687727361733285,1.6331407893506606,1,0
19823,Mental Health,0.5953616749017014,0.5016888778731594,514.674280119298,5.1457532014207,0.2554951975234685,0.15031314580093202,18.34296032234398,1,1
70160,Mental Health,7.943115503671026,0.3909227271351349,173.19040022579463,3.5407085933259714,0.32049388878515184,0.26376959649242204,3.2488823291746622,0,0
51975,Cardiology,5.535912011709824,0.6930901674053016,181.52839998898776,4.101206771344561,0.3397710605706008,0.1579796327864572,13.26942438082262,1,0
19540,Mental Health,2.876918580087087,0.7315654824235667,331.7651907878943,3.3887106319976796,0.14808659078847877,0.14652479720937106,5.751566909364895,1,0
26364,Cardiology,7.094514949983787,0.7141489285436821,475.4646559518962,3.3907946177792203,0.2793431935157433,0.22245592322440938,16.894495432222662,0,1
14611,Mental Health,2.438237152188636,0.7820605670754803,74.22220866365541,4.839849890309157,0.26608484165142055,0.2006102774653607,10.733706857393864,1,0
37663,Primary Care,4.5801243438706365,0.11926342959829071,431.3343345540887,4.142832003236416,0.18584444739364314,0.07681170837396152,3.5695826336835257,1,0
61991,Cardiology,5.270530727973688,0.6878713135018717,406.52974356015335,4.166316008047052,0.10477479983843146,0.17704220158599082,11.84883985519359,1,0
67679,Mental Health,2.1579752859029635,0.6262405211273653,177.31405275214354,3.251412419157629,0.27244781182821654,0.2338695970833119,8.74976959374268,1,1
40977,Mental Health,7.837979591004469,0.26008608658025534,424.7441572827418,3.6555474816876377,0.336373715139875,0.2980186911478391,13.567508515648921,1,0
59115,Primary Care,6.111439294842482,0.7694240653712693,567.1007551886454,4.7285883310239365,0.2580300304789128,0.2072867084925798,17.75616241050573,0,1
98223,Cardiology,4.683599191333024,0.20372454976096183,75.73221473447268,5.129704595559591,0.2088231810469085,0.14257326661032943,8.778393492484952,1,0
70890,Mental Health,1.8544594863147565,0.5756849489937359,225.80863041063438,4.482807010720231,0.23128847352790707,0.1065378999505296,6.507732911143333,0,0
76387,Primary Care,0.9039365524851959,0.2574231517711387,290.99719416649543,5.620364944228416,0.1499072019149794,0.26820755853833006,1.2757867960245672,1,1
28071,Mental Health,2.900448743907376,0.4019664541418523,544.5931974085793,5.101620440736005,0.28763604093843437,0.2536413030283757,11.921941719337623,1,1
69275,Cardiology,6.148905019350521,0.6034119278611982,579.2437956350362,3.8093189490475923,0.28660495750246223,0.10848070519484622,8.643220581197237,1,0
82369,Mental Health,2.519984737265188,0.49432724942313266,294.26338557298277,4.357030363218684,0.13637932509685624,0.10015802253664337,8.118335161281745,1,0
21938,Mental Health,4.546671653716288,0.3992512819296782,462.51562667820514,5.63154138460598,0.3194945956249148,0.2287841942027939,4.475771104400038,1,0
45195,Mental Health,5.959603825480574,0.3284369016523911,342.41356307046567,4.095840221215292,0.16729743486832632,0.12873801547968988,9.171051558634211,0,0
14000,Mental Health,1.3095778598484826,0.6877617589961532,345.78061410775706,5.1240347398991535,0.3455640152341537,0.12659969959048945,19.704397118083996,1,1
80588,Primary Care,5.639735120869051,0.20067004522036963,202.95473328649604,4.4440525179499355,0.19572575350931143,0.08807256176691382,6.657328919772643,1,0
48304,Primary Care,1.1890316578253353,0.4010720135708601,169.32593522513372,3.7596818053023324,0.14447101468362492,0.11599387992745748,12.394383854753904,1,1
79449,Cardiology,7.738473065952474,0.7326303002425996,208.40294025822263,2.2091909770767657,0.18793002783641305,0.1568768893981624,15.753250744997668,1,1
92986,Primary Care,4.162955975487047,0.6920946853219774,355.98040399139364,3.1299875973421405,0.2100450821742983,0.2332095843181039,15.233998640354102,0,1
99643,Primary Care,1.6300708078240804,0.38065923373113275,66.03535231214894,5.838714124168578,0.11732694325957371,0.13407702360343743,7.246711462359224,0,0
30764,Cardiology,3.0678772702515986,0.6341758545209158,548.9869193960233,4.288826916363,0.24455459530582235,0.1321510848699607,12.606341586820157,1,1
96027,Primary Care,3.600623369714461,0.6762125814962016,135.9560402523769,3.8219769016949483,0.24940810996722507,0.12122831313810896,17.554029020132987,1,0
48494,Primary Care,6.18638758307403,0.7222211968025408,171.0487722792626,5.664783127641137,0.28473261383736803,0.16957091687776077,1.293501126928481,0,0
13373,Cardiology,6.0756783955745695,0.4811540383344596,335.0518970462055,3.9325589051872436,0.10729247307268583,0.09515917448532883,9.278952780022845,1,0
22161,Cardiology,5.089553790029982,0.24312262023829828,440.56312148550364,3.6304125920870147,0.2353095536084575,0.17140768350803137,5.2611949465962,1,0
37350,Cardiology,1.2944803441886972,0.27871635355275215,102.65098010941853,4.796554275751026,0.1132268583176661,0.22604388904867245,8.384013517577941,0,1
35351,Mental Health,1.6367702869075518,0.30698627182912297,224.7320836509392,4.563328094932722,0.27528605499166336,0.05744762600815555,8.90380255152959,1,1
98668,Mental Health,1.2031769048416747,0.5156617365667309,582.7710330658964,1.9658000420421637,0.11393199642524612,0.05244484507644047,15.186748330946102,1,1
25305,Cardiology,4.828795874656626,0.12296673689002591,194.28863172952015,3.356541372870606,0.32793196208540815,0.06878072753862731,2.78261557551342,1,0
85353,Cardiology,7.07853831133553,0.5452297281459778,222.1775797847308,3.362577214097926,0.2755206417211241,0.18391501543202804,10.739094159517698,1,0
86797,Cardiology,3.7535038419107885,0.3550479668997625,510.0741698399184,2.891122576216724,0.22684744127128925,0.26361377079635084,11.719701044176162,1,0
75953,Mental Health,1.7063613046830965,0.30666926174274955,77.61793742975038,3.5864674107612657,0.21037598082029374,0.05122111650506299,10.388994467484283,1,1
67458,Mental Health,4.685317438617252,0.7156475995096885,305.537242844934,3.065536988635721,0.1326681576033156,0.28416532614617024,14.905591808191682,0,1
30358,Primary Care,6.588141626492824,0.4220016769065593,258.78922044841863,1.9967274473559158,0.17274984739116578,0.07656962789263395,8.292033862230099,0,0
13267,Primary Care,6.062840461346975,0.16653713187288496,224.12271794975814,3.0618324363734053,0.31723977625522404,0.2604958820145566,18.954374209161447,1,1
92745,Cardiology,7.110880847562661,0.678722737618373,207.13477672462048,1.361384737865883,0.32611320289062345,0.1707136912457367,10.154265408239885,1,0
99588,Mental Health,2.584265729366509,0.13334888020555463,100.25575767322506,3.878929313872058,0.10018692709263277,0.214839346819711,11.853064282681153,0,0
48513,Mental Health,1.9546540045083114,0.6087244569177377,223.15420614340684,5.26827274470556,0.2485340978693878,0.17767074611179562,16.685085643588238,1,1
36092,Mental Health,7.09862364456454,0.6417343552394656,73.67882149361772,4.626435421772776,0.27982515225627835,0.16926205629483865,6.229486012691327,0,0
21338,Cardiology,5.431702345835173,0.34682182415020074,479.5301250044394,2.8019702002705564,0.2546867456144015,0.2587248570910979,2.428838546493247,1,0
10412,Primary Care,2.8319669750566563,0.6773514993944507,269.0252866769064,1.435356027886541,0.1204199412165885,0.23897159489195408,14.447895588887167,0,1
17543,Cardiology,6.067610379293819,0.4609615840995175,294.1471077759514,2.010746996126354,0.15443122469972556,0.17085055913075103,10.177225255419195,1,0
43496,Primary Care,6.613387883602759,0.42430555729095776,541.4770225475723,3.7274517024741787,0.16258506684534652,0.0779089823490154,18.0335807682209,1,1
70692,Primary Care,5.1123368025584925,0.1317822970280848,411.9302411236714,2.035285416915164,0.3079311578262724,0.07885073982860204,19.670920925726247,0,1
99084,Cardiology,5.659130824099363,0.30302043555423414,54.432506838165885,3.7198655564248373,0.2157998590772301,0.2503848651797689,8.583077660919855,1,0
54425,Primary Care,3.3144492833199974,0.7517069796197099,568.7461526287067,2.1579951238194948,0.22170705298530918,0.18234765533688335,8.893341308933556,1,0
48756,Primary Care,4.5402175050727935,0.3742767742984501,180.42945628774117,5.244619347380364,0.3337232616386271,0.17039728505484064,8.751289441908803,1,0
28888,Mental Health,4.4311937804462165,0.4826903643897379,109.18780161792236,2.9863573642022985,0.25927147221367886,0.22014171034017876,7.166528084887597,0,0
45735,Primary Care,6.860358433480789,0.47241517528897625,472.4704981094852,2.2277531297224553,0.32466692538816594,0.2647103958535651,15.852054857561551,1,0
57295,Cardiology,6.79972985211637,0.5133017628758854,325.262523726695,5.061630901235308,0.21412721383538325,0.20721828610332632,15.420919487323825,0,1
93042,Cardiology,6.745103520102824,0.14293166895029785,288.5738113099096,2.7141948240272535,0.13735906462957356,0.24071197558661978,10.094252540459973,1,0
95999,Primary Care,0.5827371069684935,0.35352337835910985,187.22669382550797,1.5574384391939096,0.3324838985185214,0.24131763102923925,1.8485631111990761,1,0
27955,Mental Health,6.121591133516662,0.606189791717788,351.10931942427527,3.852047457018208,0.21467627891688457,0.13906536219823978,6.881626728748395,1,0
47841,Mental Health,6.190072925832537,0.24039217575108807,200.9115328614231,3.9078210221899434,0.14540785546970547,0.11852079891024893,6.553757884541913,1,0
80640,Primary Care,5.587841171413563,0.24250486428245233,545.8706529078872,4.573478376178671,0.17559893507598057,0.2502910167937897,16.41065767780491,0,1
75510,Primary Care,6.171984934185894,0.10706342468231732,168.36246385325603,2.2010971660419276,0.11270064742223557,0.14429469794606087,2.6639358949073197,0,0
44911,Cardiology,6.814777786225315,0.4062373486257469,536.3953327506645,3.218856695461225,0.21707514786409626,0.2758340016306763,16.30783220181138,1,1
69031,Primary Care,4.027392905763392,0.7179140664713954,357.6729841500463,2.411839595213281,0.3132820429775591,0.06742267418252991,13.714489391783717,0,0
98726,Mental Health,4.265376601163354,0.1363306605111163,505.66847364238254,1.4047686805784405,0.3333951140016723,0.06455437801883492,14.916387723478536,0,1
17357,Primary Care,1.4353554268354287,0.23378309664720184,442.06529772352525,5.383069135079458,0.3331505518759109,0.28175104002535206,9.212050564115446,1,1
42479,Cardiology,3.3903191228552134,0.31705917683992857,433.1823112902117,4.644349022441705,0.1313075064071867,0.2121137285453587,13.914790124033406,0,1
71476,Cardiology,5.325238849338382,0.612207315594949,228.39019423228063,2.5073152972940034,0.19551347062776425,0.1448998391120831,12.5715499494314,1,0
54811,Cardiology,6.352998321104559,0.5484449149618106,178.64331230971192,3.9968649643599314,0.1070571899126766,0.2387651037040457,15.61062370934396,0,0
46208,Cardiology,2.1290682326840793,0.3911607332072986,165.98742522443348,2.006318940672362,0.31379133624286815,0.2180817024984103,9.48862685489679,1,1
30150,Cardiology,1.5336717436942655,0.631348257480863,521.4554113827737,5.451183108978855,0.18968894050531843,0.18280026170489905,9.983686873029747,1,1
81180,Primary Care,5.472815033753692,0.5267417081598313,501.234751142461,1.5745317168095516,0.2577792569730587,0.07471833566566284,13.227948232056583,1,0
53286,Primary Care,0.5140991264368298,0.7272285597600534,292.315440406769,1.0191857275390044,0.2787246095193221,0.25304489682318787,3.0534723796613776,0,1
78450,Primary Care,1.8377943823049736,0.6726187243970851,122.82253742305004,3.510040988695911,0.20746116743578885,0.2665057976701562,9.288644518922029,1,1
31352,Primary Care,0.718035352579653,0.2769695242624404,260.23873858760214,3.9156391172643463,0.17661058413756076,0.09304217213816228,19.467066059936307,1,1
65069,Cardiology,1.751638383911532,0.29000700434394017,390.63889977530124,3.894826601479022,0.34055322752898615,0.2626279129942667,1.7134940811408665,1,0
24397,Mental Health,1.8598945994412892,0.18774953305466996,299.921734963974,1.2725596371891315,0.34112205625596353,0.26946182775414107,7.004089734461482,1,1
51555,Primary Care,3.4075519606279565,0.33587530800221954,479.10409766564726,2.5702190345921623,0.1723590920075055,0.18735715307212902,6.968086562698044,1,0
56959,Mental Health,3.5174534351491697,0.799680743103366,598.692552238262,3.495994734206659,0.21990627418611453,0.21404475905567177,13.03581826547968,0,1
10728,Primary Care,7.056968529576784,0.3840258180305427,155.12264864689325,2.0828959281362045,0.34321103966500555,0.14555933000362287,3.0102068290586583,1,0
60517,Primary Care,4.325822843741189,0.25434190428237446,302.80795081276483,5.363129427429482,0.10121710191387581,0.1204479118773165,12.942336586698362,1,0
76234,Mental Health,5.925535742092147,0.6337380191328872,287.04114605645213,1.4355464473071702,0.20316956209478731,0.2304957867379112,2.805764572380769,1,0
49954,Cardiology,1.2810301844021559,0.47972970242385926,217.47089301192295,3.4369222083602144,0.1251143874202421,0.26546878725395207,2.8041193009482894,0,0
57280,Primary Care,2.190790665977704,0.20472101466886677,158.95253419615926,4.45708028756576,0.22728949139065063,0.2135193882389369,14.835483786581163,1,1
89459,Primary Care,5.772075807340076,0.3664827768126061,86.13066406931257,2.308755500672412,0.10616748863512179,0.17789765266163732,7.15856830282313,1,0
26779,Primary Care,0.8960297035139606,0.3901288008775403,537.9156244730341,4.121203684987591,0.20172460784765694,0.08973119171104289,19.571036006561208,0,1
73932,Mental Health,4.1494824668281485,0.627680790398453,280.9167837274747,5.146925750711873,0.1551747686963338,0.06336467815120454,1.7097057922755436,0,0
82936,Cardiology,4.9952672424720035,0.11446995822433313,323.2925351750269,1.9516848754752378,0.23332709061468518,0.16142294756168662,9.457026610641888,0,0
34466,Mental Health,5.016092330393608,0.2883137527588173,554.3181265105037,5.5861029591243145,0.3489984122751749,0.06233739092435532,3.149582815806449,1,0
46939,Mental Health,0.6719960845103152,0.4623174109208654,476.9597626337713,3.76779266331179,0.3001340262816869,0.1923336579768063,7.676200368404064,0,1
79896,Cardiology,2.915810031718891,0.28819271971699034,121.77569526445131,2.496160021505303,0.3114105229061053,0.1456822978294428,19.96622656157196,1,1
45270,Mental Health,5.273679882868655,0.5399038331932993,360.9809821842583,3.1542913769113534,0.2588162468397702,0.23929727992049238,17.888007723032104,1,1
69163,Cardiology,1.6174980211193257,0.4373072354922316,293.2387520857575,2.56095941893194,0.11038996206806465,0.12641212420904585,1.9181637682525412,1,0
92637,Primary Care,5.715617362460399,0.3531971784017065,488.46608991831954,4.62555579966658,0.15169941901103604,0.19824567524185804,11.701861032687985,1,0
61934,Cardiology,6.094439066102559,0.7644460388093586,448.3279011865721,4.981503317075661,0.3312661391117637,0.18442088043877514,13.308623791664278,0,0
74895,Primary Care,7.8647689283460895,0.5425116494305202,429.7231470510896,5.164686961593305,0.1915282794821878,0.05117810638056029,4.981157855052388,1,0
42307,Mental Health,2.0738149614230705,0.19095896058755887,237.29965951394328,5.928841247928705,0.1259091816201989,0.06809734956607759,3.7570058945325546,1,0
64098,Mental Health,6.688480007495864,0.4920641882103769,492.73005171959,4.9564214624834175,0.27560134146655046,0.12259205312150513,18.183241558644944,0,0
70921,Primary Care,4.402224326889906,0.6465122972406308,78.81521257717367,4.006920353442817,0.17486443098356363,0.27055877025519126,19.407512388184156,0,1
15486,Mental Health,3.300969471081301,0.5959427882449582,137.79369578769197,2.696101491958919,0.16721422822604293,0.08675373872494464,19.845964289073194,1,1
18335,Cardiology,1.4178256799388347,0.22046246050668158,234.59280013785144,3.722977243553747,0.34949436388956506,0.22772358261513542,16.005473700958056,1,1
96900,Primary Care,6.016292048656532,0.7806939993280724,92.2440925881047,1.205340863952027,0.31453473125666354,0.29334164153807185,13.606539318699886,1,0
99112,Mental Health,2.2689319935776533,0.4141695520226242,179.24685264408038,4.724125377649566,0.20198445459196024,0.24764188817278882,7.5688747916669605,0,0
21130,Primary Care,3.285665014047843,0.21131750261818294,506.583040648855,3.229777725460509,0.34506530195412477,0.11073634042176099,4.256567934170296,1,1
97508,Cardiology,0.9690667017302632,0.22613702788970355,571.5383457845436,1.100116148660938,0.26252830585480336,0.2770913151032704,2.500631387958402,0,1
70566,Cardiology,6.510251868646392,0.16876449453235637,217.53129567580476,1.3125347075520541,0.28550561296994004,0.07327678912709752,14.172651902478348,1,0
76703,Mental Health,6.249413929787325,0.6624626759044541,195.48369219386103,2.9373323191087835,0.1078782607705529,0.16703548546768393,15.909744888407808,1,1
37192,Cardiology,6.002118725317343,0.1854213460252941,203.9409587355348,3.917107595092175,0.13040131483701428,0.2718854769316034,16.70261939664462,1,1
11062,Primary Care,2.7458263286891498,0.18758767999922288,202.7454980429641,3.3210197447606333,0.25827128162405955,0.21031642731421746,18.361535062772173,0,1
94076,Cardiology,1.8011005569946792,0.6953301303325864,69.76160020228514,4.0960215864607745,0.32475599566237096,0.15341114118192473,17.718661709129098,1,1
99780,Primary Care,5.281649483526723,0.34122285911329175,559.8039904821094,3.401471293956779,0.25593593152189886,0.1232032166842922,19.99508417290376,0,1
31545,Primary Care,4.2212478808491465,0.12160053301565071,167.5339778636806,4.308519227406734,0.13350622357974795,0.1437748513295875,5.637216208377774,1,0
31689,Cardiology,1.8368935017848118,0.13632670966288762,281.00224074477273,2.0956303233540043,0.12894001156158116,0.17723544525232154,15.502844689032,1,1
21174,Mental Health,5.644334532873978,0.1995193126927269,55.327785507532255,1.564215935918107,0.31104647395602036,0.12976098246820184,12.142730735121155,0,0
98461,Cardiology,7.9334482386597776,0.2493753435829827,521.8753000032814,3.9821697731283,0.13482558467697858,0.2922419655205749,5.963657516618065,1,0
19348,Primary Care,6.104146908065283,0.5656023359668838,452.13653945020445,3.4234475846815373,0.23005799012600633,0.28326941326653626,19.656201123451915,1,0
33714,Primary Care,6.0498979001420885,0.2101283960012798,570.7158193455367,1.1343382702246765,0.10927832999057557,0.2676678670535802,18.06006399071079,1,1
48102,Cardiology,7.627345646979438,0.1832120738239504,479.8885135580195,2.9024094274651793,0.12016744184779435,0.15545745888066337,3.4417977004382125,1,0
84460,Mental Health,2.0220227568117664,0.6353033990333955,222.53858162863588,1.5306279274549774,0.26808706691071615,0.22282544233380724,1.497008504144977,1,0
99930,Mental Health,4.741624736910802,0.5697386987019402,186.330347300633,3.656784158763476,0.27229535260687915,0.2757073267589912,14.07828448432086,1,0
16801,Primary Care,7.847350362754126,0.4047269550186654,433.7439691543111,2.978888398302154,0.1853673516521106,0.262607371919732,12.478481948274167,0,0
82267,Primary Care,1.739705832276309,0.48451684003607276,250.26202625577469,4.06575955551509,0.1539024413107612,0.15358175350505193,18.78049685811177,1,1
58136,Mental Health,5.751889695833907,0.31838881422849297,361.4182586639391,5.028011093851191,0.303427567689327,0.07809651233056518,5.446100456047027,1,0
33625,Cardiology,4.893576094789265,0.43775029416475253,53.44160906455863,2.498343419207454,0.1542758073674726,0.06890759095863737,2.603371010004754,1,0
92873,Primary Care,4.898593191415302,0.4546708542879221,84.03713592426138,5.8105105208251375,0.2355067674165949,0.19426601130642568,5.925091341667743,1,0
82592,Primary Care,5.732529706400563,0.37106608982466716,344.4523676499082,3.6781725029378722,0.34205221021572635,0.2106569838027329,1.3596251697178054,1,0
87052,Mental Health,7.472126921567631,0.734600547470514,361.3394055464908,4.09145399377394,0.13696310946559595,0.26246065114925604,1.681962272589716,0,0
54261,Cardiology,6.369364548885034,0.1112433054867043,463.299119452639,4.4033618661286855,0.3352190668736772,0.12312875508525777,18.38229831249443,0,1
11542,Mental Health,0.921020775621575,0.6475198841638724,122.58092579317896,4.333657649287948,0.14572326326716717,0.09186762263751062,7.6883150675356875,1,0
31677,Cardiology,6.895460149067834,0.18706798186892704,332.25069606622833,3.5548537152253106,0.24186080200580737,0.14475145829454988,8.805371019183934,1,0
56732,Cardiology,2.1915599744429946,0.6582831523760396,156.94620443742872,3.1438214555734176,0.19425192798968616,0.13839378090806875,1.349061436223984,1,1
60343,Cardiology,3.3268562355227895,0.5311383409737049,101.25786575948209,1.2689098208868894,0.34123215037545646,0.08311723850446369,6.139913823265085,1,0
49081,Primary Care,3.962996102092866,0.6902946636554818,275.772686733305,1.1104292265058988,0.16838550725048423,0.21807066312828804,16.28979369108719,0,0
72856,Mental Health,4.1067950056480225,0.16826002794862824,139.83515644898148,2.789805972663823,0.1999145005214384,0.17717298518234398,12.694328233667665,1,0
98858,Mental Health,3.763852994415176,0.4912864438698419,171.98008800577523,2.668304453168463,0.34571502946385513,0.2302806890286916,15.32183142064189,1,0
29065,Cardiology,7.5301497066189835,0.450761516183538,224.65501892822596,2.938475774195034,0.23411759779711827,0.13817278004243366,9.497061075081916,1,0
93460,Primary Care,5.795142557480184,0.5943352280743511,192.66362040875794,1.69184100444095,0.22565752890531335,0.1314255528944256,6.88485521327527,1,0
98092,Primary Care,5.233779844675298,0.47400338632557315,98.17521357327053,4.6908413526842185,0.1644446220509978,0.16814396326096392,10.173391773239036,1,0
64693,Mental Health,0.8738152083720616,0.478514196993173,99.45393467283625,5.284822073881195,0.2753408900776103,0.26935183634878673,7.1383502997092725,1,0
36962,Primary Care,7.27934997695281,0.40071716050324535,156.28717837879248,5.693573176870175,0.10359323794444442,0.06007032668349509,16.940450836807294,1,0
38295,Primary Care,7.320426440062971,0.3161840968051386,77.80755337774642,3.461811517598129,0.11237815742557339,0.251208204324118,6.6558005962640685,1,0
23807,Cardiology,6.351597975725768,0.4375850528765346,394.5513608223099,4.504328495627143,0.24983964678395065,0.1422469031644391,13.535509168608591,1,0
52348,Primary Care,0.5527190286021437,0.18294465113788044,208.02969407989607,5.277755617179363,0.1854186434546135,0.26365475644711944,3.602662223881029,1,0
36432,Cardiology,0.9296018830821752,0.7730593372881593,203.86028227298905,3.0914555554674297,0.3383290930502401,0.2505507522089641,14.050463380963288,1,1
93285,Mental Health,2.189177767013673,0.6000875345386188,232.59906183077084,2.5470639743522216,0.32579767268069637,0.13719031184902208,18.352694520400643,1,1
67854,Primary Care,1.4851205610868004,0.7667269816814928,414.5379508153469,5.68362277926745,0.2784265646691768,0.223469133830404,12.563079938158257,1,1
50262,Mental Health,3.491270222777971,0.2587091676309743,528.8486348159198,3.5783827553853653,0.3045363952819503,0.08990818919336004,11.637252220655068,1,1
47080,Mental Health,7.419672935658422,0.7155387141235696,467.4978129056011,3.4862694329543897,0.26683296241692334,0.274070388040947,19.261247092411164,0,1
11324,Primary Care,4.0404532564774875,0.666152989194477,450.14107662380223,1.8920804828174789,0.13139552567754018,0.15112276611297737,12.920534551001081,1,1
45909,Primary Care,0.6005196982412421,0.5740066887203716,316.41515208046707,1.5407750728667837,0.29138584242230064,0.16390640383880006,5.931458232188569,1,0
99339,Mental Health,2.620592671840715,0.537520430259644,431.59305633207646,5.2105343124175585,0.1525479921797116,0.2264397627592462,6.555429453107068,1,1
29870,Primary Care,0.8344618127972115,0.32158476568750904,354.0193024184707,4.07066588093759,0.1808607137750492,0.25521005917621276,14.400826208182618,1,1
44578,Cardiology,0.7721571696012661,0.6714875494755216,168.9377905025909,2.6291229200972435,0.30480855302560506,0.1090856858320524,14.97329528395154,0,1
82124,Cardiology,2.567898898216642,0.45106082303581374,164.7236022575779,1.9586810869513323,0.23413140209836203,0.21533753496924884,6.766428403991289,0,0
36790,Primary Care,2.5670925400920908,0.14962410312389976,213.0156037814059,3.777486400848157,0.3149851785458523,0.14799951097228714,7.561535580600274,0,0
35289,Mental Health,6.40344951951203,0.319004212598591,550.9414690333973,3.9195964463056767,0.15325882996081605,0.14217573100099035,19.830073666042654,1,0
65129,Primary Care,7.811259895858339,0.7547079689817293,351.0781622088492,2.0349680062252906,0.2519446096517218,0.22250645598516366,2.9370984420252713,1,0
25485,Primary Care,3.2840532041749873,0.6954761824233924,453.6479573510282,5.25702873945737,0.12094774313706541,0.1467958185389836,8.688255540361887,1,0
54482,Mental Health,3.7166515914577896,0.7873339886535774,240.6073178991012,1.4213218307792554,0.26076524838500736,0.13652712504110193,2.1865030927526417,1,0
96188,Mental Health,6.835920772145161,0.5395953678228688,274.2436738658739,2.7804654258321087,0.29063350944388366,0.2589721020315606,16.60048887796658,1,0
14748,Cardiology,2.5110426507163504,0.27325705119828836,119.06106825048826,4.401922068812611,0.2462327234946804,0.0753190309577516,2.754570939963213,0,0
96769,Mental Health,1.6728635330258597,0.21397053477380468,144.2122268019187,2.370601819096003,0.16655787537470257,0.21897315570755266,13.806139772791512,0,1
19435,Cardiology,6.898172175527378,0.23084010842592315,505.0461051543801,5.138375973906359,0.10783566721471669,0.11218134844765616,2.073185056066159,1,0
13709,Mental Health,0.8487543983004913,0.11385696084307807,371.66124742888513,4.6993391330020176,0.12986222099107145,0.05387456045654758,13.784245718384131,1,1
40355,Primary Care,5.147745801495618,0.3734774776901575,235.6428562361004,4.945114222740671,0.25557574476850653,0.09169106721817301,17.01770199162636,1,1
65771,Cardiology,4.714946356001051,0.23399937634967977,491.56816494755026,1.5955326793835813,0.3336050542106284,0.20166538244396692,8.57760901155709,1,0
67799,Cardiology,3.094403356262707,0.3881588223196917,185.58594810089065,1.7027356399777145,0.1516336009930016,0.22728179787148434,10.920403375211361,1,0
23116,Cardiology,2.8639214082301923,0.7544961022871358,586.8179842301121,2.432368688722918,0.2837565372762747,0.05526444588908001,8.629293022100367,0,0
35470,Primary Care,6.288932946362159,0.401378146655033,239.64968426039337,3.5903858259878056,0.3166127658122604,0.05910636082543004,6.70928641402014,1,0
52344,Primary Care,1.1481845807190987,0.7145891478893844,235.52102478317516,4.740080383497012,0.23022054461187774,0.27563552871073826,16.262004611915437,1,1
52918,Primary Care,2.2758823198353904,0.5238533366311136,221.55154804518787,5.182654453804517,0.26731644896091444,0.06832645452842996,6.168048900888804,1,1
62224,Primary Care,5.993365488785673,0.2729920882629744,117.16133375835837,4.521676579785902,0.30375382916903704,0.2735455396541428,14.735925063399494,0,1
49298,Primary Care,4.612404377948182,0.349098331481448,111.12543103260683,5.642984407653191,0.1651687894351484,0.10704147843772645,4.917744505848843,1,0
90219,Cardiology,1.459911564001898,0.1587436750750006,406.45776899376784,4.693717548079651,0.17422391856701075,0.23500445003955323,5.747222125488262,1,0
71629,Primary Care,7.116017107115451,0.33342381551720734,531.3149245069258,2.5313394350230736,0.10015687915711405,0.127433312236503,7.392762088967033,0,0
76040,Cardiology,3.4508588492269365,0.5742786618524739,484.7862806494204,2.325406421692863,0.3407735327244506,0.26468800640229595,12.193971170481976,1,1
38016,Primary Care,6.709012814916297,0.15047776505060464,127.6091767117431,4.480962251505449,0.3293862236490862,0.22511371635608945,9.634024064031282,0,0
33960,Mental Health,6.407847616457815,0.24378098593462055,350.07016698563655,1.9643528434480713,0.2911420659398576,0.1504533646504238,15.157751386728588,1,1
43591,Cardiology,5.1831908485379605,0.367008728989318,108.07535028715199,1.4635740540513495,0.11976900524416204,0.06907561354351989,5.057778706387654,1,0
92848,Mental Health,4.2086084847131975,0.7874346759111738,74.91205398719259,3.6611143742809693,0.211875722424877,0.23317504596770178,1.2027734691278482,1,0
77641,Cardiology,7.846631302863177,0.6494032760712162,411.012222661622,5.108207848894777,0.1254729384928882,0.20422118899129538,15.75459196391918,1,1
46395,Mental Health,1.587238042848628,0.6134407225444728,344.33378352419265,1.5068992123493177,0.10398006681569966,0.05072792945844719,16.611337343721374,0,1
32700,Primary Care,5.938667956633361,0.18133366956781222,95.11302686630897,4.959456618978646,0.2540457413031493,0.052354963993111334,2.1301230990594013,0,0
44620,Primary Care,1.9339302609859175,0.6466971255304941,69.21658552329365,5.05786002175774,0.3402073542700471,0.2521982432981735,12.607242921009533,0,1
30559,Primary Care,3.0369732899926127,0.6496881680612107,594.3660273751341,3.4113700004077177,0.32571700585803753,0.11484993470046347,8.185928893588482,0,1
71642,Cardiology,2.815240575298964,0.5207718869370298,66.51173268198953,1.286551550052434,0.27418870373385107,0.20903341693201644,16.084017448695818,1,1
86539,Mental Health,7.602769908040423,0.7932532473988604,294.49053917758783,1.872949256235932,0.12416014604121786,0.16355360494131188,17.61387652973309,0,0
31732,Primary Care,7.755171333412064,0.3276777341471864,327.5404635342326,4.537131375809661,0.16854100941807504,0.2658575036304418,17.169071569147732,1,0
40354,Mental Health,1.8726158317604535,0.7588907137692962,114.50408129024477,4.5588897249547475,0.18001418172132272,0.27924027827562214,15.76688069966619,1,1
23843,Mental Health,0.6652637022312814,0.7403117804695526,142.98397814184395,5.4917763758383265,0.2907875144363903,0.2992019281697135,6.111992346101096,1,0
81726,Primary Care,5.900060297473348,0.1080364618245645,243.49275352569387,3.9134307327729143,0.3005622948087785,0.08842103395181171,16.425903227798017,1,1
27640,Primary Care,3.6349245040286324,0.4150815685323678,468.9217319175144,1.620536838568887,0.19627653074748008,0.26574101161886887,11.136091042219562,1,1
62528,Mental Health,1.166301838156733,0.7839729631361014,328.8953332331467,1.6070745275248606,0.20447099915440242,0.11650534418220045,2.002375681809726,1,0
48413,Primary Care,5.628155791827819,0.17218495368565306,400.84603100412886,4.605661786784118,0.11112725981904284,0.1977039687238769,9.68183814806673,0,0
62638,Primary Care,4.588291461955247,0.4834492860683236,591.8460052998711,1.9189233255395057,0.17228417960469022,0.17644320846730271,18.901000423569872,1,1
62736,Primary Care,7.853876165008295,0.7852702549287729,472.4029894222653,2.6419274980830267,0.21282129429441,0.05449703289309692,17.869327644975503,1,0
78866,Cardiology,2.2055712189603423,0.48884679687410215,288.89882397766974,3.4360600346095698,0.1292457615963144,0.2831928199765237,2.9430213389452047,1,0
29087,Mental Health,3.5298340724491117,0.23287071208050922,295.5430569881018,1.123824387880756,0.2133168651887553,0.06958176378730462,15.138407028573035,1,1
51430,Mental Health,4.5690935254656715,0.5075282610648129,390.3246423725528,2.244095135099659,0.31329395306445007,0.22205472985193397,16.310064453206458,1,0
34504,Cardiology,6.437749913400137,0.24310840176468282,415.9508646303974,3.0394480425364003,0.24533025493126331,0.2462517090520655,6.156375576498531,1,0
17114,Mental Health,4.616289925400441,0.463792984026139,325.3910092101692,2.398181592466031,0.11973246375960309,0.24882196226192105,9.960562844080753,1,1
88859,Primary Care,5.096751206464619,0.1518295525386436,404.673672548239,1.6818516373378292,0.1479178297075686,0.0838736297322112,14.508770887809975,1,1
20975,Mental Health,2.196102886924556,0.5238378684500833,62.942871927754325,4.640061288980987,0.21863608753963903,0.16189248762699304,9.34178828760181,1,0
21023,Primary Care,6.851890460664198,0.4617529573897108,286.29257514326423,5.065738275839925,0.19037178745545302,0.25735721760849495,3.143141458464962,1,0
31447,Cardiology,3.714729102278568,0.6181129581330242,203.41594184041222,2.287394880718624,0.18968175488652467,0.12566980259468868,14.41176644895271,0,0
33959,Primary Care,1.5571972064132695,0.5414903298111495,121.04594488371072,4.872097473031516,0.23231686203589752,0.16693716884366588,18.321135104970764,1,1
76203,Mental Health,5.48140935879063,0.4847243879715297,104.75058204482633,2.9277678220065693,0.24609898039736433,0.11819847317496145,13.397209839716993,1,0
39703,Mental Health,2.1206783988898064,0.5828451944736849,381.7556910880671,3.533428954270014,0.2992153925690477,0.16588785447133103,15.702214222811644,0,1
19337,Mental Health,1.231718826794748,0.20075933950056163,337.98030093393646,5.280005374465764,0.18524164086562117,0.27195948064822,7.8088881774987415,1,0
56427,Cardiology,6.964901813032042,0.5167517628810229,189.47126434800305,4.74976840901204,0.30136657076014667,0.16378105775819235,4.480766657406062,1,0
71529,Cardiology,3.9512169836632975,0.2204774219759444,309.022532324883,5.025584256580888,0.18465280727815814,0.18897800426858008,13.212699570747558,1,0
94665,Mental Health,6.119627845218323,0.7478655454963167,320.7277733503246,1.684225832931784,0.11385824723530846,0.15099407082577088,7.227652910983159,0,0
41921,Primary Care,2.679406698547663,0.14783387339192294,157.25493924123867,1.3485971291686474,0.23854691275119777,0.16502929580083137,17.341396860806064,1,1
43307,Cardiology,6.402276011882497,0.4012623247835553,408.6511840349078,5.4670236454399355,0.2469755812237036,0.05379354976160543,3.3299329495821253,1,0
37355,Mental Health,1.3395194526614773,0.5870582343588114,479.50564601234976,2.9391713478554715,0.333635061405465,0.120936377490114,9.235810294929351,1,1
14835,Mental Health,3.1698003034613955,0.42061554816778113,485.3049474892354,2.439398390348404,0.2815153315156186,0.1591454304354561,8.537824408899331,1,0
30159,Cardiology,7.835463634801464,0.16446667726303166,381.3584068869003,4.623481271309123,0.3294431631236099,0.2084492439981822,18.823023217524664,1,0
57605,Cardiology,6.454922872760045,0.4873653112886952,331.40122038545775,5.182077982899283,0.3270868025607524,0.16251298263847302,3.9095612114836737,0,0
48088,Cardiology,4.229419477360161,0.5491423361791482,83.55392865296719,5.312448109491505,0.2511435275645605,0.13445426083039103,1.187089675228208,1,0
88752,Primary Care,3.048331036714138,0.5926546176933554,208.30721436838323,2.579985705626137,0.23194051633411186,0.14702468383603928,5.523619043335234,0,0
65284,Primary Care,7.0410177501685745,0.3612818701239313,101.29929572799344,5.26106195600837,0.23936024179089996,0.11057333230011664,16.585260335604435,1,0
67043,Mental Health,4.586358193133868,0.4945619797201336,580.1027384831605,1.2046697218717268,0.34458270191931195,0.28112357069351324,4.977114504893324,1,0
45547,Cardiology,6.188187634018333,0.41548053245723926,124.29408042416838,1.2483074572985944,0.29329192293673967,0.18043580644772866,5.5766832104041715,1,0
92844,Primary Care,6.1558076023712305,0.5704392271265775,133.47647541810613,4.117595975870772,0.12656647619809896,0.05335236346803078,3.468077286199405,0,0
37532,Cardiology,0.6345925892636888,0.508489877127373,539.2671400817708,1.3155318455777312,0.29460710169535,0.054861564604886656,14.593287862254268,1,1
44349,Mental Health,1.4469033709446009,0.4680293536913944,569.1605559120518,2.6230458425508076,0.14263451222455648,0.2932404087380104,2.3143096196029265,0,0
55445,Primary Care,5.4472202479605665,0.27466705678677406,471.2059715792004,4.36377993123462,0.21183763725140642,0.10536272284331126,7.29295774424191,1,1
15713,Primary Care,1.7121485846440359,0.10141296242376374,52.97270801996843,2.6863344802711318,0.15261491804413357,0.2514020722035787,6.3674758057983265,1,0
66178,Primary Care,2.416200084917035,0.22185717271800048,50.740449026110035,1.8979989072004795,0.2723957663833074,0.06456882539014362,11.54803486601294,1,0
59407,Mental Health,7.599784656497054,0.1819462289969181,257.9554233830979,2.406753109269208,0.3193274340482589,0.2802906841736373,14.877909035374975,1,0
80340,Cardiology,4.701366937811839,0.41435932150766275,128.8674535059909,3.287876661252159,0.17259047134167022,0.2686042509166696,11.1246522592382,0,0
60990,Primary Care,6.130471302495104,0.5285807055332913,60.11237818337851,3.376929276777412,0.12050268530204691,0.1927732906086287,18.689493866526284,1,1
85672,Mental Health,4.684855540869799,0.24915950607936574,305.2366791724776,4.91500115673601,0.17462327451874082,0.052249664320813946,19.077410138859307,1,1
75545,Cardiology,4.643852110870439,0.757339967177031,568.6840435738344,4.750766147157563,0.2680904644830486,0.1144527185058344,7.867841241471793,1,1
94791,Mental Health,1.2061393259427342,0.10467749045672145,228.10076619633728,3.284089022780676,0.1821900318886125,0.15170566184961626,15.775927149222962,1,1
68141,Cardiology,3.077473944568273,0.64061071061574,413.6273731357831,5.228336745493857,0.16952804188845083,0.16501602918689046,15.037226282095604,1,1
33793,Mental Health,2.618231740148838,0.5376433386713096,408.7294442228424,1.5711856929569792,0.14610879764606624,0.12441968964059301,17.96632724239172,1,1
66570,Cardiology,3.4304627421020992,0.3614883607333773,188.09405701584225,2.2767667511445073,0.2243791067186084,0.0582369670613825,9.510929163946361,1,0
47892,Primary Care,6.487581411682462,0.13534226108868555,407.7338868531254,5.139882317511257,0.16898720703929687,0.19753185148163555,11.078990556758052,1,1
11015,Cardiology,3.2894950093764863,0.5392406002489956,166.7836858577902,2.8899701931307655,0.28275258728487074,0.18103866692368897,8.899711958049906,1,0
71813,Mental Health,3.8877261442376203,0.36992945900595364,117.10407746728897,5.905907793969211,0.11915560049805068,0.12075015885726943,17.157161466694408,1,1
37712,Mental Health,3.480360428639874,0.7553869975892534,435.76080705782954,3.331266407639177,0.26600825827782937,0.059493991892401635,5.364343991880553,0,0
18415,Cardiology,1.200559789814717,0.47939305242283614,112.3924494071542,4.9596781148188205,0.15939000364194247,0.298648546805485,5.554472486606449,1,0
72292,Primary Care,3.808041186880878,0.7577560579054557,598.3000702241454,3.0115352069118595,0.2223198152629008,0.17049654670660147,8.079496967964516,0,1
33833,Primary Care,1.9670695478338627,0.2543385854313129,150.89882063262613,3.124767595312152,0.17152248050781516,0.23900106044351926,5.376513809944672,0,0
14158,Cardiology,1.9004247182978111,0.6080081372548723,376.77802451605163,2.9144157364209176,0.2806921690026989,0.16307850876283386,11.659129891883495,1,1
72680,Cardiology,1.2052707832569975,0.532074314594108,276.25601427692413,4.595378102554059,0.3363267600629092,0.06079257271573536,3.555312023414544,1,0
30309,Mental Health,3.1750323060632355,0.6175857608819183,119.51253232311691,3.7375894202999724,0.3292691948674533,0.127400186271375,7.083538168677052,0,0
16970,Primary Care,6.18111413592063,0.25026750478077575,65.31414916757737,5.7188905568418456,0.24585655378602275,0.1300275352514753,18.35544927103621,1,0
82474,Cardiology,2.5733126793754706,0.5654961613664417,392.5027552610583,2.254451582670524,0.21565257581424457,0.259588226012254,8.775284123644123,1,1
96704,Primary Care,2.8426182641413518,0.4486282751398083,493.71666008401934,1.5028136604172218,0.30457512735984543,0.21355749449996858,15.216440613376676,1,1
56540,Cardiology,5.320059932543177,0.6199774824344214,513.1086138287092,2.966307425496076,0.27083159065693246,0.11885747590986821,3.1557816424249063,1,0
30384,Cardiology,1.9688060944018915,0.3289312509062725,315.49241019231397,4.08356353823388,0.14589102855423322,0.2919349886647715,5.703725654693908,1,0
28017,Primary Care,7.2271844781765076,0.7230399178256768,477.6005069503121,5.303994684577475,0.30522980340325,0.13038545809946783,16.339566802807003,1,1
85880,Cardiology,4.401428924386659,0.15901092022794527,420.0659234186996,2.7309844334016384,0.20722109734867755,0.2995585064571801,15.496865789504188,0,1
18702,Cardiology,3.857022052401627,0.6650325231538317,448.3399901245233,4.268933755622308,0.14724641499279378,0.2990409232925658,8.336962453282602,0,0
10384,Mental Health,4.683651439469011,0.7029237380705636,320.92945287199774,2.750993405116095,0.17044933759912312,0.09780262943668545,19.133541138636012,0,1
10404,Cardiology,1.745257350621466,0.6720766179567749,398.3764571331699,4.0860979149722905,0.16688175756208556,0.12818527904710003,18.302217300856363,1,1
50943,Cardiology,5.101048539793823,0.45890847598324325,493.03925246683133,5.424039735153254,0.229801743650865,0.17151104962116354,19.283714233132557,1,1
57926,Cardiology,3.2232555247550785,0.40686948602153294,268.83629655636264,2.1567882112970453,0.15859252266946888,0.21602516778697273,9.130379113567923,1,0
39189,Mental Health,7.2288975572346414,0.7973836005674138,493.28839547717104,3.021208210535196,0.13089162185039405,0.18201186225094984,4.7519980900279775,1,0
22763,Primary Care,1.766406550082646,0.2604203658499135,375.6092635339846,5.966325982148732,0.1309227126534402,0.2923603672830642,12.90651414273548,1,1
28384,Mental Health,4.302883278990808,0.48281317611323127,141.24556340393244,5.342785141247304,0.24581904928477413,0.23099729105892286,14.01069000730477,0,0
70100,Mental Health,4.985844720267635,0.569472867767628,63.576286473521535,3.8231992894810096,0.2836898222123446,0.1030112123457436,3.38339390455988,1,0
19860,Primary Care,0.7503770133978591,0.5906073451030024,249.51448021953362,3.583137959271377,0.18038325220958518,0.07627438755340958,15.943177651622213,1,1
90642,Mental Health,3.227698435671052,0.2428172660170051,350.6829805629869,2.423001911523405,0.10866267745350427,0.2221003226773392,1.34314417543925,0,0
60612,Primary Care,5.994764260256246,0.5577958646378609,511.9011937119186,3.586047138467647,0.1318062217342527,0.08961311004519075,10.171839362058885,0,1
33574,Mental Health,6.652831305867299,0.6728586965369361,120.1171240771354,5.240907491399736,0.32867364008426425,0.24691921008393852,7.289308930403003,1,0
33524,Primary Care,2.848714961129618,0.13501300377477857,490.1134912259685,4.425872566388903,0.22338591489736326,0.12775916681508426,15.065758138082597,1,1
79172,Cardiology,6.489449542870634,0.7380649053277216,524.6549753369748,2.450220140889933,0.21339320240379367,0.13172331576390162,6.942453821014503,1,0
20916,Mental Health,7.758169078275416,0.12065283860164416,132.87811785045858,2.0073196052676647,0.10951229457752273,0.052699598097377995,16.709335142839624,1,0
14809,Mental Health,6.926554520563206,0.34917972274187603,518.3768756173205,2.3260426849841456,0.2821592555792247,0.2252528167737602,12.3041162868354,1,0
42201,Mental Health,1.382329911194939,0.11106923736307345,595.2994623135356,1.8487960069641325,0.2320170202330197,0.07831743826617145,16.08397387347937,0,1
63330,Mental Health,6.047977490641554,0.1540016179777073,449.76135707653066,1.4782034801185797,0.1505202340216302,0.24322014436587952,19.79747211895285,1,0
23456,Cardiology,2.8975012433040854,0.7378177996260554,481.6233250037434,3.095680872210275,0.1275184400452643,0.1729669554793017,13.90400856912758,1,1
66397,Mental Health,7.9131199205905745,0.3484025815223035,596.9283971573803,1.5664980219913385,0.1958469659079996,0.24606995373864227,19.71405601087124,1,0
48765,Cardiology,4.140192373699153,0.397340071297537,383.01468778926994,1.8595627886355217,0.3092904910487564,0.1959816347994353,1.5478902115124016,1,0
44816,Cardiology,1.4182542376920577,0.25074106696778686,219.33751010893718,3.7366234216974306,0.31632363980025613,0.07060831800474769,7.424659781192361,1,0
55106,Cardiology,5.938891610205431,0.5179670391307039,510.6419587418306,1.8229963684978736,0.25071159509890906,0.24141308417629576,3.0492120266838736,1,0
63932,Cardiology,2.922583987896604,0.5163622502744528,387.9671776313972,1.3193988371545142,0.2818841068075356,0.06744987122368744,5.983793696304351,1,1
27100,Primary Care,7.978086178112463,0.36054027427765345,369.6574830465261,2.586944250139426,0.1287889468507176,0.16967543014233305,16.938870083389716,1,1
67091,Primary Care,7.848368433908914,0.3331244102637789,189.49955553272105,2.1015954931098375,0.2470315163669637,0.09308730353624083,1.614142041195716,1,0
31949,Mental Health,5.421005135154355,0.7194750157264115,465.98384827058766,3.5765259399718836,0.2667414258717954,0.23808379449447126,10.88347577891548,0,0
80080,Primary Care,1.4736983671378818,0.36829896774954096,94.91700172305295,1.5118354229160467,0.15017821072844806,0.27789780695153166,11.775445443115087,1,1
47744,Primary Care,5.6514574825627175,0.44545069450808583,558.3578889370636,4.758853938414891,0.3200386832275647,0.18853154083956858,11.661871786767165,1,0
55543,Mental Health,1.197728648450204,0.2983133336974515,229.2029034237666,5.531167597175693,0.14874918438025495,0.18178682357479514,10.030644402641858,1,1
46187,Mental Health,0.7202311932679424,0.6507386523499892,120.27605903449475,4.717175869780972,0.17836933996161258,0.24099079908140447,16.02145633062535,0,1
17239,Mental Health,6.672188346661145,0.3782137098293642,293.3015932063304,3.664135187006971,0.2551392117558646,0.051269703243931805,3.5373187006054723,1,0
24489,Primary Care,2.0731471076276105,0.4595277325810272,73.35845009109323,5.303339108944425,0.2595875162826827,0.27943966065879017,6.900963295464959,1,0
68017,Primary Care,3.3427034466432306,0.27735001904176304,426.5444068457315,4.474591898907537,0.2748461852468418,0.09936220427278293,12.698795015458282,1,1
71877,Mental Health,7.800930424821298,0.7913617146388763,546.488030744946,1.0527556122509494,0.12800292826705142,0.29602972095655933,14.128075959091161,1,1
53125,Cardiology,3.0263037639582744,0.30404701864660605,510.4946539261798,2.9704507638725155,0.3123661074821388,0.23406348699011553,8.678820203764069,1,0
59922,Mental Health,2.7236733596248643,0.6395197716338862,120.05321039633459,5.254759497034001,0.23321178307081494,0.24356278692516775,17.63205400321743,1,0
42049,Cardiology,7.3865599971708145,0.3992469552497314,119.44912540925252,2.7292942898763464,0.2178304485262671,0.21405074509340166,8.894374537222372,1,0
47131,Cardiology,1.3306133398921858,0.24435218355889793,497.38896527834527,1.1760758676276175,0.34527440612837734,0.16791579569629006,8.65274655261833,1,1
52944,Mental Health,6.196868075859738,0.6598031347754029,558.3398510317138,4.730898192761361,0.2850945742352549,0.19290692334029136,1.6879379682603142,0,0
83963,Mental Health,7.910491749895805,0.33352475232033024,303.368406408419,5.010191351414343,0.12950150665484372,0.06160072150378142,11.471685387699942,0,0
34285,Mental Health,7.259720080809866,0.7056353431784678,324.4341143025713,1.802968475216543,0.28913479180656015,0.20598987735800356,14.464935931726197,1,0
47626,Primary Care,5.387509390298194,0.7406800294424761,225.04412276214924,3.686702484215906,0.12381223349321738,0.2065245254967617,3.174325106820114,1,0
52808,Cardiology,2.85545596244549,0.7018766847738932,541.8458150410277,1.9597771949786287,0.10686764062824622,0.27280019935045235,6.803222555669546,1,1
98464,Primary Care,2.4074148588373756,0.12450554036476397,404.6965979107958,4.596172095220734,0.20090647381747428,0.17641408935755487,15.843882121874191,0,1
63871,Primary Care,6.644413286535959,0.651161341503574,208.53836744205267,2.357752275887428,0.3483945432048047,0.06928609352151525,7.9524692728579325,1,0
29198,Mental Health,7.098664354637715,0.3879376265494008,214.33057907983837,2.58107561281665,0.14372098404871567,0.1265489801205203,5.590446778760757,1,0
29758,Primary Care,4.440761844092696,0.7116060441275576,540.1600401849813,5.224854268200507,0.2681610858816975,0.21390735302857938,13.771812607737132,0,1
25254,Mental Health,2.3325495558984963,0.5465679838793172,57.49871314820181,3.3816117610345215,0.14334901655152985,0.10981471568786598,4.738416775761457,1,0
54238,Cardiology,1.3470740630838016,0.6835501939007709,227.49961499965113,4.348772256091239,0.28119674373959647,0.12013195546385023,18.01740547208036,1,1
11252,Mental Health,1.1538460087387339,0.44960223890678475,354.89617466900296,3.0118652536123385,0.2263384170594565,0.25511725409021335,3.0063695244966784,1,0
49764,Primary Care,5.893080855153917,0.474517853219253,131.51960415462855,2.490034285968777,0.26999292752234405,0.19607993294067727,14.424446243373712,1,0
87709,Primary Care,3.6508904588579374,0.20107134249356706,100.65431480977438,4.127390302123307,0.15071829397855865,0.17713185794339315,10.491425324441128,1,0
47441,Mental Health,7.290199057084028,0.6487911510825488,498.401982099808,1.7742878703941063,0.2864070831301255,0.12961299170145107,17.52866168554288,0,0
63682,Mental Health,6.0475347554507275,0.39357272816688016,541.9224137566789,2.864999177834315,0.3489047649056767,0.23273200898325835,3.3977067294984957,1,0
69494,Primary Care,1.9344531343594003,0.4500560827901079,502.9835314390042,2.0451851869296114,0.2664126251564899,0.12192960862250733,13.880003451425669,0,1
91317,Cardiology,5.103330641117743,0.6495683998669953,544.3333393555413,4.4789748347037275,0.2233699995182194,0.23426587941104382,11.869038144446247,1,1
75215,Cardiology,3.7662909079861953,0.5191917800556073,354.2115840821043,5.721044191730538,0.3307934971548162,0.0675253700668605,10.121712702560883,0,0
88587,Mental Health,4.829372980764598,0.24076910920986722,496.74196654468807,5.977554840079332,0.10396296055796908,0.2661353353955209,10.336738005220699,1,0
16949,Cardiology,6.0355184250388785,0.513162861405625,261.22345111510526,3.251384052207954,0.28248087982145526,0.17489161584398322,14.717562274172085,1,1
65393,Primary Care,6.546469107528431,0.3853430005857591,416.44732381347114,2.2626519481822225,0.3221866292034532,0.15962700417474252,18.81709144376162,0,1
83553,Mental Health,6.828029948050432,0.42866787943070395,593.8595422640404,3.2141468519216208,0.11541864590523937,0.20275585288548115,2.733781523261914,1,0
16941,Primary Care,2.4048115592901853,0.11981789208186745,174.15024811152009,5.236347049813619,0.21251604260393953,0.2060480182240676,1.3705503045998844,0,0
35934,Primary Care,0.7333669993801826,0.24702054466139714,264.44486046009433,2.030028392760199,0.15117986348749973,0.08300879422249889,16.308391057142867,1,1
33386,Cardiology,6.044710513735799,0.2967266569667198,314.0260575205471,5.760478258264619,0.2416295413969575,0.23905839745405333,3.0552183634644274,1,0
71886,Mental Health,1.2975779469183095,0.5990720055011641,125.90851786102846,2.709328843990755,0.2623857396509151,0.11898207448751573,19.747239125528054,0,1
85745,Mental Health,2.8618969145972573,0.10804473130868072,94.57123575578123,5.929018297251525,0.17565579573218876,0.2762404700424785,12.767616730217908,0,0
93251,Cardiology,0.5286285059326036,0.3861440828603925,506.34757647689344,5.193044437669811,0.21499541741952521,0.25446266585370814,13.366461509828673,1,1
63413,Primary Care,5.61252111801215,0.746818809298013,587.2369050551724,5.042852670736952,0.16983487131913988,0.1365665103836871,4.7789423558223305,0,0
66800,Primary Care,1.7534900860341593,0.1783164315843867,272.5987851063123,2.589523368866418,0.19234779111377842,0.25193482330017863,5.565933895636814,1,0
52318,Primary Care,5.4146180726874364,0.4614970717530278,98.2074099070593,1.0438860597396473,0.1398849891721059,0.13909762482497606,13.527655758885752,1,1
80173,Primary Care,7.938069628758791,0.6505656676735929,86.19646837981706,2.910664544129939,0.32138986089640786,0.07523692040901016,18.28480992074974,1,0
80390,Mental Health,1.0450315370751222,0.7597719152640817,540.2250134981643,2.5090468483134685,0.10250260263978411,0.290472059681427,19.665420535833768,1,1
62329,Mental Health,1.0780850896359553,0.6227436476736026,305.0978373502239,1.1869849520439866,0.3206022966109471,0.21315050380386003,4.76258798599078,1,1
53088,Cardiology,3.052850695000062,0.6043958840510844,226.01502410931556,3.5268262825296484,0.2429197195874346,0.16402488166564794,3.5482728314860132,1,0
49811,Cardiology,6.997898856885065,0.6785416631370337,312.05369918166974,3.0151565564136833,0.18291446104425435,0.14944333788275993,2.071625797455019,0,0
65479,Mental Health,2.1164740159349886,0.4123408546842806,225.06725208079104,4.1727823387076235,0.2807642813650824,0.13117633356456598,17.497643345065228,0,1
95392,Mental Health,3.202833649477607,0.6640911728324832,318.969676419191,4.105931610970416,0.22693803796566606,0.2953618988572823,6.599582090272906,0,1
97369,Primary Care,1.0137905497023467,0.1055750833218158,522.7560183048653,1.6037331794834007,0.2247771645269016,0.08368681628272685,1.0344286435157817,0,1
29963,Primary Care,6.22366468444167,0.7471927387637635,375.7657540841526,5.884827730633113,0.12753557072974162,0.1287012647301421,5.252543635072148,0,0
65123,Cardiology,3.5622975706958835,0.41031455666202277,432.05957504559643,1.9346571472072345,0.19737900648635215,0.1713744100706659,7.46838052188895,1,0
83477,Mental Health,6.194365497956321,0.48736613150602337,250.56887192888513,3.2263701238235227,0.16026608646418417,0.16949988626357787,19.82873722043702,1,0
24388,Cardiology,7.2770588326009635,0.27841757424041763,456.1782331807853,3.4405877171686745,0.10392397639906992,0.16784162110196088,10.947290283284552,1,0
15569,Mental Health,2.2457236032596657,0.619771582988295,416.63939668365475,5.065313986070601,0.19002490769552832,0.09394595395759546,4.889565004306925,0,1
79836,Primary Care,6.555470227549635,0.15364506453267418,115.75909876363104,1.4961479804732338,0.12245553235640119,0.08623313177737514,7.36154854955557,1,0
46586,Cardiology,0.9432041755868996,0.7108450617827847,364.95356921357154,3.1432213960426587,0.1642075094312963,0.11369189658215502,7.2758460635806905,1,0
22015,Cardiology,7.241355411351855,0.6796817803044399,191.2089229703669,4.14251085118102,0.12312915529577362,0.278631538450514,1.3747891828003342,1,0
55002,Mental Health,5.380764106690605,0.2512420813713365,492.252618298476,2.0757781081202777,0.12523540638909972,0.07826324195862754,3.568478029257171,1,0
16254,Primary Care,7.056700431037637,0.6665270787996836,284.26573965681666,4.137339493830364,0.14975282360379708,0.2393562758433312,14.208732734361012,1,1
27144,Cardiology,0.5014129966743642,0.6504504131430371,597.076290858068,5.6183241877482635,0.34996231112160003,0.23938709828334281,3.2847687448439578,1,1
34214,Primary Care,1.768108027669944,0.5425516184277643,100.87524086643009,5.987590655863375,0.1005460357143122,0.2524426009743156,5.383951255516257,1,0
90719,Cardiology,3.4231954056986904,0.3614641238297813,479.1913245070872,1.1622553839533785,0.2596681590301013,0.2716538722473389,7.664008669681867,0,0
81774,Primary Care,3.3462717753103894,0.2900491279273075,420.53595344818604,2.1779411412233873,0.13531092450663934,0.11575904438473257,15.39696394554358,1,1
16090,Mental Health,2.20047787192633,0.26224851320254505,472.124356824888,2.5515355789584873,0.33015703417769393,0.1061398673172241,12.065618332490857,1,1
21637,Cardiology,3.3620895490040006,0.32302627393452504,219.141387519751,2.9956305022248304,0.12340822333340731,0.16637641663186992,14.090999714782798,0,0
32415,Cardiology,1.4663653400019112,0.7324909104027713,320.62996916032034,2.211285787923837,0.3387657967815591,0.11627229218800904,11.773234182983272,1,1
34071,Primary Care,3.5957084694951953,0.15434854319214691,488.0796858480396,2.017439972776563,0.25273159687086943,0.23357749724577687,13.988256079215512,1,1
68243,Primary Care,6.517657468694481,0.680209893377071,177.89773239147024,5.7727692120875,0.10031701922887257,0.20898489418535843,1.0540009196154765,1,0
51240,Cardiology,4.093025473275134,0.34422305252927654,174.31825823375863,5.5926080138525895,0.3235017994792015,0.26874692201316286,18.68706474305716,0,1
93807,Mental Health,0.6350006670891124,0.4651195772079507,353.0780243122128,1.2349625050155875,0.23042795034172955,0.0706845758717679,3.1074843866213238,1,1
43434,Primary Care,3.6608303118443555,0.6561399435539434,337.95996874142065,2.694065108024241,0.1656674338326211,0.2787708333395187,8.718732823561192,1,0
79724,Primary Care,0.7038126206813312,0.71906358291608,205.24435872711305,3.0257427683920333,0.2918197943789075,0.12333715666752239,15.64972903465224,1,1
85697,Primary Care,7.746825580300986,0.3413469940508529,213.94160778865253,2.195072673329717,0.3316663884717175,0.17267358648174602,9.269383642179054,0,0
38732,Cardiology,1.4559046956715171,0.4232904368925773,202.81483976361102,4.144364484940878,0.22092270578669848,0.15965285898491094,18.9900084816828,1,1
21314,Cardiology,5.8076624474796406,0.39016124537175456,474.3316340991682,4.201903733221205,0.17888836861077773,0.24007791277610596,9.884190021476568,1,0
33954,Cardiology,7.7958224216906435,0.1092757234527374,408.54547605935335,5.252521141642985,0.29723628098373167,0.15508332735796065,17.623848706450755,1,0
67108,Cardiology,6.695292887499289,0.30716002220105965,507.829450875639,4.704346341926089,0.2704463744471136,0.28588828641235237,16.405734153883145,0,1
97044,Mental Health,5.744865313446527,0.4214324636127933,586.510165572712,3.712866634829778,0.3221881209375681,0.2756334706596439,19.63873975317498,1,1
97505,Mental Health,6.795956821255752,0.3877655262163079,310.7903629495925,4.2679338502221,0.27312850319029824,0.2680402879923766,18.60440783426853,1,1
46668,Cardiology,7.8634901994547075,0.6053504592609756,86.68163477299686,2.3699439077150903,0.16088208472488408,0.06781458316205698,18.064352859544694,0,0
33061,Mental Health,5.160083729401472,0.3693625320547723,76.45077072661948,3.9652809498367882,0.33291481243975474,0.26356451538848485,14.900482469869898,1,0
89252,Primary Care,4.693886051219948,0.44256351427946916,212.6157715993905,3.4461362737495964,0.12620893680149783,0.24540886136080264,7.972964798096195,1,0
49749,Primary Care,5.211785828474611,0.40072601449265444,562.899524143848,1.666722336581852,0.16698568752671195,0.07587823675153275,3.0163829527331463,1,0
26907,Primary Care,4.495069150711663,0.6184383042260594,337.7671802339812,2.2127213829148538,0.23004865193097138,0.07685358135905547,14.08425599302341,1,0
28777,Cardiology,5.263168294322891,0.7040806792908738,199.48258384407103,2.45846725360793,0.24143550651772533,0.0752909528793853,19.594427545421333,0,0
61745,Primary Care,3.8738165597941943,0.4723223553052599,269.54173698106075,5.62154783526279,0.10382764665672636,0.05283314830112189,14.80548430930551,1,1
91818,Mental Health,2.138323871624803,0.6526025359366339,379.22730907256897,2.151933196929447,0.295143181455235,0.1871585762986459,18.645858016269376,1,1
33624,Cardiology,1.4018541988375672,0.30775067741389545,409.1223119758132,2.446219514098341,0.19040182960634738,0.29334857285901084,16.28178954615482,1,1
33321,Mental Health,1.0125570164919528,0.47895872711008813,134.65573038059776,2.8467706504471613,0.20160463525053446,0.15967117572494838,4.099178827216896,1,1
20488,Primary Care,2.474868378149001,0.34166096756898073,587.3674220998467,4.318713693126935,0.3023423861092364,0.1851893754718391,5.7348716412344585,0,1
32574,Primary Care,0.8459267325180038,0.38994064790028127,349.6247248405339,1.5911919623607025,0.19482084793188614,0.2919924491924889,7.495446433484657,1,1
15240,Primary Care,4.753780849395392,0.612689705368868,124.62857478575361,5.76972606246888,0.11180621912368871,0.11379555719355768,4.196948442422078,1,0
53221,Cardiology,2.628713352676402,0.717163737632899,541.4993893403735,5.327856100473823,0.14410994261758758,0.26461756314956575,12.051375320787129,1,1
20478,Mental Health,6.684011060652741,0.1850467737614358,91.05113709368584,3.8860803650447506,0.33897579309704556,0.18659761680293402,19.533559958564073,1,1
65645,Cardiology,1.0568065474128983,0.5442474795411664,549.254488247632,4.370189337124784,0.11760134060062855,0.19236912866575268,15.467717835287013,1,1
29262,Cardiology,2.1976362075611444,0.507500665304459,598.1111109589403,1.08330235622108,0.18873280024200406,0.13579346430182088,9.044348232281775,0,0
62796,Primary Care,5.976846103176094,0.18289052742315232,435.23748953607713,2.6947238767422435,0.22579479176283612,0.19039609024172705,1.0855851386254844,0,0
14432,Cardiology,4.991062222876185,0.24832603130807637,473.74597159069435,4.97830115330721,0.22332020683464,0.06828562736957099,6.952244211625396,0,0
74291,Cardiology,0.9836845343687566,0.3177017463128762,235.51656005711752,1.3874148689619294,0.1009899857530357,0.24116089315352807,11.00842646615209,1,1
89104,Primary Care,7.079295928716503,0.21685174957225106,567.8672690036635,2.411569171053601,0.22529068286437257,0.12117194038606792,7.160766603187441,0,0
69399,Cardiology,7.079463221196346,0.2706106377670393,341.3426813596022,3.9264841416715566,0.1959431144943523,0.27190208237348873,3.109663537453331,0,0
89714,Primary Care,2.978060029068304,0.28732055920319527,452.8136456286552,2.2820651384947093,0.34301983386863927,0.1419626736518646,9.412534180375996,1,1
60428,Primary Care,3.053043825121735,0.33497168312734177,558.2592437512037,5.669889870722596,0.13978977099845746,0.08570602762172065,5.811803522348608,0,0
97731,Primary Care,7.917712687626304,0.6245733169608113,586.3489867865296,1.655293154021452,0.18853854918987373,0.22397039359212123,18.275415152768527,1,0
10302,Primary Care,5.196321286948536,0.5003385426954206,508.2623961281709,4.986971789538893,0.20487037127245494,0.09114453617837572,2.933336041519299,1,0
92558,Cardiology,4.484873904260443,0.790372670365981,216.6596288401165,3.5397434595320414,0.19767338427523717,0.2384201288857476,1.9338999457694972,0,0
10055,Primary Care,6.786141376639433,0.3903150788772297,581.6011341036453,4.75165387909978,0.2664577069129656,0.2920280591015291,1.100969213942379,1,0
18717,Primary Care,2.6396775376798733,0.6277055516858475,395.4657421839645,2.553576641557237,0.1538782143869422,0.24488821719881543,7.233324005227497,0,1
38699,Cardiology,3.7188694504726767,0.7100278949635737,561.8533619935779,3.5724480115601938,0.15526788820349796,0.05561231210783117,13.547349925816883,1,1
83686,Cardiology,2.5083250661625063,0.5752849451266294,421.8577641978935,5.284176748615882,0.28230273712521325,0.1999714470131937,14.877861304754061,1,1
77661,Mental Health,6.418706349415485,0.38830531829224724,218.98142901624627,3.334390495615522,0.2250726296695449,0.22385266774243107,9.61197198425274,0,0
54247,Cardiology,4.800120092264135,0.6275162415220271,253.51348827854878,2.798599309551348,0.2037889190143276,0.2563645814490713,14.002244358650067,0,1
26748,Cardiology,5.441188026050529,0.24256699644087942,352.7594774066173,3.68077693126368,0.14230076291931296,0.06400057723475004,7.838366688091906,1,1
14621,Mental Health,2.3923043737955494,0.3292865156260927,484.5081628579351,4.586813765181835,0.14688180572804166,0.17002695698807158,13.688318179745721,0,1
25034,Cardiology,2.1516897603298633,0.4826796785695022,224.89040323718422,3.217816727492514,0.10263790920397514,0.18384271815959857,1.7713237207450947,0,1
15126,Cardiology,4.16280971737204,0.5027865711003039,368.85214137380564,5.694384875711365,0.12285656721542731,0.09228121566104451,8.424306706773079,1,0
15122,Cardiology,6.031743118196201,0.11549903283084062,240.09374646702085,2.4747291202117103,0.23920967367256024,0.1306124524276624,16.026143875030403,1,0
28030,Cardiology,4.439298181401201,0.7615799321292062,498.67317254930896,3.3773180308456023,0.3229682825021024,0.16005543156404128,16.257114578721023,1,1
92838,Mental Health,0.7448425815925146,0.5876390898521731,306.70045157237274,4.784638296707207,0.17179119128263937,0.25830242198945036,14.606826798638197,1,1
94717,Cardiology,7.014136297402166,0.44699262516232374,92.19755476908688,4.445605452478791,0.18193680647403204,0.28235189151755175,4.880533790827424,1,0
65658,Cardiology,0.9851517013634867,0.7531890640858159,141.32888681484502,5.3182052620857805,0.12890140265287806,0.20710570722941823,5.696897259682031,0,1
48638,Mental Health,7.668683627905642,0.40736689567557993,83.60756719079777,5.984045903405544,0.1971577364017757,0.14873629650536552,19.925685818025734,1,0
77067,Primary Care,0.6885646870795454,0.7863048991892603,324.61662030787886,3.134291643975448,0.1093054261423323,0.11350775444974649,2.9641821368372376,1,0
98869,Mental Health,5.708378420980316,0.4585993300704396,108.48551354152494,1.5557543989165592,0.32940017406547506,0.2955337961090376,4.432591279145778,1,0
44674,Primary Care,1.1165529778383625,0.18000003899858563,112.77698312029766,1.1520794040398399,0.26827783703113217,0.2957549995190896,3.4704988573525193,1,0
45854,Mental Health,7.330074345763546,0.6353606807214941,567.5765430211073,4.634384530698858,0.3476872023483047,0.2812442370587587,7.225444309988696,0,0
56271,Mental Health,3.983249271691571,0.5752284075544885,529.9602896968305,5.3700683565435785,0.3207057906696234,0.2464172874694548,4.993340869444544,0,0
83688,Cardiology,1.5314283111276155,0.6410907049139107,298.6476282462513,2.1035629297220932,0.21824764842453814,0.13144488593640458,10.45607123140767,1,0
48518,Primary Care,3.0561177484238495,0.7660094201079768,592.1929264676132,1.7922401859495298,0.2299212577875942,0.2542501208744077,10.044393430722277,1,1
20267,Cardiology,1.7361850651007154,0.6435425118557128,50.10259049386471,1.311025457628455,0.14764401162929847,0.15219825431779316,18.12860676957476,1,1
11062,Primary Care,1.779364336678175,0.5279356215516529,387.6887009503666,5.113514608586032,0.2155098357098889,0.13169327453876128,1.6600590014508483,0,0
60448,Mental Health,7.610812401285816,0.7001162316525886,389.03549755452855,2.5569096994629215,0.3257569683732029,0.2362163396165699,7.077711956687503,1,0
16229,Mental Health,3.839345842135911,0.5712725075481722,301.59368072843847,3.0084844637988826,0.11271335590895529,0.06991348190510573,12.336499947944713,1,0
66793,Primary Care,6.416016979290196,0.3856833397781462,268.3213851138611,3.5137509580480617,0.3158892007495774,0.062140680823915426,12.491233475035314,1,0
57915,Cardiology,5.297041708832614,0.7199338349692413,300.4607245143342,5.197266171047754,0.1852369504106524,0.16198842429529642,10.122398351269975,1,0
14632,Cardiology,5.573197717537942,0.255330322549061,278.22823984382427,4.254166107807425,0.32487819127407747,0.16140970020554046,16.497645275478042,1,1
13596,Cardiology,1.4877007885402889,0.600248892436107,451.77086261526466,4.075323149289057,0.33521997658537117,0.27391103826595875,2.1917212568747173,0,0
16168,Cardiology,2.2563833511161424,0.71709441845853,124.44548923530624,1.8783604997795535,0.2677162217504765,0.0815382740719542,16.494267546022584,1,1
17561,Mental Health,6.400627513658277,0.6119215637923074,158.70157132512156,3.5659494585491487,0.26610594664816944,0.0808209818631032,10.400330568278369,1,0
83794,Mental Health,7.780746548560872,0.5880927933376999,149.28502561583298,4.5769050858932765,0.21318858442718502,0.0868631501187253,3.541453206463041,0,0
92152,Mental Health,2.470067319489888,0.6268468058502853,194.3588218166955,5.866304415152459,0.30888505613592687,0.057434065323650654,17.828336357269077,0,1
36734,Mental Health,2.536765735632799,0.4255386738104511,338.89213032987084,2.007031546066761,0.3404031896083208,0.0679329344537271,13.335346811278306,1,1
16371,Mental Health,4.046728496081786,0.7119194775099182,111.1648110360203,1.0477167653361332,0.29377045008477976,0.21496746670725975,4.107368049658646,1,0
36069,Cardiology,7.8788023464157835,0.24240553259526385,527.4931124295772,1.3765071679923486,0.2554841834391773,0.1578960822793773,1.6393447445815057,1,0
89905,Cardiology,2.517192093698533,0.18917049120023752,213.54884221965978,2.879262325909896,0.25169822395533414,0.2409007667720034,3.6810833183203364,0,0
22910,Cardiology,3.5522893222569794,0.2998561460829581,139.39589310778933,5.1027232387299355,0.3123674753959156,0.2981494296454151,12.567161243427478,1,1
83479,Cardiology,7.1861001171763,0.47210417774249525,421.59172027903384,1.0357104088412252,0.23530094144282457,0.21475867027475032,4.40662846994092,1,0
87735,Mental Health,0.5219077446602151,0.45739325678653675,70.9474653296256,3.2836529644292014,0.30096497156220564,0.06261389265503094,5.289498422625535,1,0
91264,Mental Health,0.7982447374142716,0.6744191303736107,390.9827106807903,2.6461530767069728,0.22722131379356142,0.07614071618858538,1.4776547893699694,1,0
33275,Mental Health,5.030537578034144,0.38319805948281216,434.00913687207486,1.262408550498638,0.11561106874348104,0.27025102120367694,14.735682772533469,1,1
82274,Primary Care,7.305351235346352,0.43904109840405614,168.20409226269555,3.2511814333630866,0.19598675222603879,0.1818739861395654,16.396923595429307,1,0
91449,Cardiology,2.2914249530144577,0.10935737828157695,73.08024039399885,2.273743536683594,0.21111023941787466,0.256209289848935,16.14011535867034,1,1
70004,Cardiology,4.022313310105318,0.38681746551005736,250.0049474056973,2.7594241717350325,0.1354043112466543,0.2641530840562315,3.4237948759214003,1,0
72981,Mental Health,3.878489762433637,0.5534419630652395,104.22682663306506,4.528076523921465,0.1256240822973032,0.2819186353748798,18.16272142038643,1,0
94659,Cardiology,4.047285095716326,0.11085583143861454,114.0628173203354,3.6077549195548357,0.2338662374142385,0.2874573013715914,13.77329776000752,1,1
64553,Cardiology,5.168897717973089,0.29661737563037066,189.8436772946755,1.6232371449640666,0.12128590913902054,0.18870644912582657,18.053043825160426,1,1
58447,Mental Health,4.0230782224301285,0.24556945150257298,212.50735854471762,5.807072702118195,0.175736291972521,0.13525504306400848,9.496049586082608,1,0
44529,Primary Care,3.856011059918434,0.12938980023671176,341.4836875617813,4.179553828548691,0.28614924399076896,0.29046621858699967,9.302142360590256,1,0
85703,Primary Care,4.057163153234454,0.43548206294017633,423.1155370266572,4.829342128312658,0.3411080448919952,0.18685160150030633,15.90619385501301,1,1
86090,Primary Care,4.931505809532811,0.22720630525970956,376.02401747860165,1.396065750041854,0.2794676451379821,0.06606318073865276,2.772659254058127,1,0
27260,Mental Health,4.527556162635188,0.6201570777419662,131.59818550923424,1.2352918973000944,0.3481563871132175,0.21069413751496624,10.896606696062829,1,0
13812,Cardiology,6.9060199823787825,0.693549518634344,144.64731784894454,1.0972402518404059,0.27458449281985065,0.1969211875987527,16.891300476993287,1,0
38024,Mental Health,0.8712264012024996,0.4819096278684035,533.323087386103,1.9439701388672224,0.17344861766358188,0.2739482182236765,16.773658698321853,1,1
68656,Mental Health,6.749878036047594,0.7871951397647992,357.0937732852625,3.072041988592476,0.26801313512634045,0.2132967972894531,19.16652427050501,0,1
37285,Cardiology,6.82943459458793,0.4153350000294168,528.4658080937289,5.679130667014114,0.27553919129922594,0.13726310611538783,14.267179277080384,1,1
11605,Primary Care,2.6368101614822064,0.45935774715744093,254.3505812259309,3.2852982963288815,0.19293174615411512,0.2915564314264551,4.947641959354838,0,0
81158,Primary Care,3.9713896626188796,0.7924524277704251,387.9200040872281,2.451275526862647,0.10442846265234726,0.2504048714955084,1.3853259829970357,0,0
82303,Mental Health,3.789038664030766,0.2620839051755342,338.0148788300359,3.8096762675983165,0.2757999461938717,0.20760440459533858,10.108900173914936,1,0
37139,Primary Care,2.1388237576559774,0.7597821577738337,225.5179194012544,1.559672890673946,0.10542502381888541,0.12323130085078073,10.760373446828556,0,1
87149,Mental Health,3.4759763531473733,0.1299862885833793,308.45345461847745,4.047529455024916,0.25779701951501777,0.14338507407857387,5.564989105479698,1,0
66138,Mental Health,0.8329082912814083,0.41247082318423633,326.3699822548126,3.8421597716525167,0.14090412218563877,0.21749248102416419,3.3692514953484607,0,1
86125,Cardiology,2.583665545863008,0.14900245849314606,160.42403611617323,4.959965167028549,0.2414008819370108,0.06799520461583043,12.13795515761967,0,1
23918,Cardiology,6.625116315880385,0.6104643200395501,223.25570480720236,5.9334380580851205,0.22597825634514998,0.11417014791256587,15.520857806458684,1,0
95655,Cardiology,2.6342172632217316,0.5258862551160125,485.27536277883655,2.2543673585805526,0.10337841057654565,0.2284752333491495,19.86992796821305,1,1
37446,Mental Health,6.636550015611856,0.5946439844273175,553.6835316997699,3.5482822540188033,0.19071645424877587,0.17000462746115524,15.407749726999851,1,0
23046,Cardiology,4.486995984533231,0.3621362799776119,247.8867514499147,5.544327031595018,0.2502727918490757,0.15059839120360752,16.07901587085604,1,0
34818,Primary Care,7.0989700802087,0.35863735382196626,218.83475521495998,4.925949422114207,0.3121516379746949,0.08786440560010363,12.712756686347152,0,0
14324,Primary Care,4.810846656983114,0.13172349527262622,157.3584405145354,3.437031515504038,0.3221605284591293,0.16046225861943314,19.732530520430338,1,1
86323,Mental Health,0.7225116729855486,0.3449614576707479,423.1701427578197,5.726858248073889,0.2209624925083058,0.2426729926900585,13.159171317176838,1,1
19111,Mental Health,5.565651556603169,0.7505018815834417,227.7048359164855,1.286183467584047,0.28210562182485954,0.11600321151797326,17.34481244159438,1,0
48110,Cardiology,0.8364017601767649,0.36545857602631426,593.2622465045537,5.65499309856292,0.1791136441333644,0.051349635545919356,18.96990827857816,1,1
26389,Mental Health,3.8794776423735047,0.681957394355379,229.12664113517428,1.2525369619140327,0.18554660143966434,0.21712622528774572,18.667311509510657,1,1
51427,Mental Health,7.4707002085483545,0.6896278533249539,266.7748257304455,3.7365237205734214,0.14861587979557844,0.29315665110813816,8.246891531883774,1,0
89579,Primary Care,1.7390295450338762,0.3612688094654637,381.83380791661915,5.4522047400054285,0.2404870274983098,0.20170664089714574,2.4945791079709143,1,1
38746,Primary Care,3.424042647061581,0.5423920762773324,490.9263612552177,2.313604717806514,0.1786410377318413,0.07998046473178254,4.265600348245689,1,0
97886,Cardiology,5.973952316363588,0.16676012159114106,308.23526594009854,3.3612424947257926,0.12109272410962627,0.13018327308616828,2.125242802535542,1,0
10117,Mental Health,7.116939170711357,0.17257500651399355,282.4608185839271,2.621644395684833,0.2712515216657947,0.26691040368005586,3.0025417617536605,0,0
94471,Mental Health,5.532072535568809,0.13406036456319934,597.6008084771446,5.760719585381757,0.2769383019013495,0.10814201856420715,4.508373671980255,1,1
23234,Primary Care,2.4362994064337693,0.5067105653625766,55.77150262696944,5.118227973765454,0.18999810469476447,0.20192397587440203,7.480792015160633,1,0
63441,Mental Health,5.559558896871621,0.3982496843382679,542.2859088681852,4.545007556631898,0.1191808498640057,0.15066780206349945,11.32725328492644,1,0
10846,Primary Care,2.7254573082806752,0.48362264966496815,132.02745426685559,3.9381349330755437,0.20657442935085646,0.10196093035491226,14.521959127746634,1,1
20954,Cardiology,5.888219223640514,0.46475123335587154,482.25890191490237,5.10295894662074,0.21058386451255384,0.2533517233911699,5.007619386023727,0,0
89239,Primary Care,7.655248456887804,0.34514209376351124,389.8623579154639,2.9613352076177355,0.2671677212244732,0.23570781911642258,13.777925680524648,1,1
56514,Mental Health,5.9104508832971625,0.5742313903764311,238.01600702395064,3.2377592755303093,0.17885409781467088,0.21539776648981634,14.380922415545973,1,0
98236,Cardiology,6.9716037718430925,0.6309513166414735,530.6312255365601,4.650008605404308,0.27064981994532633,0.1090841475671878,11.613824400457599,0,1
16469,Primary Care,0.5157788238191257,0.110239781214373,57.098975389545586,2.7887738164685714,0.31787213543934706,0.07446425067911251,18.1687395261755,1,1
40105,Primary Care,5.881790935486958,0.24506960983821482,174.679858641208,1.319504710241869,0.15937151059054996,0.19403983245649153,3.1089014645144024,1,0
52101,Cardiology,6.721906676489377,0.5992651076583358,361.7910379372448,1.3716730444303573,0.3447298890299749,0.18841945838485835,4.3653076944459706,1,0
74323,Cardiology,0.8041905315851107,0.37063412084368397,243.34824302733392,1.5768140065285192,0.19659203428420174,0.09709625233371826,9.144631663400212,1,0
68067,Primary Care,7.036982954661729,0.5637387628591257,385.7076224250802,5.3484066167183135,0.16681467128676541,0.06406167357879312,3.4075419694505387,1,0
59376,Mental Health,2.425206712325344,0.3428738618141909,63.26060637476675,3.361132128781022,0.20537779562757263,0.0701771135484965,11.759626730757661,0,0
55587,Primary Care,5.489690764835414,0.37352860663074594,114.05241176494188,4.564411846723683,0.1235993689759648,0.29819274662818346,8.569608865579063,1,0
46976,Cardiology,6.502661592675549,0.21107521158277948,119.90293212014159,2.9645466780244663,0.13142647662802892,0.24589597368572091,6.40732009618245,1,0
77584,Primary Care,5.469983847945166,0.28076171376631204,154.1060052538052,2.2935547370781726,0.20360851174208283,0.28049686899129317,4.229806447335108,0,0
88477,Cardiology,1.1921359405494294,0.5237882302553111,302.63229244029856,2.7359608378110596,0.290611130484775,0.09876368055909084,7.371426528615996,1,1
52533,Cardiology,4.972411391452763,0.40321417792061653,463.67078474896414,4.970911726585918,0.3250780598936227,0.29014213408085876,12.551227665814498,1,1
11828,Mental Health,4.621877425416077,0.6420118780612166,548.0463608608957,4.126080625157191,0.26620449767906773,0.08566358786829052,11.93991900689882,1,1
11917,Cardiology,7.252409510557036,0.69680946845684,509.45489165633535,5.68819889978951,0.12630488880954244,0.17727045714161777,4.108856003994442,1,0
30618,Cardiology,3.5317979723315687,0.4791524927517319,158.28832947662596,4.39852389288417,0.26800494054513374,0.257423921104266,3.3734764040720346,1,0
42254,Mental Health,2.908108228152876,0.6307871044392415,292.6328037268478,3.8509081587734695,0.258856980175743,0.13745083862789487,1.506858489568578,1,0
57362,Cardiology,6.123880733273497,0.31483315923619903,159.67637876719425,4.050980044929172,0.3014409795733328,0.15620713329422514,1.2360862820847132,1,0
30128,Mental Health,3.5950649456254746,0.39047985078005476,195.4594991669549,5.7118571973420735,0.30631216666304517,0.08204627757477446,17.71639827867402,0,1
69383,Mental Health,5.345721312537973,0.5989443733517817,326.9508398315374,4.9410046493335305,0.3170507689447447,0.08073046999974319,1.8566882641024085,1,0
75545,Cardiology,5.348375675934553,0.3703483949719215,87.45996359793739,1.120206186832189,0.2035328786447746,0.20489205619466488,14.89320108759168,1,0
92180,Cardiology,7.160292982700883,0.5119534546112923,169.99588127630028,3.670698480678486,0.2744660988380361,0.21888309215501417,17.567716828654184,1,1
97958,Primary Care,4.9901930173932305,0.22976094535775807,564.4579887189145,4.4416920577328245,0.1670625897305777,0.24433312852054834,2.863099122686694,1,0
19865,Mental Health,4.266152074714902,0.5198399204793486,306.36396096216896,4.743492392195775,0.3498340699958761,0.18917051317043837,9.289727052827335,1,0
12219,Primary Care,1.5415349479738776,0.7030595950588255,294.9625892878297,2.0657105965696836,0.143833560344215,0.2114398230653265,19.283756680311257,1,1
49809,Cardiology,1.3680320500902903,0.708047747876398,58.01193511320339,5.335886772256761,0.10252860791520896,0.05337931792493002,16.848634549948116,0,1
15287,Primary Care,1.6574117396230954,0.6070410844306778,186.06986088209018,5.779215735875819,0.137202178629544,0.09054268178429702,10.304376605299247,1,1
44387,Mental Health,1.788863609953209,0.6220273653532883,526.4608397901998,2.1835765292243488,0.2939680723860316,0.29622869150422615,15.488851143039504,0,1
18512,Primary Care,5.284078194977254,0.4905492116054905,140.5456355422678,5.413077287586229,0.21169591912705288,0.06899837657895795,16.834174864201614,1,0
11342,Mental Health,6.057359377059338,0.5092676631160774,278.3187167440966,1.484893812580477,0.21187506195260708,0.21969705556506125,7.612512300585666,1,0
73076,Cardiology,4.47493642194814,0.19355540698736262,57.88199822685069,1.278534180576226,0.33875572990291714,0.09402065825792906,17.950905420529256,1,0
29216,Cardiology,6.717632994091183,0.4107014318949108,313.0845149188057,1.646119000513747,0.32990872700701857,0.22917964644191047,9.938993073865978,0,0
89767,Mental Health,7.934474200502249,0.41554339872045476,61.56160869941944,1.28870539733518,0.17779868445100228,0.22649760074049835,11.028339907617768,1,0
36614,Cardiology,6.65009471839517,0.7709484849674182,500.78525418618995,5.22506118577888,0.15226453219521655,0.10854976494702255,19.994445118614788,0,1
46258,Cardiology,5.711617802569694,0.40176080383630264,503.66957211790697,1.2952507222913598,0.3121205524834349,0.11740859980480105,17.022756356891065,0,1
52078,Cardiology,4.4936952457786,0.48453985143193035,483.25820356630345,2.3583209568182775,0.3265047677610908,0.21369267840052208,7.87363010968662,1,1
93524,Cardiology,3.8663980375603115,0.4732759794953718,205.850237890115,1.518781717679282,0.2353992306996217,0.1475215096950534,1.196566332981299,1,0
22219,Mental Health,1.1329428540840676,0.545733201931029,510.48047002199996,2.4771101815688246,0.2573559277792751,0.09863699242497782,12.897307402084,0,1
10235,Primary Care,3.495265612960182,0.6237629819323272,348.6489729328981,1.4527973380046024,0.16422857117307332,0.23291989969687044,14.374355096434048,0,0
52929,Primary Care,7.326009775866007,0.2575293133196105,255.59445987685135,4.340016253715071,0.30020067199463113,0.08853688108408354,13.365251112724213,1,0
77444,Cardiology,6.560169724299147,0.470107093368905,393.93147783732815,1.6666340817128757,0.2580306071122558,0.2639109160362367,19.38938467210105,1,1
18567,Primary Care,2.120385237587654,0.6781423951212213,56.7875753332057,5.259229629194439,0.22587837782449913,0.17866738101295687,17.396449519310742,0,1
80792,Primary Care,3.999558385229119,0.42418029968625803,128.6284826804137,5.085955253633205,0.11502713901959896,0.07642515096982518,9.527802170432322,1,0
75441,Cardiology,6.625424019189085,0.29492028246150115,458.26144599364454,1.0683084273530472,0.3289837406277884,0.2235180833827461,2.1942922619752383,1,0
94555,Cardiology,1.005384160891419,0.5582963527494094,184.28888479388414,5.478631777575573,0.2538628550961015,0.17979075989363513,10.045116620537941,1,1
83698,Primary Care,3.4054443925149447,0.6766371770593861,378.9050145308123,1.1447215837168354,0.148172773673242,0.12451439294870238,14.095636379278439,1,1
15415,Mental Health,6.888809276554607,0.14419820504917394,261.8064315526663,2.198228924787783,0.25159652924576315,0.1556348450559637,12.546486356313087,0,0
46159,Cardiology,3.529233981275928,0.643753338385059,520.1431783395938,1.1619456888799753,0.2693658385599933,0.12458443589687469,11.224604286506812,1,0
53925,Mental Health,1.0821098354858065,0.6751535530732399,573.828418298154,2.67921743519658,0.23144258417080635,0.11575645893569601,9.907560202289584,1,1
15951,Primary Care,4.569007763991886,0.42306604931202485,535.9606006036047,3.5693326285663582,0.2795254344890056,0.09090210521092805,6.58147558752034,1,0
97388,Cardiology,6.963068711887215,0.7883139597729272,198.84099708147815,4.983224345075691,0.24536348698215604,0.140691783284369,6.269588472767955,1,0
18007,Mental Health,4.927141572148698,0.6506958384951164,156.78957797534525,2.6899077523491806,0.33694239550803706,0.11274680157901769,10.504398099590237,1,0
51832,Cardiology,2.1970933116067384,0.6415637954269661,310.93919149140424,4.5274501233655835,0.11342426964982671,0.22085862176347926,4.051459782163331,0,1
68596,Primary Care,3.38179715103036,0.6234870020884503,54.03378295989915,1.9375222855949017,0.12656142711739013,0.2209691852908266,7.47302304792123,0,0
40523,Mental Health,3.8759252088644915,0.20542567225279182,64.19516607474995,4.752992283720632,0.14341790923858497,0.17546006063890962,7.155606219491892,0,0
